USE [Tienda_Total_Sport];
GO

PRINT 'Insertando Almacenes...';
SET IDENTITY_INSERT [dbo].[Almacen] ON;
INSERT INTO [dbo].[Almacen] (id_almacen, nombre, direccion) VALUES (1, 'Almacén Central - Lima', 'Av. Javier Prado Este 1234, San Isidro, Lima');
INSERT INTO [dbo].[Almacen] (id_almacen, nombre, direccion) VALUES (2, 'Almacén Norte - Trujillo', 'Av. Larco 456, Trujillo');
INSERT INTO [dbo].[Almacen] (id_almacen, nombre, direccion) VALUES (3, 'Almacén Sur - Arequipa', 'Calle Mercaderes 789, Arequipa');
SET IDENTITY_INSERT [dbo].[Almacen] OFF;
GO

PRINT 'Insertando Marcas...';
SET IDENTITY_INSERT [dbo].[Marca] ON;
INSERT INTO [dbo].[Marca] (id_marca, nombre) VALUES (1, 'Nike');
INSERT INTO [dbo].[Marca] (id_marca, nombre) VALUES (2, 'Adidas');
INSERT INTO [dbo].[Marca] (id_marca, nombre) VALUES (3, 'Puma');
INSERT INTO [dbo].[Marca] (id_marca, nombre) VALUES (4, 'Under Armour');
INSERT INTO [dbo].[Marca] (id_marca, nombre) VALUES (5, 'Reebok');
INSERT INTO [dbo].[Marca] (id_marca, nombre) VALUES (6, 'Asics');
SET IDENTITY_INSERT [dbo].[Marca] OFF;
GO

PRINT 'Insertando Categorías...';
SET IDENTITY_INSERT [dbo].[Categoria] ON;
INSERT INTO [dbo].[Categoria] (id_categoria, nombre, tipo_talla) VALUES (1, 'Zapatillas', 'Numérico');
INSERT INTO [dbo].[Categoria] (id_categoria, nombre, tipo_talla) VALUES (2, 'Camisetas', 'Letra');
INSERT INTO [dbo].[Categoria] (id_categoria, nombre, tipo_talla) VALUES (3, 'Pantalones', 'Letra');
INSERT INTO [dbo].[Categoria] (id_categoria, nombre, tipo_talla) VALUES (4, 'Shorts', 'Letra');
INSERT INTO [dbo].[Categoria] (id_categoria, nombre, tipo_talla) VALUES (5, 'Casacas', 'Letra');
INSERT INTO [dbo].[Categoria] (id_categoria, nombre, tipo_talla) VALUES (6, 'Accesorios', 'Única');
SET IDENTITY_INSERT [dbo].[Categoria] OFF;
GO

PRINT 'Insertando Productos...';
SET IDENTITY_INSERT [dbo].[Producto] ON;
INSERT INTO [dbo].[Producto] (id_producto, id_marca, id_categoria, nombre, descripcion, genero, precio_base) VALUES (1, 1, 6, 'Accesorios Nike Medias Cushion (Pack 3) Essential', 'Excelente accesorios nike medias cushion (pack 3) essential diseñado para maximizar el rendimiento deportivo y garantizar la comodidad durante entrenamientos intensos.', 'Unisex', 40.71);
INSERT INTO [dbo].[Producto] (id_producto, id_marca, id_categoria, nombre, descripcion, genero, precio_base) VALUES (2, 6, 2, 'Camiseta Asics Camiseta Dry-Fit Comfort', 'Excelente camiseta asics camiseta dry-fit comfort diseñado para maximizar el rendimiento deportivo y garantizar la comodidad durante entrenamientos intensos.', 'Unisex', 24.13);
INSERT INTO [dbo].[Producto] (id_producto, id_marca, id_categoria, nombre, descripcion, genero, precio_base) VALUES (3, 1, 4, 'Short Nike Short Pro Training', 'Excelente short nike short pro training diseñado para maximizar el rendimiento deportivo y garantizar la comodidad durante entrenamientos intensos.', 'Hombre', 39.43);
INSERT INTO [dbo].[Producto] (id_producto, id_marca, id_categoria, nombre, descripcion, genero, precio_base) VALUES (4, 1, 5, 'Casaca Nike Casaca Fleece Hooded Comfort', 'Excelente casaca nike casaca fleece hooded comfort diseñado para maximizar el rendimiento deportivo y garantizar la comodidad durante entrenamientos intensos.', 'Hombre', 59.05);
INSERT INTO [dbo].[Producto] (id_producto, id_marca, id_categoria, nombre, descripcion, genero, precio_base) VALUES (5, 5, 4, 'Short Reebok Short Run Run', 'Excelente short reebok short run run diseñado para maximizar el rendimiento deportivo y garantizar la comodidad durante entrenamientos intensos.', 'Hombre', 88.3);
INSERT INTO [dbo].[Producto] (id_producto, id_marca, id_categoria, nombre, descripcion, genero, precio_base) VALUES (6, 3, 3, 'Pantalone Puma Jogger Sportswear Classic', 'Excelente pantalone puma jogger sportswear classic diseñado para maximizar el rendimiento deportivo y garantizar la comodidad durante entrenamientos intensos.', 'Hombre', 25.73);
INSERT INTO [dbo].[Producto] (id_producto, id_marca, id_categoria, nombre, descripcion, genero, precio_base) VALUES (7, 1, 4, 'Short Nike Short Run Retro', 'Excelente short nike short run retro diseñado para maximizar el rendimiento deportivo y garantizar la comodidad durante entrenamientos intensos.', 'Mujer', 42.77);
INSERT INTO [dbo].[Producto] (id_producto, id_marca, id_categoria, nombre, descripcion, genero, precio_base) VALUES (8, 6, 1, 'Zapatilla Asics Project Rock Elite', 'Excelente zapatilla asics project rock elite diseñado para maximizar el rendimiento deportivo y garantizar la comodidad durante entrenamientos intensos.', 'Unisex', 341.93);
INSERT INTO [dbo].[Producto] (id_producto, id_marca, id_categoria, nombre, descripcion, genero, precio_base) VALUES (9, 1, 4, 'Short Nike Short Mesh Retro', 'Excelente short nike short mesh retro diseñado para maximizar el rendimiento deportivo y garantizar la comodidad durante entrenamientos intensos.', 'Mujer', 107.97);
INSERT INTO [dbo].[Producto] (id_producto, id_marca, id_categoria, nombre, descripcion, genero, precio_base) VALUES (10, 5, 3, 'Pantalone Reebok Jogger Sportswear Elite', 'Excelente pantalone reebok jogger sportswear elite diseñado para maximizar el rendimiento deportivo y garantizar la comodidad durante entrenamientos intensos.', 'Unisex', 19.81);
INSERT INTO [dbo].[Producto] (id_producto, id_marca, id_categoria, nombre, descripcion, genero, precio_base) VALUES (11, 3, 2, 'Camiseta Puma Camiseta Dry-Fit Elite', 'Excelente camiseta puma camiseta dry-fit elite diseñado para maximizar el rendimiento deportivo y garantizar la comodidad durante entrenamientos intensos.', 'Hombre', 54.91);
INSERT INTO [dbo].[Producto] (id_producto, id_marca, id_categoria, nombre, descripcion, genero, precio_base) VALUES (12, 6, 4, 'Short Asics Short Run Classic', 'Excelente short asics short run classic diseñado para maximizar el rendimiento deportivo y garantizar la comodidad durante entrenamientos intensos.', 'Hombre', 52.3);
INSERT INTO [dbo].[Producto] (id_producto, id_marca, id_categoria, nombre, descripcion, genero, precio_base) VALUES (13, 3, 6, 'Accesorios Puma Medias Cushion (Pack 3) Run', 'Excelente accesorios puma medias cushion (pack 3) run diseñado para maximizar el rendimiento deportivo y garantizar la comodidad durante entrenamientos intensos.', 'Unisex', 71.08);
INSERT INTO [dbo].[Producto] (id_producto, id_marca, id_categoria, nombre, descripcion, genero, precio_base) VALUES (14, 2, 2, 'Camiseta Adidas Polo Tech Essential', 'Excelente camiseta adidas polo tech essential diseñado para maximizar el rendimiento deportivo y garantizar la comodidad durante entrenamientos intensos.', 'Mujer', 118.9);
INSERT INTO [dbo].[Producto] (id_producto, id_marca, id_categoria, nombre, descripcion, genero, precio_base) VALUES (15, 6, 6, 'Accesorios Asics Cangurera Sport Classic', 'Excelente accesorios asics cangurera sport classic diseñado para maximizar el rendimiento deportivo y garantizar la comodidad durante entrenamientos intensos.', 'Hombre', 103.5);
INSERT INTO [dbo].[Producto] (id_producto, id_marca, id_categoria, nombre, descripcion, genero, precio_base) VALUES (16, 2, 1, 'Zapatilla Adidas Air Max V2', 'Excelente zapatilla adidas air max v2 diseñado para maximizar el rendimiento deportivo y garantizar la comodidad durante entrenamientos intensos.', 'Mujer', 130.32);
INSERT INTO [dbo].[Producto] (id_producto, id_marca, id_categoria, nombre, descripcion, genero, precio_base) VALUES (17, 5, 2, 'Camiseta Reebok Polo Classic Sport Training', 'Excelente camiseta reebok polo classic sport training diseñado para maximizar el rendimiento deportivo y garantizar la comodidad durante entrenamientos intensos.', 'Mujer', 83.82);
INSERT INTO [dbo].[Producto] (id_producto, id_marca, id_categoria, nombre, descripcion, genero, precio_base) VALUES (18, 6, 4, 'Short Asics Short Training Essential', 'Excelente short asics short training essential diseñado para maximizar el rendimiento deportivo y garantizar la comodidad durante entrenamientos intensos.', 'Hombre', 29.66);
INSERT INTO [dbo].[Producto] (id_producto, id_marca, id_categoria, nombre, descripcion, genero, precio_base) VALUES (19, 5, 6, 'Accesorios Reebok Cangurera Sport Retro', 'Excelente accesorios reebok cangurera sport retro diseñado para maximizar el rendimiento deportivo y garantizar la comodidad durante entrenamientos intensos.', 'Mujer', 59.99);
INSERT INTO [dbo].[Producto] (id_producto, id_marca, id_categoria, nombre, descripcion, genero, precio_base) VALUES (20, 4, 5, 'Casaca Under Armour Casaca Windbreaker Run', 'Excelente casaca under armour casaca windbreaker run diseñado para maximizar el rendimiento deportivo y garantizar la comodidad durante entrenamientos intensos.', 'Hombre', 68.5);
INSERT INTO [dbo].[Producto] (id_producto, id_marca, id_categoria, nombre, descripcion, genero, precio_base) VALUES (21, 1, 1, 'Zapatilla Nike Pegasus Run', 'Excelente zapatilla nike pegasus run diseñado para maximizar el rendimiento deportivo y garantizar la comodidad durante entrenamientos intensos.', 'Hombre', 287.62);
INSERT INTO [dbo].[Producto] (id_producto, id_marca, id_categoria, nombre, descripcion, genero, precio_base) VALUES (22, 5, 4, 'Short Reebok Short Pro V2', 'Excelente short reebok short pro v2 diseñado para maximizar el rendimiento deportivo y garantizar la comodidad durante entrenamientos intensos.', 'Mujer', 77.57);
INSERT INTO [dbo].[Producto] (id_producto, id_marca, id_categoria, nombre, descripcion, genero, precio_base) VALUES (23, 5, 4, 'Short Reebok Short Run Pro', 'Excelente short reebok short run pro diseñado para maximizar el rendimiento deportivo y garantizar la comodidad durante entrenamientos intensos.', 'Unisex', 86.43);
INSERT INTO [dbo].[Producto] (id_producto, id_marca, id_categoria, nombre, descripcion, genero, precio_base) VALUES (24, 6, 1, 'Zapatilla Asics Nano X Classic', 'Excelente zapatilla asics nano x classic diseñado para maximizar el rendimiento deportivo y garantizar la comodidad durante entrenamientos intensos.', 'Mujer', 83.47);
INSERT INTO [dbo].[Producto] (id_producto, id_marca, id_categoria, nombre, descripcion, genero, precio_base) VALUES (25, 2, 4, 'Short Adidas Short Training Essential', 'Excelente short adidas short training essential diseñado para maximizar el rendimiento deportivo y garantizar la comodidad durante entrenamientos intensos.', 'Hombre', 117.05);
INSERT INTO [dbo].[Producto] (id_producto, id_marca, id_categoria, nombre, descripcion, genero, precio_base) VALUES (26, 5, 2, 'Camiseta Reebok Camiseta Dry-Fit Essential', 'Excelente camiseta reebok camiseta dry-fit essential diseñado para maximizar el rendimiento deportivo y garantizar la comodidad durante entrenamientos intensos.', 'Unisex', 103.38);
INSERT INTO [dbo].[Producto] (id_producto, id_marca, id_categoria, nombre, descripcion, genero, precio_base) VALUES (27, 5, 5, 'Casaca Reebok Casaca Terrex Classic', 'Excelente casaca reebok casaca terrex classic diseñado para maximizar el rendimiento deportivo y garantizar la comodidad durante entrenamientos intensos.', 'Hombre', 95.06);
INSERT INTO [dbo].[Producto] (id_producto, id_marca, id_categoria, nombre, descripcion, genero, precio_base) VALUES (28, 5, 5, 'Casaca Reebok Casaca Windrunner Classic', 'Excelente casaca reebok casaca windrunner classic diseñado para maximizar el rendimiento deportivo y garantizar la comodidad durante entrenamientos intensos.', 'Unisex', 66.3);
INSERT INTO [dbo].[Producto] (id_producto, id_marca, id_categoria, nombre, descripcion, genero, precio_base) VALUES (29, 3, 1, 'Zapatilla Puma Rider Pro', 'Excelente zapatilla puma rider pro diseñado para maximizar el rendimiento deportivo y garantizar la comodidad durante entrenamientos intensos.', 'Hombre', 122.26);
INSERT INTO [dbo].[Producto] (id_producto, id_marca, id_categoria, nombre, descripcion, genero, precio_base) VALUES (30, 1, 5, 'Casaca Nike Casaca Windrunner Speed', 'Excelente casaca nike casaca windrunner speed diseñado para maximizar el rendimiento deportivo y garantizar la comodidad durante entrenamientos intensos.', 'Unisex', 100.68);
INSERT INTO [dbo].[Producto] (id_producto, id_marca, id_categoria, nombre, descripcion, genero, precio_base) VALUES (31, 2, 5, 'Casaca Adidas Casaca Terrex Speed', 'Excelente casaca adidas casaca terrex speed diseñado para maximizar el rendimiento deportivo y garantizar la comodidad durante entrenamientos intensos.', 'Unisex', 114.42);
INSERT INTO [dbo].[Producto] (id_producto, id_marca, id_categoria, nombre, descripcion, genero, precio_base) VALUES (32, 3, 2, 'Camiseta Puma Camiseta Workout V2', 'Excelente camiseta puma camiseta workout v2 diseñado para maximizar el rendimiento deportivo y garantizar la comodidad durante entrenamientos intensos.', 'Unisex', 116.26);
INSERT INTO [dbo].[Producto] (id_producto, id_marca, id_categoria, nombre, descripcion, genero, precio_base) VALUES (33, 6, 5, 'Casaca Asics Casaca Terrex Essential', 'Excelente casaca asics casaca terrex essential diseñado para maximizar el rendimiento deportivo y garantizar la comodidad durante entrenamientos intensos.', 'Unisex', 56.89);
INSERT INTO [dbo].[Producto] (id_producto, id_marca, id_categoria, nombre, descripcion, genero, precio_base) VALUES (34, 6, 6, 'Accesorios Asics Mochila Classic Comfort', 'Excelente accesorios asics mochila classic comfort diseñado para maximizar el rendimiento deportivo y garantizar la comodidad durante entrenamientos intensos.', 'Mujer', 62.41);
INSERT INTO [dbo].[Producto] (id_producto, id_marca, id_categoria, nombre, descripcion, genero, precio_base) VALUES (35, 2, 2, 'Camiseta Adidas Camiseta Dry-Fit Pro', 'Excelente camiseta adidas camiseta dry-fit pro diseñado para maximizar el rendimiento deportivo y garantizar la comodidad durante entrenamientos intensos.', 'Mujer', 76.77);
INSERT INTO [dbo].[Producto] (id_producto, id_marca, id_categoria, nombre, descripcion, genero, precio_base) VALUES (36, 5, 2, 'Camiseta Reebok Polo AeroReady Elite', 'Excelente camiseta reebok polo aeroready elite diseñado para maximizar el rendimiento deportivo y garantizar la comodidad durante entrenamientos intensos.', 'Hombre', 89.32);
INSERT INTO [dbo].[Producto] (id_producto, id_marca, id_categoria, nombre, descripcion, genero, precio_base) VALUES (37, 2, 1, 'Zapatilla Adidas Pegasus Classic', 'Excelente zapatilla adidas pegasus classic diseñado para maximizar el rendimiento deportivo y garantizar la comodidad durante entrenamientos intensos.', 'Hombre', 71.26);
INSERT INTO [dbo].[Producto] (id_producto, id_marca, id_categoria, nombre, descripcion, genero, precio_base) VALUES (38, 3, 2, 'Camiseta Puma Polo Classic Sport Training', 'Excelente camiseta puma polo classic sport training diseñado para maximizar el rendimiento deportivo y garantizar la comodidad durante entrenamientos intensos.', 'Mujer', 71.62);
INSERT INTO [dbo].[Producto] (id_producto, id_marca, id_categoria, nombre, descripcion, genero, precio_base) VALUES (39, 5, 6, 'Accesorios Reebok Cangurera Sport Training', 'Excelente accesorios reebok cangurera sport training diseñado para maximizar el rendimiento deportivo y garantizar la comodidad durante entrenamientos intensos.', 'Mujer', 97.39);
INSERT INTO [dbo].[Producto] (id_producto, id_marca, id_categoria, nombre, descripcion, genero, precio_base) VALUES (40, 2, 4, 'Short Adidas Short Pro V2', 'Excelente short adidas short pro v2 diseñado para maximizar el rendimiento deportivo y garantizar la comodidad durante entrenamientos intensos.', 'Hombre', 52.2);
INSERT INTO [dbo].[Producto] (id_producto, id_marca, id_categoria, nombre, descripcion, genero, precio_base) VALUES (41, 4, 4, 'Short Under Armour Short Elite Elite', 'Excelente short under armour short elite elite diseñado para maximizar el rendimiento deportivo y garantizar la comodidad durante entrenamientos intensos.', 'Hombre', 21.36);
INSERT INTO [dbo].[Producto] (id_producto, id_marca, id_categoria, nombre, descripcion, genero, precio_base) VALUES (42, 3, 6, 'Accesorios Puma Medias Cushion (Pack 3) Training', 'Excelente accesorios puma medias cushion (pack 3) training diseñado para maximizar el rendimiento deportivo y garantizar la comodidad durante entrenamientos intensos.', 'Hombre', 34.97);
INSERT INTO [dbo].[Producto] (id_producto, id_marca, id_categoria, nombre, descripcion, genero, precio_base) VALUES (43, 2, 4, 'Short Adidas Short Pro Comfort', 'Excelente short adidas short pro comfort diseñado para maximizar el rendimiento deportivo y garantizar la comodidad durante entrenamientos intensos.', 'Mujer', 25.28);
INSERT INTO [dbo].[Producto] (id_producto, id_marca, id_categoria, nombre, descripcion, genero, precio_base) VALUES (44, 5, 6, 'Accesorios Reebok Medias Cushion (Pack 3) Training', 'Excelente accesorios reebok medias cushion (pack 3) training diseñado para maximizar el rendimiento deportivo y garantizar la comodidad durante entrenamientos intensos.', 'Hombre', 32.46);
INSERT INTO [dbo].[Producto] (id_producto, id_marca, id_categoria, nombre, descripcion, genero, precio_base) VALUES (45, 4, 4, 'Short Under Armour Short Flex Pro', 'Excelente short under armour short flex pro diseñado para maximizar el rendimiento deportivo y garantizar la comodidad durante entrenamientos intensos.', 'Mujer', 32.29);
INSERT INTO [dbo].[Producto] (id_producto, id_marca, id_categoria, nombre, descripcion, genero, precio_base) VALUES (46, 4, 1, 'Zapatilla Under Armour Rider Essential', 'Excelente zapatilla under armour rider essential diseñado para maximizar el rendimiento deportivo y garantizar la comodidad durante entrenamientos intensos.', 'Mujer', 176.9);
INSERT INTO [dbo].[Producto] (id_producto, id_marca, id_categoria, nombre, descripcion, genero, precio_base) VALUES (47, 5, 6, 'Accesorios Reebok Muñequeras Pro Training', 'Excelente accesorios reebok muñequeras pro training diseñado para maximizar el rendimiento deportivo y garantizar la comodidad durante entrenamientos intensos.', 'Hombre', 46.15);
INSERT INTO [dbo].[Producto] (id_producto, id_marca, id_categoria, nombre, descripcion, genero, precio_base) VALUES (48, 5, 1, 'Zapatilla Reebok Nimbus Pro', 'Excelente zapatilla reebok nimbus pro diseñado para maximizar el rendimiento deportivo y garantizar la comodidad durante entrenamientos intensos.', 'Unisex', 274.39);
INSERT INTO [dbo].[Producto] (id_producto, id_marca, id_categoria, nombre, descripcion, genero, precio_base) VALUES (49, 1, 1, 'Zapatilla Nike Club C Comfort', 'Excelente zapatilla nike club c comfort diseñado para maximizar el rendimiento deportivo y garantizar la comodidad durante entrenamientos intensos.', 'Mujer', 325.82);
INSERT INTO [dbo].[Producto] (id_producto, id_marca, id_categoria, nombre, descripcion, genero, precio_base) VALUES (50, 2, 5, 'Casaca Adidas Casaca Windrunner Elite', 'Excelente casaca adidas casaca windrunner elite diseñado para maximizar el rendimiento deportivo y garantizar la comodidad durante entrenamientos intensos.', 'Unisex', 104.39);
INSERT INTO [dbo].[Producto] (id_producto, id_marca, id_categoria, nombre, descripcion, genero, precio_base) VALUES (51, 5, 1, 'Zapatilla Reebok Pegasus Training', 'Excelente zapatilla reebok pegasus training diseñado para maximizar el rendimiento deportivo y garantizar la comodidad durante entrenamientos intensos.', 'Unisex', 171.13);
INSERT INTO [dbo].[Producto] (id_producto, id_marca, id_categoria, nombre, descripcion, genero, precio_base) VALUES (52, 2, 5, 'Casaca Adidas Casaca Fleece Hooded Pro', 'Excelente casaca adidas casaca fleece hooded pro diseñado para maximizar el rendimiento deportivo y garantizar la comodidad durante entrenamientos intensos.', 'Unisex', 80.04);
INSERT INTO [dbo].[Producto] (id_producto, id_marca, id_categoria, nombre, descripcion, genero, precio_base) VALUES (53, 6, 4, 'Short Asics Short Mesh Comfort', 'Excelente short asics short mesh comfort diseñado para maximizar el rendimiento deportivo y garantizar la comodidad durante entrenamientos intensos.', 'Unisex', 48.22);
INSERT INTO [dbo].[Producto] (id_producto, id_marca, id_categoria, nombre, descripcion, genero, precio_base) VALUES (54, 2, 3, 'Pantalone Adidas Pantalon Run Classic', 'Excelente pantalone adidas pantalon run classic diseñado para maximizar el rendimiento deportivo y garantizar la comodidad durante entrenamientos intensos.', 'Unisex', 40.06);
INSERT INTO [dbo].[Producto] (id_producto, id_marca, id_categoria, nombre, descripcion, genero, precio_base) VALUES (55, 2, 4, 'Short Adidas Short Elite Essential', 'Excelente short adidas short elite essential diseñado para maximizar el rendimiento deportivo y garantizar la comodidad durante entrenamientos intensos.', 'Unisex', 63.01);
INSERT INTO [dbo].[Producto] (id_producto, id_marca, id_categoria, nombre, descripcion, genero, precio_base) VALUES (56, 1, 1, 'Zapatilla Nike Project Rock Retro', 'Excelente zapatilla nike project rock retro diseñado para maximizar el rendimiento deportivo y garantizar la comodidad durante entrenamientos intensos.', 'Unisex', 348.83);
INSERT INTO [dbo].[Producto] (id_producto, id_marca, id_categoria, nombre, descripcion, genero, precio_base) VALUES (57, 5, 1, 'Zapatilla Reebok Superstar Essential', 'Excelente zapatilla reebok superstar essential diseñado para maximizar el rendimiento deportivo y garantizar la comodidad durante entrenamientos intensos.', 'Unisex', 89.74);
INSERT INTO [dbo].[Producto] (id_producto, id_marca, id_categoria, nombre, descripcion, genero, precio_base) VALUES (58, 1, 3, 'Pantalone Nike Jogger Sportswear Essential', 'Excelente pantalone nike jogger sportswear essential diseñado para maximizar el rendimiento deportivo y garantizar la comodidad durante entrenamientos intensos.', 'Mujer', 31.56);
INSERT INTO [dbo].[Producto] (id_producto, id_marca, id_categoria, nombre, descripcion, genero, precio_base) VALUES (59, 6, 5, 'Casaca Asics Casaca Windbreaker Comfort', 'Excelente casaca asics casaca windbreaker comfort diseñado para maximizar el rendimiento deportivo y garantizar la comodidad durante entrenamientos intensos.', 'Unisex', 15.82);
INSERT INTO [dbo].[Producto] (id_producto, id_marca, id_categoria, nombre, descripcion, genero, precio_base) VALUES (60, 3, 5, 'Casaca Puma Casaca Windrunner Essential', 'Excelente casaca puma casaca windrunner essential diseñado para maximizar el rendimiento deportivo y garantizar la comodidad durante entrenamientos intensos.', 'Hombre', 27.12);
INSERT INTO [dbo].[Producto] (id_producto, id_marca, id_categoria, nombre, descripcion, genero, precio_base) VALUES (61, 6, 1, 'Zapatilla Asics Nano X Essential', 'Excelente zapatilla asics nano x essential diseñado para maximizar el rendimiento deportivo y garantizar la comodidad durante entrenamientos intensos.', 'Hombre', 134.53);
INSERT INTO [dbo].[Producto] (id_producto, id_marca, id_categoria, nombre, descripcion, genero, precio_base) VALUES (62, 6, 2, 'Camiseta Asics Camiseta Active Essential', 'Excelente camiseta asics camiseta active essential diseñado para maximizar el rendimiento deportivo y garantizar la comodidad durante entrenamientos intensos.', 'Hombre', 68.07);
INSERT INTO [dbo].[Producto] (id_producto, id_marca, id_categoria, nombre, descripcion, genero, precio_base) VALUES (63, 1, 3, 'Pantalone Nike Pantalon Essential V2', 'Excelente pantalone nike pantalon essential v2 diseñado para maximizar el rendimiento deportivo y garantizar la comodidad durante entrenamientos intensos.', 'Unisex', 102.08);
INSERT INTO [dbo].[Producto] (id_producto, id_marca, id_categoria, nombre, descripcion, genero, precio_base) VALUES (64, 1, 1, 'Zapatilla Nike Cali Essential', 'Excelente zapatilla nike cali essential diseñado para maximizar el rendimiento deportivo y garantizar la comodidad durante entrenamientos intensos.', 'Hombre', 98.47);
INSERT INTO [dbo].[Producto] (id_producto, id_marca, id_categoria, nombre, descripcion, genero, precio_base) VALUES (65, 5, 4, 'Short Reebok Short Elite Comfort', 'Excelente short reebok short elite comfort diseñado para maximizar el rendimiento deportivo y garantizar la comodidad durante entrenamientos intensos.', 'Mujer', 16.02);
INSERT INTO [dbo].[Producto] (id_producto, id_marca, id_categoria, nombre, descripcion, genero, precio_base) VALUES (66, 6, 1, 'Zapatilla Asics Ultraboost Pro', 'Excelente zapatilla asics ultraboost pro diseñado para maximizar el rendimiento deportivo y garantizar la comodidad durante entrenamientos intensos.', 'Unisex', 300.38);
INSERT INTO [dbo].[Producto] (id_producto, id_marca, id_categoria, nombre, descripcion, genero, precio_base) VALUES (67, 5, 5, 'Casaca Reebok Casaca Terrex Run', 'Excelente casaca reebok casaca terrex run diseñado para maximizar el rendimiento deportivo y garantizar la comodidad durante entrenamientos intensos.', 'Mujer', 19.39);
INSERT INTO [dbo].[Producto] (id_producto, id_marca, id_categoria, nombre, descripcion, genero, precio_base) VALUES (68, 1, 3, 'Pantalone Nike Pantalon Training Training', 'Excelente pantalone nike pantalon training training diseñado para maximizar el rendimiento deportivo y garantizar la comodidad durante entrenamientos intensos.', 'Hombre', 85.03);
INSERT INTO [dbo].[Producto] (id_producto, id_marca, id_categoria, nombre, descripcion, genero, precio_base) VALUES (69, 5, 3, 'Pantalone Reebok Jogger Fleece Run', 'Excelente pantalone reebok jogger fleece run diseñado para maximizar el rendimiento deportivo y garantizar la comodidad durante entrenamientos intensos.', 'Unisex', 112.21);
INSERT INTO [dbo].[Producto] (id_producto, id_marca, id_categoria, nombre, descripcion, genero, precio_base) VALUES (70, 2, 2, 'Camiseta Adidas Polo AeroReady Pro', 'Excelente camiseta adidas polo aeroready pro diseñado para maximizar el rendimiento deportivo y garantizar la comodidad durante entrenamientos intensos.', 'Mujer', 33.83);
INSERT INTO [dbo].[Producto] (id_producto, id_marca, id_categoria, nombre, descripcion, genero, precio_base) VALUES (71, 4, 3, 'Pantalone Under Armour Pantalon Run Training', 'Excelente pantalone under armour pantalon run training diseñado para maximizar el rendimiento deportivo y garantizar la comodidad durante entrenamientos intensos.', 'Unisex', 43.01);
INSERT INTO [dbo].[Producto] (id_producto, id_marca, id_categoria, nombre, descripcion, genero, precio_base) VALUES (72, 1, 6, 'Accesorios Nike Muñequeras Pro Speed', 'Excelente accesorios nike muñequeras pro speed diseñado para maximizar el rendimiento deportivo y garantizar la comodidad durante entrenamientos intensos.', 'Hombre', 38.36);
INSERT INTO [dbo].[Producto] (id_producto, id_marca, id_categoria, nombre, descripcion, genero, precio_base) VALUES (73, 3, 4, 'Short Puma Short Run Training', 'Excelente short puma short run training diseñado para maximizar el rendimiento deportivo y garantizar la comodidad durante entrenamientos intensos.', 'Hombre', 17.48);
INSERT INTO [dbo].[Producto] (id_producto, id_marca, id_categoria, nombre, descripcion, genero, precio_base) VALUES (74, 4, 2, 'Camiseta Under Armour Camiseta Active Elite', 'Excelente camiseta under armour camiseta active elite diseñado para maximizar el rendimiento deportivo y garantizar la comodidad durante entrenamientos intensos.', 'Mujer', 116.52);
INSERT INTO [dbo].[Producto] (id_producto, id_marca, id_categoria, nombre, descripcion, genero, precio_base) VALUES (75, 3, 3, 'Pantalone Puma Pantalon Run V2', 'Excelente pantalone puma pantalon run v2 diseñado para maximizar el rendimiento deportivo y garantizar la comodidad durante entrenamientos intensos.', 'Unisex', 86.35);
INSERT INTO [dbo].[Producto] (id_producto, id_marca, id_categoria, nombre, descripcion, genero, precio_base) VALUES (76, 5, 2, 'Camiseta Reebok Camiseta Active Elite', 'Excelente camiseta reebok camiseta active elite diseñado para maximizar el rendimiento deportivo y garantizar la comodidad durante entrenamientos intensos.', 'Hombre', 77.64);
INSERT INTO [dbo].[Producto] (id_producto, id_marca, id_categoria, nombre, descripcion, genero, precio_base) VALUES (77, 6, 3, 'Pantalone Asics Pantalon Training Retro', 'Excelente pantalone asics pantalon training retro diseñado para maximizar el rendimiento deportivo y garantizar la comodidad durante entrenamientos intensos.', 'Mujer', 118.34);
INSERT INTO [dbo].[Producto] (id_producto, id_marca, id_categoria, nombre, descripcion, genero, precio_base) VALUES (78, 4, 1, 'Zapatilla Under Armour Club C Essential', 'Excelente zapatilla under armour club c essential diseñado para maximizar el rendimiento deportivo y garantizar la comodidad durante entrenamientos intensos.', 'Hombre', 63.32);
INSERT INTO [dbo].[Producto] (id_producto, id_marca, id_categoria, nombre, descripcion, genero, precio_base) VALUES (79, 1, 4, 'Short Nike Short Mesh Training', 'Excelente short nike short mesh training diseñado para maximizar el rendimiento deportivo y garantizar la comodidad durante entrenamientos intensos.', 'Unisex', 53.24);
INSERT INTO [dbo].[Producto] (id_producto, id_marca, id_categoria, nombre, descripcion, genero, precio_base) VALUES (80, 6, 1, 'Zapatilla Asics Cali Classic', 'Excelente zapatilla asics cali classic diseñado para maximizar el rendimiento deportivo y garantizar la comodidad durante entrenamientos intensos.', 'Unisex', 249.02);
INSERT INTO [dbo].[Producto] (id_producto, id_marca, id_categoria, nombre, descripcion, genero, precio_base) VALUES (81, 6, 1, 'Zapatilla Asics Rider Essential', 'Excelente zapatilla asics rider essential diseñado para maximizar el rendimiento deportivo y garantizar la comodidad durante entrenamientos intensos.', 'Unisex', 250.07);
INSERT INTO [dbo].[Producto] (id_producto, id_marca, id_categoria, nombre, descripcion, genero, precio_base) VALUES (82, 4, 3, 'Pantalone Under Armour Pantalon Run Comfort', 'Excelente pantalone under armour pantalon run comfort diseñado para maximizar el rendimiento deportivo y garantizar la comodidad durante entrenamientos intensos.', 'Mujer', 28.37);
INSERT INTO [dbo].[Producto] (id_producto, id_marca, id_categoria, nombre, descripcion, genero, precio_base) VALUES (83, 6, 4, 'Short Asics Short Training Run', 'Excelente short asics short training run diseñado para maximizar el rendimiento deportivo y garantizar la comodidad durante entrenamientos intensos.', 'Unisex', 79.63);
INSERT INTO [dbo].[Producto] (id_producto, id_marca, id_categoria, nombre, descripcion, genero, precio_base) VALUES (84, 4, 3, 'Pantalone Under Armour Pantalon Track Essential', 'Excelente pantalone under armour pantalon track essential diseñado para maximizar el rendimiento deportivo y garantizar la comodidad durante entrenamientos intensos.', 'Hombre', 45.13);
INSERT INTO [dbo].[Producto] (id_producto, id_marca, id_categoria, nombre, descripcion, genero, precio_base) VALUES (85, 5, 4, 'Short Reebok Short Mesh Classic', 'Excelente short reebok short mesh classic diseñado para maximizar el rendimiento deportivo y garantizar la comodidad durante entrenamientos intensos.', 'Unisex', 63.82);
INSERT INTO [dbo].[Producto] (id_producto, id_marca, id_categoria, nombre, descripcion, genero, precio_base) VALUES (86, 6, 4, 'Short Asics Short Flex Speed', 'Excelente short asics short flex speed diseñado para maximizar el rendimiento deportivo y garantizar la comodidad durante entrenamientos intensos.', 'Unisex', 98.34);
INSERT INTO [dbo].[Producto] (id_producto, id_marca, id_categoria, nombre, descripcion, genero, precio_base) VALUES (87, 2, 6, 'Accesorios Adidas Medias Cushion (Pack 3) Comfort', 'Excelente accesorios adidas medias cushion (pack 3) comfort diseñado para maximizar el rendimiento deportivo y garantizar la comodidad durante entrenamientos intensos.', 'Mujer', 84.7);
INSERT INTO [dbo].[Producto] (id_producto, id_marca, id_categoria, nombre, descripcion, genero, precio_base) VALUES (88, 4, 2, 'Camiseta Under Armour Camiseta Workout Speed', 'Excelente camiseta under armour camiseta workout speed diseñado para maximizar el rendimiento deportivo y garantizar la comodidad durante entrenamientos intensos.', 'Hombre', 58.52);
INSERT INTO [dbo].[Producto] (id_producto, id_marca, id_categoria, nombre, descripcion, genero, precio_base) VALUES (89, 5, 6, 'Accesorios Reebok Gorra Heritage V2', 'Excelente accesorios reebok gorra heritage v2 diseñado para maximizar el rendimiento deportivo y garantizar la comodidad durante entrenamientos intensos.', 'Unisex', 66.91);
INSERT INTO [dbo].[Producto] (id_producto, id_marca, id_categoria, nombre, descripcion, genero, precio_base) VALUES (90, 2, 2, 'Camiseta Adidas Polo Classic Sport Pro', 'Excelente camiseta adidas polo classic sport pro diseñado para maximizar el rendimiento deportivo y garantizar la comodidad durante entrenamientos intensos.', 'Unisex', 108.73);
INSERT INTO [dbo].[Producto] (id_producto, id_marca, id_categoria, nombre, descripcion, genero, precio_base) VALUES (91, 4, 1, 'Zapatilla Under Armour Superstar Comfort', 'Excelente zapatilla under armour superstar comfort diseñado para maximizar el rendimiento deportivo y garantizar la comodidad durante entrenamientos intensos.', 'Hombre', 189.36);
INSERT INTO [dbo].[Producto] (id_producto, id_marca, id_categoria, nombre, descripcion, genero, precio_base) VALUES (92, 2, 5, 'Casaca Adidas Casaca Windrunner Run', 'Excelente casaca adidas casaca windrunner run diseñado para maximizar el rendimiento deportivo y garantizar la comodidad durante entrenamientos intensos.', 'Mujer', 99.15);
INSERT INTO [dbo].[Producto] (id_producto, id_marca, id_categoria, nombre, descripcion, genero, precio_base) VALUES (93, 5, 6, 'Accesorios Reebok Cangurera Sport Classic', 'Excelente accesorios reebok cangurera sport classic diseñado para maximizar el rendimiento deportivo y garantizar la comodidad durante entrenamientos intensos.', 'Unisex', 114.75);
INSERT INTO [dbo].[Producto] (id_producto, id_marca, id_categoria, nombre, descripcion, genero, precio_base) VALUES (94, 5, 4, 'Short Reebok Short Elite V2', 'Excelente short reebok short elite v2 diseñado para maximizar el rendimiento deportivo y garantizar la comodidad durante entrenamientos intensos.', 'Unisex', 102.21);
INSERT INTO [dbo].[Producto] (id_producto, id_marca, id_categoria, nombre, descripcion, genero, precio_base) VALUES (95, 4, 5, 'Casaca Under Armour Casaca Terrex Speed', 'Excelente casaca under armour casaca terrex speed diseñado para maximizar el rendimiento deportivo y garantizar la comodidad durante entrenamientos intensos.', 'Unisex', 62.26);
INSERT INTO [dbo].[Producto] (id_producto, id_marca, id_categoria, nombre, descripcion, genero, precio_base) VALUES (96, 6, 2, 'Camiseta Asics Camiseta Active Speed', 'Excelente camiseta asics camiseta active speed diseñado para maximizar el rendimiento deportivo y garantizar la comodidad durante entrenamientos intensos.', 'Unisex', 80.81);
INSERT INTO [dbo].[Producto] (id_producto, id_marca, id_categoria, nombre, descripcion, genero, precio_base) VALUES (97, 4, 3, 'Pantalone Under Armour Pantalon Essential Essential', 'Excelente pantalone under armour pantalon essential essential diseñado para maximizar el rendimiento deportivo y garantizar la comodidad durante entrenamientos intensos.', 'Unisex', 39.62);
INSERT INTO [dbo].[Producto] (id_producto, id_marca, id_categoria, nombre, descripcion, genero, precio_base) VALUES (98, 3, 3, 'Pantalone Puma Pantalon Track Run', 'Excelente pantalone puma pantalon track run diseñado para maximizar el rendimiento deportivo y garantizar la comodidad durante entrenamientos intensos.', 'Hombre', 30.84);
INSERT INTO [dbo].[Producto] (id_producto, id_marca, id_categoria, nombre, descripcion, genero, precio_base) VALUES (99, 6, 4, 'Short Asics Short Flex Training', 'Excelente short asics short flex training diseñado para maximizar el rendimiento deportivo y garantizar la comodidad durante entrenamientos intensos.', 'Unisex', 21.74);
INSERT INTO [dbo].[Producto] (id_producto, id_marca, id_categoria, nombre, descripcion, genero, precio_base) VALUES (100, 3, 4, 'Short Puma Short Mesh V2', 'Excelente short puma short mesh v2 diseñado para maximizar el rendimiento deportivo y garantizar la comodidad durante entrenamientos intensos.', 'Mujer', 21.54);
SET IDENTITY_INSERT [dbo].[Producto] OFF;
GO

PRINT 'Insertando Variantes de Producto...';
SET IDENTITY_INSERT [dbo].[Variante_Producto] ON;
INSERT INTO [dbo].[Variante_Producto] (id_variante, id_producto, talla, color, sku) VALUES (1, 1, 'Estándar', 'Rojo', 'TTS-001-6NIK-Estandar-ROJ');
INSERT INTO [dbo].[Variante_Producto] (id_variante, id_producto, talla, color, sku) VALUES (2, 2, 'XL', 'Gris', 'TTS-002-2ASI-XL-GRI');
INSERT INTO [dbo].[Variante_Producto] (id_variante, id_producto, talla, color, sku) VALUES (3, 2, 'S', 'Verde', 'TTS-002-2ASI-S-VER');
INSERT INTO [dbo].[Variante_Producto] (id_variante, id_producto, talla, color, sku) VALUES (4, 2, 'M', 'Verde', 'TTS-002-2ASI-M-VER');
INSERT INTO [dbo].[Variante_Producto] (id_variante, id_producto, talla, color, sku) VALUES (5, 3, 'XL', 'Gris', 'TTS-003-4NIK-XL-GRI');
INSERT INTO [dbo].[Variante_Producto] (id_variante, id_producto, talla, color, sku) VALUES (6, 3, 'S', 'Verde', 'TTS-003-4NIK-S-VER');
INSERT INTO [dbo].[Variante_Producto] (id_variante, id_producto, talla, color, sku) VALUES (7, 4, 'S', 'Verde', 'TTS-004-5NIK-S-VER');
INSERT INTO [dbo].[Variante_Producto] (id_variante, id_producto, talla, color, sku) VALUES (8, 4, 'M', 'Negro', 'TTS-004-5NIK-M-NEG');
INSERT INTO [dbo].[Variante_Producto] (id_variante, id_producto, talla, color, sku) VALUES (9, 4, 'L', 'Naranja', 'TTS-004-5NIK-L-NAR');
INSERT INTO [dbo].[Variante_Producto] (id_variante, id_producto, talla, color, sku) VALUES (10, 5, 'S', 'Rojo', 'TTS-005-4REE-S-ROJ');
INSERT INTO [dbo].[Variante_Producto] (id_variante, id_producto, talla, color, sku) VALUES (11, 5, 'M', 'Azul', 'TTS-005-4REE-M-AZU');
INSERT INTO [dbo].[Variante_Producto] (id_variante, id_producto, talla, color, sku) VALUES (12, 6, 'M', 'Rojo', 'TTS-006-3PUM-M-ROJ');
INSERT INTO [dbo].[Variante_Producto] (id_variante, id_producto, talla, color, sku) VALUES (13, 6, 'XL', 'Gris', 'TTS-006-3PUM-XL-GRI');
INSERT INTO [dbo].[Variante_Producto] (id_variante, id_producto, talla, color, sku) VALUES (14, 6, 'S', 'Verde', 'TTS-006-3PUM-S-VER');
INSERT INTO [dbo].[Variante_Producto] (id_variante, id_producto, talla, color, sku) VALUES (15, 7, 'M', 'Plomo', 'TTS-007-4NIK-M-PLO');
INSERT INTO [dbo].[Variante_Producto] (id_variante, id_producto, talla, color, sku) VALUES (16, 7, 'XL', 'Verde', 'TTS-007-4NIK-XL-VER');
INSERT INTO [dbo].[Variante_Producto] (id_variante, id_producto, talla, color, sku) VALUES (17, 7, 'L', 'Gris', 'TTS-007-4NIK-L-GRI');
INSERT INTO [dbo].[Variante_Producto] (id_variante, id_producto, talla, color, sku) VALUES (18, 8, '40', 'Rojo', 'TTS-008-1ASI-40-ROJ');
INSERT INTO [dbo].[Variante_Producto] (id_variante, id_producto, talla, color, sku) VALUES (19, 8, '38', 'Rojo', 'TTS-008-1ASI-38-ROJ');
INSERT INTO [dbo].[Variante_Producto] (id_variante, id_producto, talla, color, sku) VALUES (20, 8, '41', 'Plomo', 'TTS-008-1ASI-41-PLO');
INSERT INTO [dbo].[Variante_Producto] (id_variante, id_producto, talla, color, sku) VALUES (21, 9, 'S', 'Rojo', 'TTS-009-4NIK-S-ROJ');
INSERT INTO [dbo].[Variante_Producto] (id_variante, id_producto, talla, color, sku) VALUES (22, 9, 'L', 'Rojo', 'TTS-009-4NIK-L-ROJ');
INSERT INTO [dbo].[Variante_Producto] (id_variante, id_producto, talla, color, sku) VALUES (23, 10, 'M', 'Negro', 'TTS-010-3REE-M-NEG');
INSERT INTO [dbo].[Variante_Producto] (id_variante, id_producto, talla, color, sku) VALUES (24, 10, 'S', 'Blanco', 'TTS-010-3REE-S-BLA');
INSERT INTO [dbo].[Variante_Producto] (id_variante, id_producto, talla, color, sku) VALUES (25, 11, 'XL', 'Azul', 'TTS-011-2PUM-XL-AZU');
INSERT INTO [dbo].[Variante_Producto] (id_variante, id_producto, talla, color, sku) VALUES (26, 11, 'L', 'Blanco', 'TTS-011-2PUM-L-BLA');
INSERT INTO [dbo].[Variante_Producto] (id_variante, id_producto, talla, color, sku) VALUES (27, 12, 'L', 'Azul', 'TTS-012-4ASI-L-AZU');
INSERT INTO [dbo].[Variante_Producto] (id_variante, id_producto, talla, color, sku) VALUES (28, 12, 'M', 'Negro', 'TTS-012-4ASI-M-NEG');
INSERT INTO [dbo].[Variante_Producto] (id_variante, id_producto, talla, color, sku) VALUES (29, 12, 'S', 'Gris', 'TTS-012-4ASI-S-GRI');
INSERT INTO [dbo].[Variante_Producto] (id_variante, id_producto, talla, color, sku) VALUES (30, 13, 'Estándar', 'Gris', 'TTS-013-6PUM-Estandar-GRI');
INSERT INTO [dbo].[Variante_Producto] (id_variante, id_producto, talla, color, sku) VALUES (31, 14, 'XL', 'Azul', 'TTS-014-2ADI-XL-AZU');
INSERT INTO [dbo].[Variante_Producto] (id_variante, id_producto, talla, color, sku) VALUES (32, 14, 'L', 'Blanco', 'TTS-014-2ADI-L-BLA');
INSERT INTO [dbo].[Variante_Producto] (id_variante, id_producto, talla, color, sku) VALUES (33, 14, 'S', 'Azul', 'TTS-014-2ADI-S-AZU');
INSERT INTO [dbo].[Variante_Producto] (id_variante, id_producto, talla, color, sku) VALUES (34, 15, 'Estándar', 'Rojo', 'TTS-015-6ASI-Estandar-ROJ');
INSERT INTO [dbo].[Variante_Producto] (id_variante, id_producto, talla, color, sku) VALUES (35, 16, '42', 'Azul', 'TTS-016-1ADI-42-AZU');
INSERT INTO [dbo].[Variante_Producto] (id_variante, id_producto, talla, color, sku) VALUES (36, 16, '41', 'Plomo', 'TTS-016-1ADI-41-PLO');
INSERT INTO [dbo].[Variante_Producto] (id_variante, id_producto, talla, color, sku) VALUES (37, 16, '40', 'Rojo', 'TTS-016-1ADI-40-ROJ');
INSERT INTO [dbo].[Variante_Producto] (id_variante, id_producto, talla, color, sku) VALUES (38, 17, 'XL', 'Plomo', 'TTS-017-2REE-XL-PLO');
INSERT INTO [dbo].[Variante_Producto] (id_variante, id_producto, talla, color, sku) VALUES (39, 17, 'S', 'Naranja', 'TTS-017-2REE-S-NAR');
INSERT INTO [dbo].[Variante_Producto] (id_variante, id_producto, talla, color, sku) VALUES (40, 17, 'M', 'Negro', 'TTS-017-2REE-M-NEG');
INSERT INTO [dbo].[Variante_Producto] (id_variante, id_producto, talla, color, sku) VALUES (41, 18, 'M', 'Naranja', 'TTS-018-4ASI-M-NAR');
INSERT INTO [dbo].[Variante_Producto] (id_variante, id_producto, talla, color, sku) VALUES (42, 18, 'L', 'Naranja', 'TTS-018-4ASI-L-NAR');
INSERT INTO [dbo].[Variante_Producto] (id_variante, id_producto, talla, color, sku) VALUES (43, 18, 'XL', 'Verde', 'TTS-018-4ASI-XL-VER');
INSERT INTO [dbo].[Variante_Producto] (id_variante, id_producto, talla, color, sku) VALUES (44, 19, 'Estándar', 'Blanco', 'TTS-019-6REE-Estandar-BLA');
INSERT INTO [dbo].[Variante_Producto] (id_variante, id_producto, talla, color, sku) VALUES (45, 20, 'L', 'Blanco', 'TTS-020-5UND-L-BLA');
INSERT INTO [dbo].[Variante_Producto] (id_variante, id_producto, talla, color, sku) VALUES (46, 20, 'M', 'Naranja', 'TTS-020-5UND-M-NAR');
INSERT INTO [dbo].[Variante_Producto] (id_variante, id_producto, talla, color, sku) VALUES (47, 21, '40', 'Plomo', 'TTS-021-1NIK-40-PLO');
INSERT INTO [dbo].[Variante_Producto] (id_variante, id_producto, talla, color, sku) VALUES (48, 21, '38', 'Negro', 'TTS-021-1NIK-38-NEG');
INSERT INTO [dbo].[Variante_Producto] (id_variante, id_producto, talla, color, sku) VALUES (49, 21, '41', 'Naranja', 'TTS-021-1NIK-41-NAR');
INSERT INTO [dbo].[Variante_Producto] (id_variante, id_producto, talla, color, sku) VALUES (50, 22, 'L', 'Plomo', 'TTS-022-4REE-L-PLO');
INSERT INTO [dbo].[Variante_Producto] (id_variante, id_producto, talla, color, sku) VALUES (51, 22, 'M', 'Gris', 'TTS-022-4REE-M-GRI');
INSERT INTO [dbo].[Variante_Producto] (id_variante, id_producto, talla, color, sku) VALUES (52, 23, 'S', 'Azul', 'TTS-023-4REE-S-AZU');
INSERT INTO [dbo].[Variante_Producto] (id_variante, id_producto, talla, color, sku) VALUES (53, 23, 'L', 'Blanco', 'TTS-023-4REE-L-BLA');
INSERT INTO [dbo].[Variante_Producto] (id_variante, id_producto, talla, color, sku) VALUES (54, 23, 'XL', 'Verde', 'TTS-023-4REE-XL-VER');
INSERT INTO [dbo].[Variante_Producto] (id_variante, id_producto, talla, color, sku) VALUES (55, 24, '42', 'Naranja', 'TTS-024-1ASI-42-NAR');
INSERT INTO [dbo].[Variante_Producto] (id_variante, id_producto, talla, color, sku) VALUES (56, 24, '39', 'Naranja', 'TTS-024-1ASI-39-NAR');
INSERT INTO [dbo].[Variante_Producto] (id_variante, id_producto, talla, color, sku) VALUES (57, 24, '41', 'Rojo', 'TTS-024-1ASI-41-ROJ');
INSERT INTO [dbo].[Variante_Producto] (id_variante, id_producto, talla, color, sku) VALUES (58, 25, 'L', 'Verde', 'TTS-025-4ADI-L-VER');
INSERT INTO [dbo].[Variante_Producto] (id_variante, id_producto, talla, color, sku) VALUES (59, 25, 'S', 'Blanco', 'TTS-025-4ADI-S-BLA');
INSERT INTO [dbo].[Variante_Producto] (id_variante, id_producto, talla, color, sku) VALUES (60, 26, 'L', 'Verde', 'TTS-026-2REE-L-VER');
INSERT INTO [dbo].[Variante_Producto] (id_variante, id_producto, talla, color, sku) VALUES (61, 26, 'M', 'Plomo', 'TTS-026-2REE-M-PLO');
INSERT INTO [dbo].[Variante_Producto] (id_variante, id_producto, talla, color, sku) VALUES (62, 26, 'XL', 'Plomo', 'TTS-026-2REE-XL-PLO');
INSERT INTO [dbo].[Variante_Producto] (id_variante, id_producto, talla, color, sku) VALUES (63, 27, 'L', 'Blanco', 'TTS-027-5REE-L-BLA');
INSERT INTO [dbo].[Variante_Producto] (id_variante, id_producto, talla, color, sku) VALUES (64, 27, 'M', 'Azul', 'TTS-027-5REE-M-AZU');
INSERT INTO [dbo].[Variante_Producto] (id_variante, id_producto, talla, color, sku) VALUES (65, 27, 'XL', 'Blanco', 'TTS-027-5REE-XL-BLA');
INSERT INTO [dbo].[Variante_Producto] (id_variante, id_producto, talla, color, sku) VALUES (66, 28, 'S', 'Blanco', 'TTS-028-5REE-S-BLA');
INSERT INTO [dbo].[Variante_Producto] (id_variante, id_producto, talla, color, sku) VALUES (67, 28, 'L', 'Blanco', 'TTS-028-5REE-L-BLA');
INSERT INTO [dbo].[Variante_Producto] (id_variante, id_producto, talla, color, sku) VALUES (68, 28, 'XL', 'Naranja', 'TTS-028-5REE-XL-NAR');
INSERT INTO [dbo].[Variante_Producto] (id_variante, id_producto, talla, color, sku) VALUES (69, 29, '43', 'Azul', 'TTS-029-1PUM-43-AZU');
INSERT INTO [dbo].[Variante_Producto] (id_variante, id_producto, talla, color, sku) VALUES (70, 29, '42', 'Blanco', 'TTS-029-1PUM-42-BLA');
INSERT INTO [dbo].[Variante_Producto] (id_variante, id_producto, talla, color, sku) VALUES (71, 29, '40', 'Gris', 'TTS-029-1PUM-40-GRI');
INSERT INTO [dbo].[Variante_Producto] (id_variante, id_producto, talla, color, sku) VALUES (72, 30, 'L', 'Gris', 'TTS-030-5NIK-L-GRI');
INSERT INTO [dbo].[Variante_Producto] (id_variante, id_producto, talla, color, sku) VALUES (73, 30, 'S', 'Rojo', 'TTS-030-5NIK-S-ROJ');
INSERT INTO [dbo].[Variante_Producto] (id_variante, id_producto, talla, color, sku) VALUES (74, 31, 'L', 'Rojo', 'TTS-031-5ADI-L-ROJ');
INSERT INTO [dbo].[Variante_Producto] (id_variante, id_producto, talla, color, sku) VALUES (75, 31, 'S', 'Gris', 'TTS-031-5ADI-S-GRI');
INSERT INTO [dbo].[Variante_Producto] (id_variante, id_producto, talla, color, sku) VALUES (76, 32, 'XL', 'Rojo', 'TTS-032-2PUM-XL-ROJ');
INSERT INTO [dbo].[Variante_Producto] (id_variante, id_producto, talla, color, sku) VALUES (77, 32, 'S', 'Gris', 'TTS-032-2PUM-S-GRI');
INSERT INTO [dbo].[Variante_Producto] (id_variante, id_producto, talla, color, sku) VALUES (78, 33, 'XL', 'Negro', 'TTS-033-5ASI-XL-NEG');
INSERT INTO [dbo].[Variante_Producto] (id_variante, id_producto, talla, color, sku) VALUES (79, 33, 'M', 'Rojo', 'TTS-033-5ASI-M-ROJ');
INSERT INTO [dbo].[Variante_Producto] (id_variante, id_producto, talla, color, sku) VALUES (80, 33, 'L', 'Gris', 'TTS-033-5ASI-L-GRI');
INSERT INTO [dbo].[Variante_Producto] (id_variante, id_producto, talla, color, sku) VALUES (81, 34, 'Estándar', 'Azul', 'TTS-034-6ASI-Estandar-AZU');
INSERT INTO [dbo].[Variante_Producto] (id_variante, id_producto, talla, color, sku) VALUES (82, 35, 'XL', 'Negro', 'TTS-035-2ADI-XL-NEG');
INSERT INTO [dbo].[Variante_Producto] (id_variante, id_producto, talla, color, sku) VALUES (83, 35, 'S', 'Negro', 'TTS-035-2ADI-S-NEG');
INSERT INTO [dbo].[Variante_Producto] (id_variante, id_producto, talla, color, sku) VALUES (84, 35, 'L', 'Gris', 'TTS-035-2ADI-L-GRI');
INSERT INTO [dbo].[Variante_Producto] (id_variante, id_producto, talla, color, sku) VALUES (85, 36, 'M', 'Verde', 'TTS-036-2REE-M-VER');
INSERT INTO [dbo].[Variante_Producto] (id_variante, id_producto, talla, color, sku) VALUES (86, 36, 'S', 'Blanco', 'TTS-036-2REE-S-BLA');
INSERT INTO [dbo].[Variante_Producto] (id_variante, id_producto, talla, color, sku) VALUES (87, 37, '41', 'Verde', 'TTS-037-1ADI-41-VER');
INSERT INTO [dbo].[Variante_Producto] (id_variante, id_producto, talla, color, sku) VALUES (88, 37, '43', 'Gris', 'TTS-037-1ADI-43-GRI');
INSERT INTO [dbo].[Variante_Producto] (id_variante, id_producto, talla, color, sku) VALUES (89, 37, '40', 'Rojo', 'TTS-037-1ADI-40-ROJ');
INSERT INTO [dbo].[Variante_Producto] (id_variante, id_producto, talla, color, sku) VALUES (90, 38, 'M', 'Blanco', 'TTS-038-2PUM-M-BLA');
INSERT INTO [dbo].[Variante_Producto] (id_variante, id_producto, talla, color, sku) VALUES (91, 38, 'L', 'Gris', 'TTS-038-2PUM-L-GRI');
INSERT INTO [dbo].[Variante_Producto] (id_variante, id_producto, talla, color, sku) VALUES (92, 39, 'Estándar', 'Blanco', 'TTS-039-6REE-Estandar-BLA');
INSERT INTO [dbo].[Variante_Producto] (id_variante, id_producto, talla, color, sku) VALUES (93, 40, 'S', 'Rojo', 'TTS-040-4ADI-S-ROJ');
INSERT INTO [dbo].[Variante_Producto] (id_variante, id_producto, talla, color, sku) VALUES (94, 40, 'XL', 'Verde', 'TTS-040-4ADI-XL-VER');
INSERT INTO [dbo].[Variante_Producto] (id_variante, id_producto, talla, color, sku) VALUES (95, 41, 'XL', 'Blanco', 'TTS-041-4UND-XL-BLA');
INSERT INTO [dbo].[Variante_Producto] (id_variante, id_producto, talla, color, sku) VALUES (96, 41, 'M', 'Gris', 'TTS-041-4UND-M-GRI');
INSERT INTO [dbo].[Variante_Producto] (id_variante, id_producto, talla, color, sku) VALUES (97, 41, 'S', 'Gris', 'TTS-041-4UND-S-GRI');
INSERT INTO [dbo].[Variante_Producto] (id_variante, id_producto, talla, color, sku) VALUES (98, 42, 'Estándar', 'Blanco', 'TTS-042-6PUM-Estandar-BLA');
INSERT INTO [dbo].[Variante_Producto] (id_variante, id_producto, talla, color, sku) VALUES (99, 43, 'M', 'Blanco', 'TTS-043-4ADI-M-BLA');
INSERT INTO [dbo].[Variante_Producto] (id_variante, id_producto, talla, color, sku) VALUES (100, 43, 'XL', 'Negro', 'TTS-043-4ADI-XL-NEG');
INSERT INTO [dbo].[Variante_Producto] (id_variante, id_producto, talla, color, sku) VALUES (101, 43, 'S', 'Gris', 'TTS-043-4ADI-S-GRI');
INSERT INTO [dbo].[Variante_Producto] (id_variante, id_producto, talla, color, sku) VALUES (102, 44, 'Estándar', 'Rojo', 'TTS-044-6REE-Estandar-ROJ');
INSERT INTO [dbo].[Variante_Producto] (id_variante, id_producto, talla, color, sku) VALUES (103, 45, 'L', 'Gris', 'TTS-045-4UND-L-GRI');
INSERT INTO [dbo].[Variante_Producto] (id_variante, id_producto, talla, color, sku) VALUES (104, 45, 'XL', 'Naranja', 'TTS-045-4UND-XL-NAR');
INSERT INTO [dbo].[Variante_Producto] (id_variante, id_producto, talla, color, sku) VALUES (105, 46, '41', 'Verde', 'TTS-046-1UND-41-VER');
INSERT INTO [dbo].[Variante_Producto] (id_variante, id_producto, talla, color, sku) VALUES (106, 46, '40', 'Gris', 'TTS-046-1UND-40-GRI');
INSERT INTO [dbo].[Variante_Producto] (id_variante, id_producto, talla, color, sku) VALUES (107, 47, 'Estándar', 'Azul', 'TTS-047-6REE-Estandar-AZU');
INSERT INTO [dbo].[Variante_Producto] (id_variante, id_producto, talla, color, sku) VALUES (108, 48, '41', 'Gris', 'TTS-048-1REE-41-GRI');
INSERT INTO [dbo].[Variante_Producto] (id_variante, id_producto, talla, color, sku) VALUES (109, 48, '40', 'Rojo', 'TTS-048-1REE-40-ROJ');
INSERT INTO [dbo].[Variante_Producto] (id_variante, id_producto, talla, color, sku) VALUES (110, 49, '39', 'Rojo', 'TTS-049-1NIK-39-ROJ');
INSERT INTO [dbo].[Variante_Producto] (id_variante, id_producto, talla, color, sku) VALUES (111, 49, '42', 'Gris', 'TTS-049-1NIK-42-GRI');
INSERT INTO [dbo].[Variante_Producto] (id_variante, id_producto, talla, color, sku) VALUES (112, 50, 'M', 'Naranja', 'TTS-050-5ADI-M-NAR');
INSERT INTO [dbo].[Variante_Producto] (id_variante, id_producto, talla, color, sku) VALUES (113, 50, 'XL', 'Gris', 'TTS-050-5ADI-XL-GRI');
INSERT INTO [dbo].[Variante_Producto] (id_variante, id_producto, talla, color, sku) VALUES (114, 51, '42', 'Naranja', 'TTS-051-1REE-42-NAR');
INSERT INTO [dbo].[Variante_Producto] (id_variante, id_producto, talla, color, sku) VALUES (115, 51, '41', 'Azul', 'TTS-051-1REE-41-AZU');
INSERT INTO [dbo].[Variante_Producto] (id_variante, id_producto, talla, color, sku) VALUES (116, 52, 'L', 'Plomo', 'TTS-052-5ADI-L-PLO');
INSERT INTO [dbo].[Variante_Producto] (id_variante, id_producto, talla, color, sku) VALUES (117, 52, 'M', 'Azul', 'TTS-052-5ADI-M-AZU');
INSERT INTO [dbo].[Variante_Producto] (id_variante, id_producto, talla, color, sku) VALUES (118, 52, 'XL', 'Negro', 'TTS-052-5ADI-XL-NEG');
INSERT INTO [dbo].[Variante_Producto] (id_variante, id_producto, talla, color, sku) VALUES (119, 53, 'XL', 'Gris', 'TTS-053-4ASI-XL-GRI');
INSERT INTO [dbo].[Variante_Producto] (id_variante, id_producto, talla, color, sku) VALUES (120, 53, 'L', 'Verde', 'TTS-053-4ASI-L-VER');
INSERT INTO [dbo].[Variante_Producto] (id_variante, id_producto, talla, color, sku) VALUES (121, 53, 'M', 'Rojo', 'TTS-053-4ASI-M-ROJ');
INSERT INTO [dbo].[Variante_Producto] (id_variante, id_producto, talla, color, sku) VALUES (122, 54, 'S', 'Plomo', 'TTS-054-3ADI-S-PLO');
INSERT INTO [dbo].[Variante_Producto] (id_variante, id_producto, talla, color, sku) VALUES (123, 54, 'M', 'Azul', 'TTS-054-3ADI-M-AZU');
INSERT INTO [dbo].[Variante_Producto] (id_variante, id_producto, talla, color, sku) VALUES (124, 54, 'L', 'Verde', 'TTS-054-3ADI-L-VER');
INSERT INTO [dbo].[Variante_Producto] (id_variante, id_producto, talla, color, sku) VALUES (125, 55, 'XL', 'Rojo', 'TTS-055-4ADI-XL-ROJ');
INSERT INTO [dbo].[Variante_Producto] (id_variante, id_producto, talla, color, sku) VALUES (126, 55, 'M', 'Blanco', 'TTS-055-4ADI-M-BLA');
INSERT INTO [dbo].[Variante_Producto] (id_variante, id_producto, talla, color, sku) VALUES (127, 56, '42', 'Rojo', 'TTS-056-1NIK-42-ROJ');
INSERT INTO [dbo].[Variante_Producto] (id_variante, id_producto, talla, color, sku) VALUES (128, 56, '41', 'Blanco', 'TTS-056-1NIK-41-BLA');
INSERT INTO [dbo].[Variante_Producto] (id_variante, id_producto, talla, color, sku) VALUES (129, 56, '43', 'Gris', 'TTS-056-1NIK-43-GRI');
INSERT INTO [dbo].[Variante_Producto] (id_variante, id_producto, talla, color, sku) VALUES (130, 57, '40', 'Naranja', 'TTS-057-1REE-40-NAR');
INSERT INTO [dbo].[Variante_Producto] (id_variante, id_producto, talla, color, sku) VALUES (131, 57, '41', 'Azul', 'TTS-057-1REE-41-AZU');
INSERT INTO [dbo].[Variante_Producto] (id_variante, id_producto, talla, color, sku) VALUES (132, 58, 'M', 'Negro', 'TTS-058-3NIK-M-NEG');
INSERT INTO [dbo].[Variante_Producto] (id_variante, id_producto, talla, color, sku) VALUES (133, 58, 'L', 'Gris', 'TTS-058-3NIK-L-GRI');
INSERT INTO [dbo].[Variante_Producto] (id_variante, id_producto, talla, color, sku) VALUES (134, 59, 'XL', 'Blanco', 'TTS-059-5ASI-XL-BLA');
INSERT INTO [dbo].[Variante_Producto] (id_variante, id_producto, talla, color, sku) VALUES (135, 59, 'S', 'Azul', 'TTS-059-5ASI-S-AZU');
INSERT INTO [dbo].[Variante_Producto] (id_variante, id_producto, talla, color, sku) VALUES (136, 60, 'S', 'Naranja', 'TTS-060-5PUM-S-NAR');
INSERT INTO [dbo].[Variante_Producto] (id_variante, id_producto, talla, color, sku) VALUES (137, 60, 'L', 'Gris', 'TTS-060-5PUM-L-GRI');
INSERT INTO [dbo].[Variante_Producto] (id_variante, id_producto, talla, color, sku) VALUES (138, 60, 'XL', 'Gris', 'TTS-060-5PUM-XL-GRI');
INSERT INTO [dbo].[Variante_Producto] (id_variante, id_producto, talla, color, sku) VALUES (139, 61, '41', 'Naranja', 'TTS-061-1ASI-41-NAR');
INSERT INTO [dbo].[Variante_Producto] (id_variante, id_producto, talla, color, sku) VALUES (140, 61, '43', 'Negro', 'TTS-061-1ASI-43-NEG');
INSERT INTO [dbo].[Variante_Producto] (id_variante, id_producto, talla, color, sku) VALUES (141, 61, '39', 'Verde', 'TTS-061-1ASI-39-VER');
INSERT INTO [dbo].[Variante_Producto] (id_variante, id_producto, talla, color, sku) VALUES (142, 62, 'M', 'Gris', 'TTS-062-2ASI-M-GRI');
INSERT INTO [dbo].[Variante_Producto] (id_variante, id_producto, talla, color, sku) VALUES (143, 62, 'S', 'Verde', 'TTS-062-2ASI-S-VER');
INSERT INTO [dbo].[Variante_Producto] (id_variante, id_producto, talla, color, sku) VALUES (144, 63, 'L', 'Gris', 'TTS-063-3NIK-L-GRI');
INSERT INTO [dbo].[Variante_Producto] (id_variante, id_producto, talla, color, sku) VALUES (145, 63, 'S', 'Naranja', 'TTS-063-3NIK-S-NAR');
INSERT INTO [dbo].[Variante_Producto] (id_variante, id_producto, talla, color, sku) VALUES (146, 63, 'M', 'Negro', 'TTS-063-3NIK-M-NEG');
INSERT INTO [dbo].[Variante_Producto] (id_variante, id_producto, talla, color, sku) VALUES (147, 64, '42', 'Plomo', 'TTS-064-1NIK-42-PLO');
INSERT INTO [dbo].[Variante_Producto] (id_variante, id_producto, talla, color, sku) VALUES (148, 64, '41', 'Verde', 'TTS-064-1NIK-41-VER');
INSERT INTO [dbo].[Variante_Producto] (id_variante, id_producto, talla, color, sku) VALUES (149, 64, '40', 'Naranja', 'TTS-064-1NIK-40-NAR');
INSERT INTO [dbo].[Variante_Producto] (id_variante, id_producto, talla, color, sku) VALUES (150, 65, 'M', 'Verde', 'TTS-065-4REE-M-VER');
INSERT INTO [dbo].[Variante_Producto] (id_variante, id_producto, talla, color, sku) VALUES (151, 65, 'L', 'Blanco', 'TTS-065-4REE-L-BLA');
INSERT INTO [dbo].[Variante_Producto] (id_variante, id_producto, talla, color, sku) VALUES (152, 65, 'S', 'Verde', 'TTS-065-4REE-S-VER');
INSERT INTO [dbo].[Variante_Producto] (id_variante, id_producto, talla, color, sku) VALUES (153, 66, '40', 'Verde', 'TTS-066-1ASI-40-VER');
INSERT INTO [dbo].[Variante_Producto] (id_variante, id_producto, talla, color, sku) VALUES (154, 66, '41', 'Verde', 'TTS-066-1ASI-41-VER');
INSERT INTO [dbo].[Variante_Producto] (id_variante, id_producto, talla, color, sku) VALUES (155, 67, 'XL', 'Negro', 'TTS-067-5REE-XL-NEG');
INSERT INTO [dbo].[Variante_Producto] (id_variante, id_producto, talla, color, sku) VALUES (156, 67, 'S', 'Plomo', 'TTS-067-5REE-S-PLO');
INSERT INTO [dbo].[Variante_Producto] (id_variante, id_producto, talla, color, sku) VALUES (157, 68, 'XL', 'Naranja', 'TTS-068-3NIK-XL-NAR');
INSERT INTO [dbo].[Variante_Producto] (id_variante, id_producto, talla, color, sku) VALUES (158, 68, 'S', 'Rojo', 'TTS-068-3NIK-S-ROJ');
INSERT INTO [dbo].[Variante_Producto] (id_variante, id_producto, talla, color, sku) VALUES (159, 69, 'XL', 'Negro', 'TTS-069-3REE-XL-NEG');
INSERT INTO [dbo].[Variante_Producto] (id_variante, id_producto, talla, color, sku) VALUES (160, 69, 'L', 'Azul', 'TTS-069-3REE-L-AZU');
INSERT INTO [dbo].[Variante_Producto] (id_variante, id_producto, talla, color, sku) VALUES (161, 70, 'L', 'Azul', 'TTS-070-2ADI-L-AZU');
INSERT INTO [dbo].[Variante_Producto] (id_variante, id_producto, talla, color, sku) VALUES (162, 70, 'M', 'Plomo', 'TTS-070-2ADI-M-PLO');
INSERT INTO [dbo].[Variante_Producto] (id_variante, id_producto, talla, color, sku) VALUES (163, 70, 'XL', 'Verde', 'TTS-070-2ADI-XL-VER');
INSERT INTO [dbo].[Variante_Producto] (id_variante, id_producto, talla, color, sku) VALUES (164, 71, 'XL', 'Azul', 'TTS-071-3UND-XL-AZU');
INSERT INTO [dbo].[Variante_Producto] (id_variante, id_producto, talla, color, sku) VALUES (165, 71, 'L', 'Blanco', 'TTS-071-3UND-L-BLA');
INSERT INTO [dbo].[Variante_Producto] (id_variante, id_producto, talla, color, sku) VALUES (166, 71, 'S', 'Gris', 'TTS-071-3UND-S-GRI');
INSERT INTO [dbo].[Variante_Producto] (id_variante, id_producto, talla, color, sku) VALUES (167, 72, 'Estándar', 'Verde', 'TTS-072-6NIK-Estandar-VER');
INSERT INTO [dbo].[Variante_Producto] (id_variante, id_producto, talla, color, sku) VALUES (168, 73, 'S', 'Negro', 'TTS-073-4PUM-S-NEG');
INSERT INTO [dbo].[Variante_Producto] (id_variante, id_producto, talla, color, sku) VALUES (169, 73, 'M', 'Gris', 'TTS-073-4PUM-M-GRI');
INSERT INTO [dbo].[Variante_Producto] (id_variante, id_producto, talla, color, sku) VALUES (170, 74, 'S', 'Rojo', 'TTS-074-2UND-S-ROJ');
INSERT INTO [dbo].[Variante_Producto] (id_variante, id_producto, talla, color, sku) VALUES (171, 74, 'M', 'Gris', 'TTS-074-2UND-M-GRI');
INSERT INTO [dbo].[Variante_Producto] (id_variante, id_producto, talla, color, sku) VALUES (172, 75, 'L', 'Blanco', 'TTS-075-3PUM-L-BLA');
INSERT INTO [dbo].[Variante_Producto] (id_variante, id_producto, talla, color, sku) VALUES (173, 75, 'M', 'Verde', 'TTS-075-3PUM-M-VER');
INSERT INTO [dbo].[Variante_Producto] (id_variante, id_producto, talla, color, sku) VALUES (174, 75, 'S', 'Negro', 'TTS-075-3PUM-S-NEG');
INSERT INTO [dbo].[Variante_Producto] (id_variante, id_producto, talla, color, sku) VALUES (175, 76, 'M', 'Verde', 'TTS-076-2REE-M-VER');
INSERT INTO [dbo].[Variante_Producto] (id_variante, id_producto, talla, color, sku) VALUES (176, 76, 'S', 'Blanco', 'TTS-076-2REE-S-BLA');
INSERT INTO [dbo].[Variante_Producto] (id_variante, id_producto, talla, color, sku) VALUES (177, 77, 'M', 'Gris', 'TTS-077-3ASI-M-GRI');
INSERT INTO [dbo].[Variante_Producto] (id_variante, id_producto, talla, color, sku) VALUES (178, 77, 'S', 'Naranja', 'TTS-077-3ASI-S-NAR');
INSERT INTO [dbo].[Variante_Producto] (id_variante, id_producto, talla, color, sku) VALUES (179, 77, 'XL', 'Gris', 'TTS-077-3ASI-XL-GRI');
INSERT INTO [dbo].[Variante_Producto] (id_variante, id_producto, talla, color, sku) VALUES (180, 78, '41', 'Negro', 'TTS-078-1UND-41-NEG');
INSERT INTO [dbo].[Variante_Producto] (id_variante, id_producto, talla, color, sku) VALUES (181, 78, '40', 'Azul', 'TTS-078-1UND-40-AZU');
INSERT INTO [dbo].[Variante_Producto] (id_variante, id_producto, talla, color, sku) VALUES (182, 79, 'L', 'Verde', 'TTS-079-4NIK-L-VER');
INSERT INTO [dbo].[Variante_Producto] (id_variante, id_producto, talla, color, sku) VALUES (183, 79, 'XL', 'Gris', 'TTS-079-4NIK-XL-GRI');
INSERT INTO [dbo].[Variante_Producto] (id_variante, id_producto, talla, color, sku) VALUES (184, 79, 'M', 'Naranja', 'TTS-079-4NIK-M-NAR');
INSERT INTO [dbo].[Variante_Producto] (id_variante, id_producto, talla, color, sku) VALUES (185, 80, '39', 'Azul', 'TTS-080-1ASI-39-AZU');
INSERT INTO [dbo].[Variante_Producto] (id_variante, id_producto, talla, color, sku) VALUES (186, 80, '41', 'Blanco', 'TTS-080-1ASI-41-BLA');
INSERT INTO [dbo].[Variante_Producto] (id_variante, id_producto, talla, color, sku) VALUES (187, 80, '42', 'Verde', 'TTS-080-1ASI-42-VER');
INSERT INTO [dbo].[Variante_Producto] (id_variante, id_producto, talla, color, sku) VALUES (188, 81, '42', 'Rojo', 'TTS-081-1ASI-42-ROJ');
INSERT INTO [dbo].[Variante_Producto] (id_variante, id_producto, talla, color, sku) VALUES (189, 81, '40', 'Verde', 'TTS-081-1ASI-40-VER');
INSERT INTO [dbo].[Variante_Producto] (id_variante, id_producto, talla, color, sku) VALUES (190, 81, '43', 'Gris', 'TTS-081-1ASI-43-GRI');
INSERT INTO [dbo].[Variante_Producto] (id_variante, id_producto, talla, color, sku) VALUES (191, 82, 'S', 'Naranja', 'TTS-082-3UND-S-NAR');
INSERT INTO [dbo].[Variante_Producto] (id_variante, id_producto, talla, color, sku) VALUES (192, 82, 'L', 'Gris', 'TTS-082-3UND-L-GRI');
INSERT INTO [dbo].[Variante_Producto] (id_variante, id_producto, talla, color, sku) VALUES (193, 83, 'L', 'Blanco', 'TTS-083-4ASI-L-BLA');
INSERT INTO [dbo].[Variante_Producto] (id_variante, id_producto, talla, color, sku) VALUES (194, 83, 'S', 'Gris', 'TTS-083-4ASI-S-GRI');
INSERT INTO [dbo].[Variante_Producto] (id_variante, id_producto, talla, color, sku) VALUES (195, 84, 'S', 'Rojo', 'TTS-084-3UND-S-ROJ');
INSERT INTO [dbo].[Variante_Producto] (id_variante, id_producto, talla, color, sku) VALUES (196, 84, 'L', 'Gris', 'TTS-084-3UND-L-GRI');
INSERT INTO [dbo].[Variante_Producto] (id_variante, id_producto, talla, color, sku) VALUES (197, 85, 'S', 'Negro', 'TTS-085-4REE-S-NEG');
INSERT INTO [dbo].[Variante_Producto] (id_variante, id_producto, talla, color, sku) VALUES (198, 85, 'L', 'Azul', 'TTS-085-4REE-L-AZU');
INSERT INTO [dbo].[Variante_Producto] (id_variante, id_producto, talla, color, sku) VALUES (199, 85, 'M', 'Gris', 'TTS-085-4REE-M-GRI');
INSERT INTO [dbo].[Variante_Producto] (id_variante, id_producto, talla, color, sku) VALUES (200, 86, 'XL', 'Negro', 'TTS-086-4ASI-XL-NEG');
INSERT INTO [dbo].[Variante_Producto] (id_variante, id_producto, talla, color, sku) VALUES (201, 86, 'S', 'Plomo', 'TTS-086-4ASI-S-PLO');
INSERT INTO [dbo].[Variante_Producto] (id_variante, id_producto, talla, color, sku) VALUES (202, 86, 'L', 'Gris', 'TTS-086-4ASI-L-GRI');
INSERT INTO [dbo].[Variante_Producto] (id_variante, id_producto, talla, color, sku) VALUES (203, 87, 'Estándar', 'Naranja', 'TTS-087-6ADI-Estandar-NAR');
INSERT INTO [dbo].[Variante_Producto] (id_variante, id_producto, talla, color, sku) VALUES (204, 88, 'L', 'Azul', 'TTS-088-2UND-L-AZU');
INSERT INTO [dbo].[Variante_Producto] (id_variante, id_producto, talla, color, sku) VALUES (205, 88, 'S', 'Negro', 'TTS-088-2UND-S-NEG');
INSERT INTO [dbo].[Variante_Producto] (id_variante, id_producto, talla, color, sku) VALUES (206, 88, 'M', 'Blanco', 'TTS-088-2UND-M-BLA');
INSERT INTO [dbo].[Variante_Producto] (id_variante, id_producto, talla, color, sku) VALUES (207, 89, 'Estándar', 'Azul', 'TTS-089-6REE-Estandar-AZU');
INSERT INTO [dbo].[Variante_Producto] (id_variante, id_producto, talla, color, sku) VALUES (208, 90, 'S', 'Naranja', 'TTS-090-2ADI-S-NAR');
INSERT INTO [dbo].[Variante_Producto] (id_variante, id_producto, talla, color, sku) VALUES (209, 90, 'M', 'Plomo', 'TTS-090-2ADI-M-PLO');
INSERT INTO [dbo].[Variante_Producto] (id_variante, id_producto, talla, color, sku) VALUES (210, 90, 'XL', 'Gris', 'TTS-090-2ADI-XL-GRI');
INSERT INTO [dbo].[Variante_Producto] (id_variante, id_producto, talla, color, sku) VALUES (211, 91, '43', 'Blanco', 'TTS-091-1UND-43-BLA');
INSERT INTO [dbo].[Variante_Producto] (id_variante, id_producto, talla, color, sku) VALUES (212, 91, '40', 'Naranja', 'TTS-091-1UND-40-NAR');
INSERT INTO [dbo].[Variante_Producto] (id_variante, id_producto, talla, color, sku) VALUES (213, 91, '38', 'Rojo', 'TTS-091-1UND-38-ROJ');
INSERT INTO [dbo].[Variante_Producto] (id_variante, id_producto, talla, color, sku) VALUES (214, 92, 'M', 'Naranja', 'TTS-092-5ADI-M-NAR');
INSERT INTO [dbo].[Variante_Producto] (id_variante, id_producto, talla, color, sku) VALUES (215, 92, 'L', 'Gris', 'TTS-092-5ADI-L-GRI');
INSERT INTO [dbo].[Variante_Producto] (id_variante, id_producto, talla, color, sku) VALUES (216, 92, 'S', 'Verde', 'TTS-092-5ADI-S-VER');
INSERT INTO [dbo].[Variante_Producto] (id_variante, id_producto, talla, color, sku) VALUES (217, 93, 'Estándar', 'Rojo', 'TTS-093-6REE-Estandar-ROJ');
INSERT INTO [dbo].[Variante_Producto] (id_variante, id_producto, talla, color, sku) VALUES (218, 94, 'L', 'Azul', 'TTS-094-4REE-L-AZU');
INSERT INTO [dbo].[Variante_Producto] (id_variante, id_producto, talla, color, sku) VALUES (219, 94, 'M', 'Azul', 'TTS-094-4REE-M-AZU');
INSERT INTO [dbo].[Variante_Producto] (id_variante, id_producto, talla, color, sku) VALUES (220, 95, 'M', 'Naranja', 'TTS-095-5UND-M-NAR');
INSERT INTO [dbo].[Variante_Producto] (id_variante, id_producto, talla, color, sku) VALUES (221, 95, 'XL', 'Plomo', 'TTS-095-5UND-XL-PLO');
INSERT INTO [dbo].[Variante_Producto] (id_variante, id_producto, talla, color, sku) VALUES (222, 96, 'M', 'Naranja', 'TTS-096-2ASI-M-NAR');
INSERT INTO [dbo].[Variante_Producto] (id_variante, id_producto, talla, color, sku) VALUES (223, 96, 'XL', 'Verde', 'TTS-096-2ASI-XL-VER');
INSERT INTO [dbo].[Variante_Producto] (id_variante, id_producto, talla, color, sku) VALUES (224, 96, 'S', 'Gris', 'TTS-096-2ASI-S-GRI');
INSERT INTO [dbo].[Variante_Producto] (id_variante, id_producto, talla, color, sku) VALUES (225, 97, 'L', 'Naranja', 'TTS-097-3UND-L-NAR');
INSERT INTO [dbo].[Variante_Producto] (id_variante, id_producto, talla, color, sku) VALUES (226, 97, 'S', 'Naranja', 'TTS-097-3UND-S-NAR');
INSERT INTO [dbo].[Variante_Producto] (id_variante, id_producto, talla, color, sku) VALUES (227, 98, 'L', 'Plomo', 'TTS-098-3PUM-L-PLO');
INSERT INTO [dbo].[Variante_Producto] (id_variante, id_producto, talla, color, sku) VALUES (228, 98, 'S', 'Plomo', 'TTS-098-3PUM-S-PLO');
INSERT INTO [dbo].[Variante_Producto] (id_variante, id_producto, talla, color, sku) VALUES (229, 99, 'XL', 'Blanco', 'TTS-099-4ASI-XL-BLA');
INSERT INTO [dbo].[Variante_Producto] (id_variante, id_producto, talla, color, sku) VALUES (230, 99, 'M', 'Azul', 'TTS-099-4ASI-M-AZU');
INSERT INTO [dbo].[Variante_Producto] (id_variante, id_producto, talla, color, sku) VALUES (231, 100, 'S', 'Rojo', 'TTS-100-4PUM-S-ROJ');
INSERT INTO [dbo].[Variante_Producto] (id_variante, id_producto, talla, color, sku) VALUES (232, 100, 'L', 'Rojo', 'TTS-100-4PUM-L-ROJ');
INSERT INTO [dbo].[Variante_Producto] (id_variante, id_producto, talla, color, sku) VALUES (233, 100, 'XL', 'Plomo', 'TTS-100-4PUM-XL-PLO');
SET IDENTITY_INSERT [dbo].[Variante_Producto] OFF;
GO

PRINT 'Insertando Inventario...';
SET IDENTITY_INSERT [dbo].[Inventario] ON;
INSERT INTO [dbo].[Inventario] (id_inventario, id_variante, id_almacen, cantidad_stock, fecha_ultima_actualizacion) VALUES (1, 1, 1, 41, '2026-07-01 22:23:59');
INSERT INTO [dbo].[Inventario] (id_inventario, id_variante, id_almacen, cantidad_stock, fecha_ultima_actualizacion) VALUES (2, 2, 3, 18, '2026-06-19 22:23:59');
INSERT INTO [dbo].[Inventario] (id_inventario, id_variante, id_almacen, cantidad_stock, fecha_ultima_actualizacion) VALUES (3, 3, 1, 26, '2026-06-13 22:23:59');
INSERT INTO [dbo].[Inventario] (id_inventario, id_variante, id_almacen, cantidad_stock, fecha_ultima_actualizacion) VALUES (4, 4, 3, 5, '2026-06-29 22:23:59');
INSERT INTO [dbo].[Inventario] (id_inventario, id_variante, id_almacen, cantidad_stock, fecha_ultima_actualizacion) VALUES (5, 5, 1, 39, '2026-06-29 22:23:59');
INSERT INTO [dbo].[Inventario] (id_inventario, id_variante, id_almacen, cantidad_stock, fecha_ultima_actualizacion) VALUES (6, 6, 1, 47, '2026-06-10 22:23:59');
INSERT INTO [dbo].[Inventario] (id_inventario, id_variante, id_almacen, cantidad_stock, fecha_ultima_actualizacion) VALUES (7, 7, 1, 5, '2026-06-26 22:23:59');
INSERT INTO [dbo].[Inventario] (id_inventario, id_variante, id_almacen, cantidad_stock, fecha_ultima_actualizacion) VALUES (8, 8, 3, 25, '2026-07-07 22:23:59');
INSERT INTO [dbo].[Inventario] (id_inventario, id_variante, id_almacen, cantidad_stock, fecha_ultima_actualizacion) VALUES (9, 9, 2, 8, '2026-07-03 22:23:59');
INSERT INTO [dbo].[Inventario] (id_inventario, id_variante, id_almacen, cantidad_stock, fecha_ultima_actualizacion) VALUES (10, 10, 2, 35, '2026-06-23 22:23:59');
INSERT INTO [dbo].[Inventario] (id_inventario, id_variante, id_almacen, cantidad_stock, fecha_ultima_actualizacion) VALUES (11, 10, 1, 28, '2026-06-21 22:23:59');
INSERT INTO [dbo].[Inventario] (id_inventario, id_variante, id_almacen, cantidad_stock, fecha_ultima_actualizacion) VALUES (12, 10, 3, 42, '2026-07-04 22:23:59');
INSERT INTO [dbo].[Inventario] (id_inventario, id_variante, id_almacen, cantidad_stock, fecha_ultima_actualizacion) VALUES (13, 11, 3, 44, '2026-07-06 22:23:59');
INSERT INTO [dbo].[Inventario] (id_inventario, id_variante, id_almacen, cantidad_stock, fecha_ultima_actualizacion) VALUES (14, 11, 1, 47, '2026-06-21 22:23:59');
INSERT INTO [dbo].[Inventario] (id_inventario, id_variante, id_almacen, cantidad_stock, fecha_ultima_actualizacion) VALUES (15, 12, 2, 8, '2026-06-22 22:23:59');
INSERT INTO [dbo].[Inventario] (id_inventario, id_variante, id_almacen, cantidad_stock, fecha_ultima_actualizacion) VALUES (16, 12, 1, 30, '2026-06-24 22:23:59');
INSERT INTO [dbo].[Inventario] (id_inventario, id_variante, id_almacen, cantidad_stock, fecha_ultima_actualizacion) VALUES (17, 13, 1, 9, '2026-06-09 22:23:59');
INSERT INTO [dbo].[Inventario] (id_inventario, id_variante, id_almacen, cantidad_stock, fecha_ultima_actualizacion) VALUES (18, 13, 2, 10, '2026-06-27 22:23:59');
INSERT INTO [dbo].[Inventario] (id_inventario, id_variante, id_almacen, cantidad_stock, fecha_ultima_actualizacion) VALUES (19, 13, 3, 43, '2026-07-03 22:23:59');
INSERT INTO [dbo].[Inventario] (id_inventario, id_variante, id_almacen, cantidad_stock, fecha_ultima_actualizacion) VALUES (20, 14, 1, 22, '2026-06-18 22:23:59');
INSERT INTO [dbo].[Inventario] (id_inventario, id_variante, id_almacen, cantidad_stock, fecha_ultima_actualizacion) VALUES (21, 15, 3, 43, '2026-06-21 22:23:59');
INSERT INTO [dbo].[Inventario] (id_inventario, id_variante, id_almacen, cantidad_stock, fecha_ultima_actualizacion) VALUES (22, 15, 2, 23, '2026-06-23 22:23:59');
INSERT INTO [dbo].[Inventario] (id_inventario, id_variante, id_almacen, cantidad_stock, fecha_ultima_actualizacion) VALUES (23, 15, 1, 37, '2026-06-18 22:23:59');
INSERT INTO [dbo].[Inventario] (id_inventario, id_variante, id_almacen, cantidad_stock, fecha_ultima_actualizacion) VALUES (24, 16, 1, 46, '2026-06-17 22:23:59');
INSERT INTO [dbo].[Inventario] (id_inventario, id_variante, id_almacen, cantidad_stock, fecha_ultima_actualizacion) VALUES (25, 16, 3, 40, '2026-06-14 22:23:59');
INSERT INTO [dbo].[Inventario] (id_inventario, id_variante, id_almacen, cantidad_stock, fecha_ultima_actualizacion) VALUES (26, 17, 2, 33, '2026-06-09 22:23:59');
INSERT INTO [dbo].[Inventario] (id_inventario, id_variante, id_almacen, cantidad_stock, fecha_ultima_actualizacion) VALUES (27, 18, 2, 26, '2026-06-11 22:23:59');
INSERT INTO [dbo].[Inventario] (id_inventario, id_variante, id_almacen, cantidad_stock, fecha_ultima_actualizacion) VALUES (28, 19, 2, 11, '2026-06-27 22:23:59');
INSERT INTO [dbo].[Inventario] (id_inventario, id_variante, id_almacen, cantidad_stock, fecha_ultima_actualizacion) VALUES (29, 19, 3, 32, '2026-06-27 22:23:59');
INSERT INTO [dbo].[Inventario] (id_inventario, id_variante, id_almacen, cantidad_stock, fecha_ultima_actualizacion) VALUES (30, 20, 2, 48, '2026-06-08 22:23:59');
INSERT INTO [dbo].[Inventario] (id_inventario, id_variante, id_almacen, cantidad_stock, fecha_ultima_actualizacion) VALUES (31, 20, 3, 35, '2026-07-05 22:23:59');
INSERT INTO [dbo].[Inventario] (id_inventario, id_variante, id_almacen, cantidad_stock, fecha_ultima_actualizacion) VALUES (32, 20, 1, 10, '2026-06-11 22:23:59');
INSERT INTO [dbo].[Inventario] (id_inventario, id_variante, id_almacen, cantidad_stock, fecha_ultima_actualizacion) VALUES (33, 21, 1, 32, '2026-07-04 22:23:59');
INSERT INTO [dbo].[Inventario] (id_inventario, id_variante, id_almacen, cantidad_stock, fecha_ultima_actualizacion) VALUES (34, 22, 3, 40, '2026-07-06 22:23:59');
INSERT INTO [dbo].[Inventario] (id_inventario, id_variante, id_almacen, cantidad_stock, fecha_ultima_actualizacion) VALUES (35, 22, 2, 42, '2026-06-07 22:23:59');
INSERT INTO [dbo].[Inventario] (id_inventario, id_variante, id_almacen, cantidad_stock, fecha_ultima_actualizacion) VALUES (36, 22, 1, 40, '2026-06-20 22:23:59');
INSERT INTO [dbo].[Inventario] (id_inventario, id_variante, id_almacen, cantidad_stock, fecha_ultima_actualizacion) VALUES (37, 23, 3, 31, '2026-06-26 22:23:59');
INSERT INTO [dbo].[Inventario] (id_inventario, id_variante, id_almacen, cantidad_stock, fecha_ultima_actualizacion) VALUES (38, 23, 1, 47, '2026-06-07 22:23:59');
INSERT INTO [dbo].[Inventario] (id_inventario, id_variante, id_almacen, cantidad_stock, fecha_ultima_actualizacion) VALUES (39, 24, 3, 23, '2026-06-18 22:23:59');
INSERT INTO [dbo].[Inventario] (id_inventario, id_variante, id_almacen, cantidad_stock, fecha_ultima_actualizacion) VALUES (40, 24, 1, 24, '2026-06-26 22:23:59');
INSERT INTO [dbo].[Inventario] (id_inventario, id_variante, id_almacen, cantidad_stock, fecha_ultima_actualizacion) VALUES (41, 25, 3, 37, '2026-07-01 22:23:59');
INSERT INTO [dbo].[Inventario] (id_inventario, id_variante, id_almacen, cantidad_stock, fecha_ultima_actualizacion) VALUES (42, 26, 3, 35, '2026-06-30 22:23:59');
INSERT INTO [dbo].[Inventario] (id_inventario, id_variante, id_almacen, cantidad_stock, fecha_ultima_actualizacion) VALUES (43, 27, 2, 40, '2026-06-26 22:23:59');
INSERT INTO [dbo].[Inventario] (id_inventario, id_variante, id_almacen, cantidad_stock, fecha_ultima_actualizacion) VALUES (44, 28, 2, 41, '2026-06-30 22:23:59');
INSERT INTO [dbo].[Inventario] (id_inventario, id_variante, id_almacen, cantidad_stock, fecha_ultima_actualizacion) VALUES (45, 29, 3, 43, '2026-06-08 22:23:59');
INSERT INTO [dbo].[Inventario] (id_inventario, id_variante, id_almacen, cantidad_stock, fecha_ultima_actualizacion) VALUES (46, 29, 1, 47, '2026-06-11 22:23:59');
INSERT INTO [dbo].[Inventario] (id_inventario, id_variante, id_almacen, cantidad_stock, fecha_ultima_actualizacion) VALUES (47, 30, 2, 22, '2026-06-15 22:23:59');
INSERT INTO [dbo].[Inventario] (id_inventario, id_variante, id_almacen, cantidad_stock, fecha_ultima_actualizacion) VALUES (48, 30, 1, 24, '2026-06-08 22:23:59');
INSERT INTO [dbo].[Inventario] (id_inventario, id_variante, id_almacen, cantidad_stock, fecha_ultima_actualizacion) VALUES (49, 30, 3, 26, '2026-06-26 22:23:59');
INSERT INTO [dbo].[Inventario] (id_inventario, id_variante, id_almacen, cantidad_stock, fecha_ultima_actualizacion) VALUES (50, 31, 1, 14, '2026-06-19 22:23:59');
INSERT INTO [dbo].[Inventario] (id_inventario, id_variante, id_almacen, cantidad_stock, fecha_ultima_actualizacion) VALUES (51, 32, 2, 45, '2026-07-07 22:23:59');
INSERT INTO [dbo].[Inventario] (id_inventario, id_variante, id_almacen, cantidad_stock, fecha_ultima_actualizacion) VALUES (52, 32, 1, 10, '2026-06-14 22:23:59');
INSERT INTO [dbo].[Inventario] (id_inventario, id_variante, id_almacen, cantidad_stock, fecha_ultima_actualizacion) VALUES (53, 32, 3, 38, '2026-07-01 22:23:59');
INSERT INTO [dbo].[Inventario] (id_inventario, id_variante, id_almacen, cantidad_stock, fecha_ultima_actualizacion) VALUES (54, 33, 2, 26, '2026-07-02 22:23:59');
INSERT INTO [dbo].[Inventario] (id_inventario, id_variante, id_almacen, cantidad_stock, fecha_ultima_actualizacion) VALUES (55, 33, 3, 28, '2026-06-28 22:23:59');
INSERT INTO [dbo].[Inventario] (id_inventario, id_variante, id_almacen, cantidad_stock, fecha_ultima_actualizacion) VALUES (56, 34, 2, 14, '2026-07-02 22:23:59');
INSERT INTO [dbo].[Inventario] (id_inventario, id_variante, id_almacen, cantidad_stock, fecha_ultima_actualizacion) VALUES (57, 34, 1, 44, '2026-07-06 22:23:59');
INSERT INTO [dbo].[Inventario] (id_inventario, id_variante, id_almacen, cantidad_stock, fecha_ultima_actualizacion) VALUES (58, 34, 3, 48, '2026-07-05 22:23:59');
INSERT INTO [dbo].[Inventario] (id_inventario, id_variante, id_almacen, cantidad_stock, fecha_ultima_actualizacion) VALUES (59, 35, 2, 36, '2026-06-18 22:23:59');
INSERT INTO [dbo].[Inventario] (id_inventario, id_variante, id_almacen, cantidad_stock, fecha_ultima_actualizacion) VALUES (60, 35, 3, 33, '2026-06-24 22:23:59');
INSERT INTO [dbo].[Inventario] (id_inventario, id_variante, id_almacen, cantidad_stock, fecha_ultima_actualizacion) VALUES (61, 36, 1, 27, '2026-06-24 22:23:59');
INSERT INTO [dbo].[Inventario] (id_inventario, id_variante, id_almacen, cantidad_stock, fecha_ultima_actualizacion) VALUES (62, 36, 3, 12, '2026-06-28 22:23:59');
INSERT INTO [dbo].[Inventario] (id_inventario, id_variante, id_almacen, cantidad_stock, fecha_ultima_actualizacion) VALUES (63, 37, 3, 7, '2026-06-30 22:23:59');
INSERT INTO [dbo].[Inventario] (id_inventario, id_variante, id_almacen, cantidad_stock, fecha_ultima_actualizacion) VALUES (64, 37, 2, 30, '2026-06-18 22:23:59');
INSERT INTO [dbo].[Inventario] (id_inventario, id_variante, id_almacen, cantidad_stock, fecha_ultima_actualizacion) VALUES (65, 37, 1, 8, '2026-07-07 22:23:59');
INSERT INTO [dbo].[Inventario] (id_inventario, id_variante, id_almacen, cantidad_stock, fecha_ultima_actualizacion) VALUES (66, 38, 2, 18, '2026-06-13 22:23:59');
INSERT INTO [dbo].[Inventario] (id_inventario, id_variante, id_almacen, cantidad_stock, fecha_ultima_actualizacion) VALUES (67, 39, 2, 23, '2026-06-27 22:23:59');
INSERT INTO [dbo].[Inventario] (id_inventario, id_variante, id_almacen, cantidad_stock, fecha_ultima_actualizacion) VALUES (68, 40, 1, 36, '2026-06-14 22:23:59');
INSERT INTO [dbo].[Inventario] (id_inventario, id_variante, id_almacen, cantidad_stock, fecha_ultima_actualizacion) VALUES (69, 41, 1, 29, '2026-06-20 22:23:59');
INSERT INTO [dbo].[Inventario] (id_inventario, id_variante, id_almacen, cantidad_stock, fecha_ultima_actualizacion) VALUES (70, 41, 3, 50, '2026-06-30 22:23:59');
INSERT INTO [dbo].[Inventario] (id_inventario, id_variante, id_almacen, cantidad_stock, fecha_ultima_actualizacion) VALUES (71, 42, 3, 30, '2026-06-10 22:23:59');
INSERT INTO [dbo].[Inventario] (id_inventario, id_variante, id_almacen, cantidad_stock, fecha_ultima_actualizacion) VALUES (72, 42, 2, 7, '2026-06-24 22:23:59');
INSERT INTO [dbo].[Inventario] (id_inventario, id_variante, id_almacen, cantidad_stock, fecha_ultima_actualizacion) VALUES (73, 42, 1, 6, '2026-06-23 22:23:59');
INSERT INTO [dbo].[Inventario] (id_inventario, id_variante, id_almacen, cantidad_stock, fecha_ultima_actualizacion) VALUES (74, 43, 2, 41, '2026-06-24 22:23:59');
INSERT INTO [dbo].[Inventario] (id_inventario, id_variante, id_almacen, cantidad_stock, fecha_ultima_actualizacion) VALUES (75, 44, 2, 12, '2026-06-25 22:23:59');
INSERT INTO [dbo].[Inventario] (id_inventario, id_variante, id_almacen, cantidad_stock, fecha_ultima_actualizacion) VALUES (76, 44, 3, 6, '2026-06-07 22:23:59');
INSERT INTO [dbo].[Inventario] (id_inventario, id_variante, id_almacen, cantidad_stock, fecha_ultima_actualizacion) VALUES (77, 44, 1, 25, '2026-07-02 22:23:59');
INSERT INTO [dbo].[Inventario] (id_inventario, id_variante, id_almacen, cantidad_stock, fecha_ultima_actualizacion) VALUES (78, 45, 2, 32, '2026-06-10 22:23:59');
INSERT INTO [dbo].[Inventario] (id_inventario, id_variante, id_almacen, cantidad_stock, fecha_ultima_actualizacion) VALUES (79, 45, 3, 11, '2026-06-30 22:23:59');
INSERT INTO [dbo].[Inventario] (id_inventario, id_variante, id_almacen, cantidad_stock, fecha_ultima_actualizacion) VALUES (80, 45, 1, 32, '2026-06-19 22:23:59');
INSERT INTO [dbo].[Inventario] (id_inventario, id_variante, id_almacen, cantidad_stock, fecha_ultima_actualizacion) VALUES (81, 46, 3, 30, '2026-06-10 22:23:59');
INSERT INTO [dbo].[Inventario] (id_inventario, id_variante, id_almacen, cantidad_stock, fecha_ultima_actualizacion) VALUES (82, 46, 1, 24, '2026-06-14 22:23:59');
INSERT INTO [dbo].[Inventario] (id_inventario, id_variante, id_almacen, cantidad_stock, fecha_ultima_actualizacion) VALUES (83, 47, 1, 15, '2026-07-05 22:23:59');
INSERT INTO [dbo].[Inventario] (id_inventario, id_variante, id_almacen, cantidad_stock, fecha_ultima_actualizacion) VALUES (84, 47, 2, 37, '2026-06-17 22:23:59');
INSERT INTO [dbo].[Inventario] (id_inventario, id_variante, id_almacen, cantidad_stock, fecha_ultima_actualizacion) VALUES (85, 48, 3, 37, '2026-07-01 22:23:59');
INSERT INTO [dbo].[Inventario] (id_inventario, id_variante, id_almacen, cantidad_stock, fecha_ultima_actualizacion) VALUES (86, 49, 2, 20, '2026-07-04 22:23:59');
INSERT INTO [dbo].[Inventario] (id_inventario, id_variante, id_almacen, cantidad_stock, fecha_ultima_actualizacion) VALUES (87, 49, 1, 14, '2026-06-29 22:23:59');
INSERT INTO [dbo].[Inventario] (id_inventario, id_variante, id_almacen, cantidad_stock, fecha_ultima_actualizacion) VALUES (88, 50, 1, 43, '2026-07-03 22:23:59');
INSERT INTO [dbo].[Inventario] (id_inventario, id_variante, id_almacen, cantidad_stock, fecha_ultima_actualizacion) VALUES (89, 51, 1, 34, '2026-06-13 22:23:59');
INSERT INTO [dbo].[Inventario] (id_inventario, id_variante, id_almacen, cantidad_stock, fecha_ultima_actualizacion) VALUES (90, 51, 3, 41, '2026-06-13 22:23:59');
INSERT INTO [dbo].[Inventario] (id_inventario, id_variante, id_almacen, cantidad_stock, fecha_ultima_actualizacion) VALUES (91, 51, 2, 42, '2026-06-23 22:23:59');
INSERT INTO [dbo].[Inventario] (id_inventario, id_variante, id_almacen, cantidad_stock, fecha_ultima_actualizacion) VALUES (92, 52, 3, 14, '2026-06-23 22:23:59');
INSERT INTO [dbo].[Inventario] (id_inventario, id_variante, id_almacen, cantidad_stock, fecha_ultima_actualizacion) VALUES (93, 52, 2, 9, '2026-06-22 22:23:59');
INSERT INTO [dbo].[Inventario] (id_inventario, id_variante, id_almacen, cantidad_stock, fecha_ultima_actualizacion) VALUES (94, 52, 1, 33, '2026-06-17 22:23:59');
INSERT INTO [dbo].[Inventario] (id_inventario, id_variante, id_almacen, cantidad_stock, fecha_ultima_actualizacion) VALUES (95, 53, 2, 27, '2026-06-21 22:23:59');
INSERT INTO [dbo].[Inventario] (id_inventario, id_variante, id_almacen, cantidad_stock, fecha_ultima_actualizacion) VALUES (96, 53, 1, 9, '2026-06-28 22:23:59');
INSERT INTO [dbo].[Inventario] (id_inventario, id_variante, id_almacen, cantidad_stock, fecha_ultima_actualizacion) VALUES (97, 54, 2, 8, '2026-06-26 22:23:59');
INSERT INTO [dbo].[Inventario] (id_inventario, id_variante, id_almacen, cantidad_stock, fecha_ultima_actualizacion) VALUES (98, 54, 1, 23, '2026-07-05 22:23:59');
INSERT INTO [dbo].[Inventario] (id_inventario, id_variante, id_almacen, cantidad_stock, fecha_ultima_actualizacion) VALUES (99, 55, 1, 42, '2026-06-20 22:23:59');
INSERT INTO [dbo].[Inventario] (id_inventario, id_variante, id_almacen, cantidad_stock, fecha_ultima_actualizacion) VALUES (100, 55, 2, 7, '2026-06-23 22:23:59');
INSERT INTO [dbo].[Inventario] (id_inventario, id_variante, id_almacen, cantidad_stock, fecha_ultima_actualizacion) VALUES (101, 55, 3, 41, '2026-06-17 22:23:59');
INSERT INTO [dbo].[Inventario] (id_inventario, id_variante, id_almacen, cantidad_stock, fecha_ultima_actualizacion) VALUES (102, 56, 2, 43, '2026-06-22 22:23:59');
INSERT INTO [dbo].[Inventario] (id_inventario, id_variante, id_almacen, cantidad_stock, fecha_ultima_actualizacion) VALUES (103, 57, 1, 11, '2026-06-12 22:23:59');
INSERT INTO [dbo].[Inventario] (id_inventario, id_variante, id_almacen, cantidad_stock, fecha_ultima_actualizacion) VALUES (104, 57, 3, 26, '2026-06-15 22:23:59');
INSERT INTO [dbo].[Inventario] (id_inventario, id_variante, id_almacen, cantidad_stock, fecha_ultima_actualizacion) VALUES (105, 57, 2, 10, '2026-06-21 22:23:59');
INSERT INTO [dbo].[Inventario] (id_inventario, id_variante, id_almacen, cantidad_stock, fecha_ultima_actualizacion) VALUES (106, 58, 1, 50, '2026-06-23 22:23:59');
INSERT INTO [dbo].[Inventario] (id_inventario, id_variante, id_almacen, cantidad_stock, fecha_ultima_actualizacion) VALUES (107, 58, 3, 33, '2026-06-21 22:23:59');
INSERT INTO [dbo].[Inventario] (id_inventario, id_variante, id_almacen, cantidad_stock, fecha_ultima_actualizacion) VALUES (108, 58, 2, 38, '2026-06-18 22:23:59');
INSERT INTO [dbo].[Inventario] (id_inventario, id_variante, id_almacen, cantidad_stock, fecha_ultima_actualizacion) VALUES (109, 59, 2, 28, '2026-06-08 22:23:59');
INSERT INTO [dbo].[Inventario] (id_inventario, id_variante, id_almacen, cantidad_stock, fecha_ultima_actualizacion) VALUES (110, 60, 2, 26, '2026-06-16 22:23:59');
INSERT INTO [dbo].[Inventario] (id_inventario, id_variante, id_almacen, cantidad_stock, fecha_ultima_actualizacion) VALUES (111, 60, 3, 43, '2026-07-06 22:23:59');
INSERT INTO [dbo].[Inventario] (id_inventario, id_variante, id_almacen, cantidad_stock, fecha_ultima_actualizacion) VALUES (112, 61, 3, 26, '2026-07-04 22:23:59');
INSERT INTO [dbo].[Inventario] (id_inventario, id_variante, id_almacen, cantidad_stock, fecha_ultima_actualizacion) VALUES (113, 61, 2, 40, '2026-06-16 22:23:59');
INSERT INTO [dbo].[Inventario] (id_inventario, id_variante, id_almacen, cantidad_stock, fecha_ultima_actualizacion) VALUES (114, 61, 1, 29, '2026-06-28 22:23:59');
INSERT INTO [dbo].[Inventario] (id_inventario, id_variante, id_almacen, cantidad_stock, fecha_ultima_actualizacion) VALUES (115, 62, 3, 26, '2026-07-05 22:23:59');
INSERT INTO [dbo].[Inventario] (id_inventario, id_variante, id_almacen, cantidad_stock, fecha_ultima_actualizacion) VALUES (116, 62, 1, 42, '2026-06-16 22:23:59');
INSERT INTO [dbo].[Inventario] (id_inventario, id_variante, id_almacen, cantidad_stock, fecha_ultima_actualizacion) VALUES (117, 63, 2, 24, '2026-06-07 22:23:59');
INSERT INTO [dbo].[Inventario] (id_inventario, id_variante, id_almacen, cantidad_stock, fecha_ultima_actualizacion) VALUES (118, 64, 3, 43, '2026-06-15 22:23:59');
INSERT INTO [dbo].[Inventario] (id_inventario, id_variante, id_almacen, cantidad_stock, fecha_ultima_actualizacion) VALUES (119, 64, 2, 10, '2026-06-28 22:23:59');
INSERT INTO [dbo].[Inventario] (id_inventario, id_variante, id_almacen, cantidad_stock, fecha_ultima_actualizacion) VALUES (120, 64, 1, 40, '2026-06-25 22:23:59');
INSERT INTO [dbo].[Inventario] (id_inventario, id_variante, id_almacen, cantidad_stock, fecha_ultima_actualizacion) VALUES (121, 65, 2, 46, '2026-06-16 22:23:59');
INSERT INTO [dbo].[Inventario] (id_inventario, id_variante, id_almacen, cantidad_stock, fecha_ultima_actualizacion) VALUES (122, 65, 1, 32, '2026-06-21 22:23:59');
INSERT INTO [dbo].[Inventario] (id_inventario, id_variante, id_almacen, cantidad_stock, fecha_ultima_actualizacion) VALUES (123, 65, 3, 28, '2026-07-07 22:23:59');
INSERT INTO [dbo].[Inventario] (id_inventario, id_variante, id_almacen, cantidad_stock, fecha_ultima_actualizacion) VALUES (124, 66, 2, 18, '2026-06-27 22:23:59');
INSERT INTO [dbo].[Inventario] (id_inventario, id_variante, id_almacen, cantidad_stock, fecha_ultima_actualizacion) VALUES (125, 66, 1, 36, '2026-07-01 22:23:59');
INSERT INTO [dbo].[Inventario] (id_inventario, id_variante, id_almacen, cantidad_stock, fecha_ultima_actualizacion) VALUES (126, 67, 1, 14, '2026-07-05 22:23:59');
INSERT INTO [dbo].[Inventario] (id_inventario, id_variante, id_almacen, cantidad_stock, fecha_ultima_actualizacion) VALUES (127, 68, 1, 47, '2026-06-27 22:23:59');
INSERT INTO [dbo].[Inventario] (id_inventario, id_variante, id_almacen, cantidad_stock, fecha_ultima_actualizacion) VALUES (128, 68, 3, 44, '2026-07-03 22:23:59');
INSERT INTO [dbo].[Inventario] (id_inventario, id_variante, id_almacen, cantidad_stock, fecha_ultima_actualizacion) VALUES (129, 69, 2, 16, '2026-06-11 22:23:59');
INSERT INTO [dbo].[Inventario] (id_inventario, id_variante, id_almacen, cantidad_stock, fecha_ultima_actualizacion) VALUES (130, 69, 1, 49, '2026-06-13 22:23:59');
INSERT INTO [dbo].[Inventario] (id_inventario, id_variante, id_almacen, cantidad_stock, fecha_ultima_actualizacion) VALUES (131, 69, 3, 44, '2026-06-12 22:23:59');
INSERT INTO [dbo].[Inventario] (id_inventario, id_variante, id_almacen, cantidad_stock, fecha_ultima_actualizacion) VALUES (132, 70, 3, 33, '2026-07-06 22:23:59');
INSERT INTO [dbo].[Inventario] (id_inventario, id_variante, id_almacen, cantidad_stock, fecha_ultima_actualizacion) VALUES (133, 71, 2, 33, '2026-06-18 22:23:59');
INSERT INTO [dbo].[Inventario] (id_inventario, id_variante, id_almacen, cantidad_stock, fecha_ultima_actualizacion) VALUES (134, 71, 1, 23, '2026-06-13 22:23:59');
INSERT INTO [dbo].[Inventario] (id_inventario, id_variante, id_almacen, cantidad_stock, fecha_ultima_actualizacion) VALUES (135, 72, 2, 24, '2026-06-07 22:23:59');
INSERT INTO [dbo].[Inventario] (id_inventario, id_variante, id_almacen, cantidad_stock, fecha_ultima_actualizacion) VALUES (136, 72, 1, 35, '2026-06-09 22:23:59');
INSERT INTO [dbo].[Inventario] (id_inventario, id_variante, id_almacen, cantidad_stock, fecha_ultima_actualizacion) VALUES (137, 72, 3, 17, '2026-06-26 22:23:59');
INSERT INTO [dbo].[Inventario] (id_inventario, id_variante, id_almacen, cantidad_stock, fecha_ultima_actualizacion) VALUES (138, 73, 3, 23, '2026-06-13 22:23:59');
INSERT INTO [dbo].[Inventario] (id_inventario, id_variante, id_almacen, cantidad_stock, fecha_ultima_actualizacion) VALUES (139, 73, 2, 29, '2026-06-21 22:23:59');
INSERT INTO [dbo].[Inventario] (id_inventario, id_variante, id_almacen, cantidad_stock, fecha_ultima_actualizacion) VALUES (140, 73, 1, 38, '2026-06-24 22:23:59');
INSERT INTO [dbo].[Inventario] (id_inventario, id_variante, id_almacen, cantidad_stock, fecha_ultima_actualizacion) VALUES (141, 74, 1, 43, '2026-07-03 22:23:59');
INSERT INTO [dbo].[Inventario] (id_inventario, id_variante, id_almacen, cantidad_stock, fecha_ultima_actualizacion) VALUES (142, 75, 1, 28, '2026-06-20 22:23:59');
INSERT INTO [dbo].[Inventario] (id_inventario, id_variante, id_almacen, cantidad_stock, fecha_ultima_actualizacion) VALUES (143, 75, 2, 11, '2026-06-15 22:23:59');
INSERT INTO [dbo].[Inventario] (id_inventario, id_variante, id_almacen, cantidad_stock, fecha_ultima_actualizacion) VALUES (144, 76, 1, 15, '2026-06-29 22:23:59');
INSERT INTO [dbo].[Inventario] (id_inventario, id_variante, id_almacen, cantidad_stock, fecha_ultima_actualizacion) VALUES (145, 76, 2, 33, '2026-06-09 22:23:59');
INSERT INTO [dbo].[Inventario] (id_inventario, id_variante, id_almacen, cantidad_stock, fecha_ultima_actualizacion) VALUES (146, 76, 3, 37, '2026-07-03 22:23:59');
INSERT INTO [dbo].[Inventario] (id_inventario, id_variante, id_almacen, cantidad_stock, fecha_ultima_actualizacion) VALUES (147, 77, 1, 33, '2026-06-09 22:23:59');
INSERT INTO [dbo].[Inventario] (id_inventario, id_variante, id_almacen, cantidad_stock, fecha_ultima_actualizacion) VALUES (148, 77, 3, 27, '2026-06-08 22:23:59');
INSERT INTO [dbo].[Inventario] (id_inventario, id_variante, id_almacen, cantidad_stock, fecha_ultima_actualizacion) VALUES (149, 78, 2, 8, '2026-06-25 22:23:59');
INSERT INTO [dbo].[Inventario] (id_inventario, id_variante, id_almacen, cantidad_stock, fecha_ultima_actualizacion) VALUES (150, 79, 2, 10, '2026-06-26 22:23:59');
INSERT INTO [dbo].[Inventario] (id_inventario, id_variante, id_almacen, cantidad_stock, fecha_ultima_actualizacion) VALUES (151, 79, 1, 19, '2026-07-07 22:23:59');
INSERT INTO [dbo].[Inventario] (id_inventario, id_variante, id_almacen, cantidad_stock, fecha_ultima_actualizacion) VALUES (152, 79, 3, 25, '2026-06-08 22:23:59');
INSERT INTO [dbo].[Inventario] (id_inventario, id_variante, id_almacen, cantidad_stock, fecha_ultima_actualizacion) VALUES (153, 80, 3, 46, '2026-06-27 22:23:59');
INSERT INTO [dbo].[Inventario] (id_inventario, id_variante, id_almacen, cantidad_stock, fecha_ultima_actualizacion) VALUES (154, 81, 1, 7, '2026-06-28 22:23:59');
INSERT INTO [dbo].[Inventario] (id_inventario, id_variante, id_almacen, cantidad_stock, fecha_ultima_actualizacion) VALUES (155, 82, 3, 50, '2026-06-22 22:23:59');
INSERT INTO [dbo].[Inventario] (id_inventario, id_variante, id_almacen, cantidad_stock, fecha_ultima_actualizacion) VALUES (156, 82, 1, 33, '2026-06-18 22:23:59');
INSERT INTO [dbo].[Inventario] (id_inventario, id_variante, id_almacen, cantidad_stock, fecha_ultima_actualizacion) VALUES (157, 83, 1, 6, '2026-06-29 22:23:59');
INSERT INTO [dbo].[Inventario] (id_inventario, id_variante, id_almacen, cantidad_stock, fecha_ultima_actualizacion) VALUES (158, 84, 1, 40, '2026-06-07 22:23:59');
INSERT INTO [dbo].[Inventario] (id_inventario, id_variante, id_almacen, cantidad_stock, fecha_ultima_actualizacion) VALUES (159, 85, 3, 23, '2026-06-30 22:23:59');
INSERT INTO [dbo].[Inventario] (id_inventario, id_variante, id_almacen, cantidad_stock, fecha_ultima_actualizacion) VALUES (160, 85, 2, 24, '2026-07-04 22:23:59');
INSERT INTO [dbo].[Inventario] (id_inventario, id_variante, id_almacen, cantidad_stock, fecha_ultima_actualizacion) VALUES (161, 85, 1, 8, '2026-06-30 22:23:59');
INSERT INTO [dbo].[Inventario] (id_inventario, id_variante, id_almacen, cantidad_stock, fecha_ultima_actualizacion) VALUES (162, 86, 3, 9, '2026-07-04 22:23:59');
INSERT INTO [dbo].[Inventario] (id_inventario, id_variante, id_almacen, cantidad_stock, fecha_ultima_actualizacion) VALUES (163, 86, 2, 36, '2026-06-18 22:23:59');
INSERT INTO [dbo].[Inventario] (id_inventario, id_variante, id_almacen, cantidad_stock, fecha_ultima_actualizacion) VALUES (164, 87, 1, 23, '2026-06-24 22:23:59');
INSERT INTO [dbo].[Inventario] (id_inventario, id_variante, id_almacen, cantidad_stock, fecha_ultima_actualizacion) VALUES (165, 87, 3, 5, '2026-06-18 22:23:59');
INSERT INTO [dbo].[Inventario] (id_inventario, id_variante, id_almacen, cantidad_stock, fecha_ultima_actualizacion) VALUES (166, 87, 2, 27, '2026-06-30 22:23:59');
INSERT INTO [dbo].[Inventario] (id_inventario, id_variante, id_almacen, cantidad_stock, fecha_ultima_actualizacion) VALUES (167, 88, 2, 38, '2026-06-26 22:23:59');
INSERT INTO [dbo].[Inventario] (id_inventario, id_variante, id_almacen, cantidad_stock, fecha_ultima_actualizacion) VALUES (168, 88, 1, 9, '2026-06-07 22:23:59');
INSERT INTO [dbo].[Inventario] (id_inventario, id_variante, id_almacen, cantidad_stock, fecha_ultima_actualizacion) VALUES (169, 88, 3, 38, '2026-06-20 22:23:59');
INSERT INTO [dbo].[Inventario] (id_inventario, id_variante, id_almacen, cantidad_stock, fecha_ultima_actualizacion) VALUES (170, 89, 3, 35, '2026-07-06 22:23:59');
INSERT INTO [dbo].[Inventario] (id_inventario, id_variante, id_almacen, cantidad_stock, fecha_ultima_actualizacion) VALUES (171, 89, 1, 45, '2026-06-25 22:23:59');
INSERT INTO [dbo].[Inventario] (id_inventario, id_variante, id_almacen, cantidad_stock, fecha_ultima_actualizacion) VALUES (172, 89, 2, 28, '2026-06-29 22:23:59');
INSERT INTO [dbo].[Inventario] (id_inventario, id_variante, id_almacen, cantidad_stock, fecha_ultima_actualizacion) VALUES (173, 90, 1, 27, '2026-06-30 22:23:59');
INSERT INTO [dbo].[Inventario] (id_inventario, id_variante, id_almacen, cantidad_stock, fecha_ultima_actualizacion) VALUES (174, 90, 2, 47, '2026-06-17 22:23:59');
INSERT INTO [dbo].[Inventario] (id_inventario, id_variante, id_almacen, cantidad_stock, fecha_ultima_actualizacion) VALUES (175, 90, 3, 11, '2026-06-13 22:23:59');
INSERT INTO [dbo].[Inventario] (id_inventario, id_variante, id_almacen, cantidad_stock, fecha_ultima_actualizacion) VALUES (176, 91, 3, 7, '2026-06-26 22:23:59');
INSERT INTO [dbo].[Inventario] (id_inventario, id_variante, id_almacen, cantidad_stock, fecha_ultima_actualizacion) VALUES (177, 91, 2, 39, '2026-06-27 22:23:59');
INSERT INTO [dbo].[Inventario] (id_inventario, id_variante, id_almacen, cantidad_stock, fecha_ultima_actualizacion) VALUES (178, 91, 1, 46, '2026-07-02 22:23:59');
INSERT INTO [dbo].[Inventario] (id_inventario, id_variante, id_almacen, cantidad_stock, fecha_ultima_actualizacion) VALUES (179, 92, 2, 13, '2026-07-05 22:23:59');
INSERT INTO [dbo].[Inventario] (id_inventario, id_variante, id_almacen, cantidad_stock, fecha_ultima_actualizacion) VALUES (180, 92, 3, 50, '2026-06-13 22:23:59');
INSERT INTO [dbo].[Inventario] (id_inventario, id_variante, id_almacen, cantidad_stock, fecha_ultima_actualizacion) VALUES (181, 92, 1, 34, '2026-07-06 22:23:59');
INSERT INTO [dbo].[Inventario] (id_inventario, id_variante, id_almacen, cantidad_stock, fecha_ultima_actualizacion) VALUES (182, 93, 1, 17, '2026-06-09 22:23:59');
INSERT INTO [dbo].[Inventario] (id_inventario, id_variante, id_almacen, cantidad_stock, fecha_ultima_actualizacion) VALUES (183, 93, 3, 7, '2026-06-27 22:23:59');
INSERT INTO [dbo].[Inventario] (id_inventario, id_variante, id_almacen, cantidad_stock, fecha_ultima_actualizacion) VALUES (184, 94, 3, 39, '2026-06-22 22:23:59');
INSERT INTO [dbo].[Inventario] (id_inventario, id_variante, id_almacen, cantidad_stock, fecha_ultima_actualizacion) VALUES (185, 94, 2, 21, '2026-07-06 22:23:59');
INSERT INTO [dbo].[Inventario] (id_inventario, id_variante, id_almacen, cantidad_stock, fecha_ultima_actualizacion) VALUES (186, 95, 1, 8, '2026-06-10 22:23:59');
INSERT INTO [dbo].[Inventario] (id_inventario, id_variante, id_almacen, cantidad_stock, fecha_ultima_actualizacion) VALUES (187, 95, 2, 46, '2026-06-27 22:23:59');
INSERT INTO [dbo].[Inventario] (id_inventario, id_variante, id_almacen, cantidad_stock, fecha_ultima_actualizacion) VALUES (188, 95, 3, 22, '2026-07-04 22:23:59');
INSERT INTO [dbo].[Inventario] (id_inventario, id_variante, id_almacen, cantidad_stock, fecha_ultima_actualizacion) VALUES (189, 96, 2, 33, '2026-06-09 22:23:59');
INSERT INTO [dbo].[Inventario] (id_inventario, id_variante, id_almacen, cantidad_stock, fecha_ultima_actualizacion) VALUES (190, 96, 3, 29, '2026-06-27 22:23:59');
INSERT INTO [dbo].[Inventario] (id_inventario, id_variante, id_almacen, cantidad_stock, fecha_ultima_actualizacion) VALUES (191, 97, 2, 49, '2026-06-22 22:23:59');
INSERT INTO [dbo].[Inventario] (id_inventario, id_variante, id_almacen, cantidad_stock, fecha_ultima_actualizacion) VALUES (192, 98, 3, 10, '2026-06-14 22:23:59');
INSERT INTO [dbo].[Inventario] (id_inventario, id_variante, id_almacen, cantidad_stock, fecha_ultima_actualizacion) VALUES (193, 98, 2, 32, '2026-07-05 22:23:59');
INSERT INTO [dbo].[Inventario] (id_inventario, id_variante, id_almacen, cantidad_stock, fecha_ultima_actualizacion) VALUES (194, 99, 3, 39, '2026-06-28 22:23:59');
INSERT INTO [dbo].[Inventario] (id_inventario, id_variante, id_almacen, cantidad_stock, fecha_ultima_actualizacion) VALUES (195, 99, 1, 25, '2026-07-04 22:23:59');
INSERT INTO [dbo].[Inventario] (id_inventario, id_variante, id_almacen, cantidad_stock, fecha_ultima_actualizacion) VALUES (196, 100, 2, 47, '2026-06-28 22:23:59');
INSERT INTO [dbo].[Inventario] (id_inventario, id_variante, id_almacen, cantidad_stock, fecha_ultima_actualizacion) VALUES (197, 101, 2, 15, '2026-06-15 22:23:59');
INSERT INTO [dbo].[Inventario] (id_inventario, id_variante, id_almacen, cantidad_stock, fecha_ultima_actualizacion) VALUES (198, 101, 3, 33, '2026-06-26 22:23:59');
INSERT INTO [dbo].[Inventario] (id_inventario, id_variante, id_almacen, cantidad_stock, fecha_ultima_actualizacion) VALUES (199, 102, 1, 44, '2026-06-24 22:23:59');
INSERT INTO [dbo].[Inventario] (id_inventario, id_variante, id_almacen, cantidad_stock, fecha_ultima_actualizacion) VALUES (200, 102, 2, 22, '2026-06-17 22:23:59');
INSERT INTO [dbo].[Inventario] (id_inventario, id_variante, id_almacen, cantidad_stock, fecha_ultima_actualizacion) VALUES (201, 103, 1, 47, '2026-06-17 22:23:59');
INSERT INTO [dbo].[Inventario] (id_inventario, id_variante, id_almacen, cantidad_stock, fecha_ultima_actualizacion) VALUES (202, 104, 2, 6, '2026-07-03 22:23:59');
INSERT INTO [dbo].[Inventario] (id_inventario, id_variante, id_almacen, cantidad_stock, fecha_ultima_actualizacion) VALUES (203, 104, 1, 43, '2026-06-16 22:23:59');
INSERT INTO [dbo].[Inventario] (id_inventario, id_variante, id_almacen, cantidad_stock, fecha_ultima_actualizacion) VALUES (204, 105, 1, 9, '2026-06-30 22:23:59');
INSERT INTO [dbo].[Inventario] (id_inventario, id_variante, id_almacen, cantidad_stock, fecha_ultima_actualizacion) VALUES (205, 105, 3, 46, '2026-06-26 22:23:59');
INSERT INTO [dbo].[Inventario] (id_inventario, id_variante, id_almacen, cantidad_stock, fecha_ultima_actualizacion) VALUES (206, 106, 2, 43, '2026-07-03 22:23:59');
INSERT INTO [dbo].[Inventario] (id_inventario, id_variante, id_almacen, cantidad_stock, fecha_ultima_actualizacion) VALUES (207, 106, 1, 48, '2026-06-23 22:23:59');
INSERT INTO [dbo].[Inventario] (id_inventario, id_variante, id_almacen, cantidad_stock, fecha_ultima_actualizacion) VALUES (208, 107, 2, 9, '2026-06-19 22:23:59');
INSERT INTO [dbo].[Inventario] (id_inventario, id_variante, id_almacen, cantidad_stock, fecha_ultima_actualizacion) VALUES (209, 107, 3, 13, '2026-06-21 22:23:59');
INSERT INTO [dbo].[Inventario] (id_inventario, id_variante, id_almacen, cantidad_stock, fecha_ultima_actualizacion) VALUES (210, 108, 2, 46, '2026-06-29 22:23:59');
INSERT INTO [dbo].[Inventario] (id_inventario, id_variante, id_almacen, cantidad_stock, fecha_ultima_actualizacion) VALUES (211, 108, 3, 20, '2026-06-07 22:23:59');
INSERT INTO [dbo].[Inventario] (id_inventario, id_variante, id_almacen, cantidad_stock, fecha_ultima_actualizacion) VALUES (212, 109, 1, 16, '2026-06-22 22:23:59');
INSERT INTO [dbo].[Inventario] (id_inventario, id_variante, id_almacen, cantidad_stock, fecha_ultima_actualizacion) VALUES (213, 110, 2, 21, '2026-06-15 22:23:59');
INSERT INTO [dbo].[Inventario] (id_inventario, id_variante, id_almacen, cantidad_stock, fecha_ultima_actualizacion) VALUES (214, 110, 1, 33, '2026-07-01 22:23:59');
INSERT INTO [dbo].[Inventario] (id_inventario, id_variante, id_almacen, cantidad_stock, fecha_ultima_actualizacion) VALUES (215, 110, 3, 44, '2026-06-28 22:23:59');
INSERT INTO [dbo].[Inventario] (id_inventario, id_variante, id_almacen, cantidad_stock, fecha_ultima_actualizacion) VALUES (216, 111, 2, 13, '2026-06-10 22:23:59');
INSERT INTO [dbo].[Inventario] (id_inventario, id_variante, id_almacen, cantidad_stock, fecha_ultima_actualizacion) VALUES (217, 111, 1, 9, '2026-06-23 22:23:59');
INSERT INTO [dbo].[Inventario] (id_inventario, id_variante, id_almacen, cantidad_stock, fecha_ultima_actualizacion) VALUES (218, 111, 3, 16, '2026-06-09 22:23:59');
INSERT INTO [dbo].[Inventario] (id_inventario, id_variante, id_almacen, cantidad_stock, fecha_ultima_actualizacion) VALUES (219, 112, 2, 47, '2026-06-26 22:23:59');
INSERT INTO [dbo].[Inventario] (id_inventario, id_variante, id_almacen, cantidad_stock, fecha_ultima_actualizacion) VALUES (220, 112, 1, 50, '2026-07-05 22:23:59');
INSERT INTO [dbo].[Inventario] (id_inventario, id_variante, id_almacen, cantidad_stock, fecha_ultima_actualizacion) VALUES (221, 112, 3, 40, '2026-06-20 22:23:59');
INSERT INTO [dbo].[Inventario] (id_inventario, id_variante, id_almacen, cantidad_stock, fecha_ultima_actualizacion) VALUES (222, 113, 2, 50, '2026-06-15 22:23:59');
INSERT INTO [dbo].[Inventario] (id_inventario, id_variante, id_almacen, cantidad_stock, fecha_ultima_actualizacion) VALUES (223, 113, 1, 49, '2026-06-17 22:23:59');
INSERT INTO [dbo].[Inventario] (id_inventario, id_variante, id_almacen, cantidad_stock, fecha_ultima_actualizacion) VALUES (224, 114, 2, 37, '2026-06-30 22:23:59');
INSERT INTO [dbo].[Inventario] (id_inventario, id_variante, id_almacen, cantidad_stock, fecha_ultima_actualizacion) VALUES (225, 115, 1, 13, '2026-06-30 22:23:59');
INSERT INTO [dbo].[Inventario] (id_inventario, id_variante, id_almacen, cantidad_stock, fecha_ultima_actualizacion) VALUES (226, 116, 1, 40, '2026-06-19 22:23:59');
INSERT INTO [dbo].[Inventario] (id_inventario, id_variante, id_almacen, cantidad_stock, fecha_ultima_actualizacion) VALUES (227, 116, 2, 28, '2026-06-23 22:23:59');
INSERT INTO [dbo].[Inventario] (id_inventario, id_variante, id_almacen, cantidad_stock, fecha_ultima_actualizacion) VALUES (228, 117, 1, 24, '2026-06-25 22:23:59');
INSERT INTO [dbo].[Inventario] (id_inventario, id_variante, id_almacen, cantidad_stock, fecha_ultima_actualizacion) VALUES (229, 117, 3, 50, '2026-06-14 22:23:59');
INSERT INTO [dbo].[Inventario] (id_inventario, id_variante, id_almacen, cantidad_stock, fecha_ultima_actualizacion) VALUES (230, 117, 2, 35, '2026-06-21 22:23:59');
INSERT INTO [dbo].[Inventario] (id_inventario, id_variante, id_almacen, cantidad_stock, fecha_ultima_actualizacion) VALUES (231, 118, 2, 13, '2026-06-27 22:23:59');
INSERT INTO [dbo].[Inventario] (id_inventario, id_variante, id_almacen, cantidad_stock, fecha_ultima_actualizacion) VALUES (232, 118, 1, 46, '2026-07-05 22:23:59');
INSERT INTO [dbo].[Inventario] (id_inventario, id_variante, id_almacen, cantidad_stock, fecha_ultima_actualizacion) VALUES (233, 119, 2, 13, '2026-06-09 22:23:59');
INSERT INTO [dbo].[Inventario] (id_inventario, id_variante, id_almacen, cantidad_stock, fecha_ultima_actualizacion) VALUES (234, 119, 3, 40, '2026-06-17 22:23:59');
INSERT INTO [dbo].[Inventario] (id_inventario, id_variante, id_almacen, cantidad_stock, fecha_ultima_actualizacion) VALUES (235, 120, 1, 37, '2026-06-08 22:23:59');
INSERT INTO [dbo].[Inventario] (id_inventario, id_variante, id_almacen, cantidad_stock, fecha_ultima_actualizacion) VALUES (236, 120, 3, 8, '2026-06-11 22:23:59');
INSERT INTO [dbo].[Inventario] (id_inventario, id_variante, id_almacen, cantidad_stock, fecha_ultima_actualizacion) VALUES (237, 120, 2, 12, '2026-06-21 22:23:59');
INSERT INTO [dbo].[Inventario] (id_inventario, id_variante, id_almacen, cantidad_stock, fecha_ultima_actualizacion) VALUES (238, 121, 2, 15, '2026-07-02 22:23:59');
INSERT INTO [dbo].[Inventario] (id_inventario, id_variante, id_almacen, cantidad_stock, fecha_ultima_actualizacion) VALUES (239, 122, 3, 27, '2026-06-07 22:23:59');
INSERT INTO [dbo].[Inventario] (id_inventario, id_variante, id_almacen, cantidad_stock, fecha_ultima_actualizacion) VALUES (240, 122, 1, 38, '2026-06-09 22:23:59');
INSERT INTO [dbo].[Inventario] (id_inventario, id_variante, id_almacen, cantidad_stock, fecha_ultima_actualizacion) VALUES (241, 123, 1, 17, '2026-06-17 22:23:59');
INSERT INTO [dbo].[Inventario] (id_inventario, id_variante, id_almacen, cantidad_stock, fecha_ultima_actualizacion) VALUES (242, 123, 2, 40, '2026-06-29 22:23:59');
INSERT INTO [dbo].[Inventario] (id_inventario, id_variante, id_almacen, cantidad_stock, fecha_ultima_actualizacion) VALUES (243, 124, 3, 24, '2026-06-18 22:23:59');
INSERT INTO [dbo].[Inventario] (id_inventario, id_variante, id_almacen, cantidad_stock, fecha_ultima_actualizacion) VALUES (244, 125, 1, 15, '2026-06-16 22:23:59');
INSERT INTO [dbo].[Inventario] (id_inventario, id_variante, id_almacen, cantidad_stock, fecha_ultima_actualizacion) VALUES (245, 125, 3, 44, '2026-06-14 22:23:59');
INSERT INTO [dbo].[Inventario] (id_inventario, id_variante, id_almacen, cantidad_stock, fecha_ultima_actualizacion) VALUES (246, 125, 2, 43, '2026-06-27 22:23:59');
INSERT INTO [dbo].[Inventario] (id_inventario, id_variante, id_almacen, cantidad_stock, fecha_ultima_actualizacion) VALUES (247, 126, 1, 7, '2026-06-07 22:23:59');
INSERT INTO [dbo].[Inventario] (id_inventario, id_variante, id_almacen, cantidad_stock, fecha_ultima_actualizacion) VALUES (248, 126, 3, 46, '2026-06-13 22:23:59');
INSERT INTO [dbo].[Inventario] (id_inventario, id_variante, id_almacen, cantidad_stock, fecha_ultima_actualizacion) VALUES (249, 126, 2, 41, '2026-06-29 22:23:59');
INSERT INTO [dbo].[Inventario] (id_inventario, id_variante, id_almacen, cantidad_stock, fecha_ultima_actualizacion) VALUES (250, 127, 1, 36, '2026-06-09 22:23:59');
INSERT INTO [dbo].[Inventario] (id_inventario, id_variante, id_almacen, cantidad_stock, fecha_ultima_actualizacion) VALUES (251, 127, 2, 45, '2026-06-20 22:23:59');
INSERT INTO [dbo].[Inventario] (id_inventario, id_variante, id_almacen, cantidad_stock, fecha_ultima_actualizacion) VALUES (252, 127, 3, 23, '2026-06-17 22:23:59');
INSERT INTO [dbo].[Inventario] (id_inventario, id_variante, id_almacen, cantidad_stock, fecha_ultima_actualizacion) VALUES (253, 128, 2, 48, '2026-06-25 22:23:59');
INSERT INTO [dbo].[Inventario] (id_inventario, id_variante, id_almacen, cantidad_stock, fecha_ultima_actualizacion) VALUES (254, 128, 1, 24, '2026-06-23 22:23:59');
INSERT INTO [dbo].[Inventario] (id_inventario, id_variante, id_almacen, cantidad_stock, fecha_ultima_actualizacion) VALUES (255, 129, 3, 8, '2026-07-02 22:23:59');
INSERT INTO [dbo].[Inventario] (id_inventario, id_variante, id_almacen, cantidad_stock, fecha_ultima_actualizacion) VALUES (256, 130, 2, 34, '2026-07-01 22:23:59');
INSERT INTO [dbo].[Inventario] (id_inventario, id_variante, id_almacen, cantidad_stock, fecha_ultima_actualizacion) VALUES (257, 130, 3, 26, '2026-06-18 22:23:59');
INSERT INTO [dbo].[Inventario] (id_inventario, id_variante, id_almacen, cantidad_stock, fecha_ultima_actualizacion) VALUES (258, 131, 2, 50, '2026-06-27 22:23:59');
INSERT INTO [dbo].[Inventario] (id_inventario, id_variante, id_almacen, cantidad_stock, fecha_ultima_actualizacion) VALUES (259, 132, 2, 28, '2026-06-21 22:23:59');
INSERT INTO [dbo].[Inventario] (id_inventario, id_variante, id_almacen, cantidad_stock, fecha_ultima_actualizacion) VALUES (260, 132, 3, 40, '2026-07-04 22:23:59');
INSERT INTO [dbo].[Inventario] (id_inventario, id_variante, id_almacen, cantidad_stock, fecha_ultima_actualizacion) VALUES (261, 132, 1, 25, '2026-06-30 22:23:59');
INSERT INTO [dbo].[Inventario] (id_inventario, id_variante, id_almacen, cantidad_stock, fecha_ultima_actualizacion) VALUES (262, 133, 1, 33, '2026-06-30 22:23:59');
INSERT INTO [dbo].[Inventario] (id_inventario, id_variante, id_almacen, cantidad_stock, fecha_ultima_actualizacion) VALUES (263, 133, 2, 14, '2026-07-04 22:23:59');
INSERT INTO [dbo].[Inventario] (id_inventario, id_variante, id_almacen, cantidad_stock, fecha_ultima_actualizacion) VALUES (264, 134, 2, 29, '2026-06-10 22:23:59');
INSERT INTO [dbo].[Inventario] (id_inventario, id_variante, id_almacen, cantidad_stock, fecha_ultima_actualizacion) VALUES (265, 135, 2, 25, '2026-06-08 22:23:59');
INSERT INTO [dbo].[Inventario] (id_inventario, id_variante, id_almacen, cantidad_stock, fecha_ultima_actualizacion) VALUES (266, 135, 1, 41, '2026-06-14 22:23:59');
INSERT INTO [dbo].[Inventario] (id_inventario, id_variante, id_almacen, cantidad_stock, fecha_ultima_actualizacion) VALUES (267, 135, 3, 25, '2026-07-01 22:23:59');
INSERT INTO [dbo].[Inventario] (id_inventario, id_variante, id_almacen, cantidad_stock, fecha_ultima_actualizacion) VALUES (268, 136, 2, 37, '2026-06-23 22:23:59');
INSERT INTO [dbo].[Inventario] (id_inventario, id_variante, id_almacen, cantidad_stock, fecha_ultima_actualizacion) VALUES (269, 137, 2, 6, '2026-07-05 22:23:59');
INSERT INTO [dbo].[Inventario] (id_inventario, id_variante, id_almacen, cantidad_stock, fecha_ultima_actualizacion) VALUES (270, 137, 3, 30, '2026-06-21 22:23:59');
INSERT INTO [dbo].[Inventario] (id_inventario, id_variante, id_almacen, cantidad_stock, fecha_ultima_actualizacion) VALUES (271, 138, 1, 42, '2026-06-26 22:23:59');
INSERT INTO [dbo].[Inventario] (id_inventario, id_variante, id_almacen, cantidad_stock, fecha_ultima_actualizacion) VALUES (272, 138, 3, 8, '2026-07-06 22:23:59');
INSERT INTO [dbo].[Inventario] (id_inventario, id_variante, id_almacen, cantidad_stock, fecha_ultima_actualizacion) VALUES (273, 139, 2, 23, '2026-06-20 22:23:59');
INSERT INTO [dbo].[Inventario] (id_inventario, id_variante, id_almacen, cantidad_stock, fecha_ultima_actualizacion) VALUES (274, 139, 3, 5, '2026-06-10 22:23:59');
INSERT INTO [dbo].[Inventario] (id_inventario, id_variante, id_almacen, cantidad_stock, fecha_ultima_actualizacion) VALUES (275, 140, 2, 13, '2026-06-09 22:23:59');
INSERT INTO [dbo].[Inventario] (id_inventario, id_variante, id_almacen, cantidad_stock, fecha_ultima_actualizacion) VALUES (276, 141, 3, 30, '2026-06-26 22:23:59');
INSERT INTO [dbo].[Inventario] (id_inventario, id_variante, id_almacen, cantidad_stock, fecha_ultima_actualizacion) VALUES (277, 141, 2, 7, '2026-06-25 22:23:59');
INSERT INTO [dbo].[Inventario] (id_inventario, id_variante, id_almacen, cantidad_stock, fecha_ultima_actualizacion) VALUES (278, 142, 3, 40, '2026-07-01 22:23:59');
INSERT INTO [dbo].[Inventario] (id_inventario, id_variante, id_almacen, cantidad_stock, fecha_ultima_actualizacion) VALUES (279, 143, 3, 9, '2026-06-25 22:23:59');
INSERT INTO [dbo].[Inventario] (id_inventario, id_variante, id_almacen, cantidad_stock, fecha_ultima_actualizacion) VALUES (280, 143, 2, 37, '2026-06-23 22:23:59');
INSERT INTO [dbo].[Inventario] (id_inventario, id_variante, id_almacen, cantidad_stock, fecha_ultima_actualizacion) VALUES (281, 144, 2, 11, '2026-06-25 22:23:59');
INSERT INTO [dbo].[Inventario] (id_inventario, id_variante, id_almacen, cantidad_stock, fecha_ultima_actualizacion) VALUES (282, 144, 1, 28, '2026-06-12 22:23:59');
INSERT INTO [dbo].[Inventario] (id_inventario, id_variante, id_almacen, cantidad_stock, fecha_ultima_actualizacion) VALUES (283, 144, 3, 26, '2026-06-20 22:23:59');
INSERT INTO [dbo].[Inventario] (id_inventario, id_variante, id_almacen, cantidad_stock, fecha_ultima_actualizacion) VALUES (284, 145, 1, 43, '2026-06-21 22:23:59');
INSERT INTO [dbo].[Inventario] (id_inventario, id_variante, id_almacen, cantidad_stock, fecha_ultima_actualizacion) VALUES (285, 145, 3, 30, '2026-06-21 22:23:59');
INSERT INTO [dbo].[Inventario] (id_inventario, id_variante, id_almacen, cantidad_stock, fecha_ultima_actualizacion) VALUES (286, 146, 1, 7, '2026-07-03 22:23:59');
INSERT INTO [dbo].[Inventario] (id_inventario, id_variante, id_almacen, cantidad_stock, fecha_ultima_actualizacion) VALUES (287, 147, 2, 14, '2026-06-18 22:23:59');
INSERT INTO [dbo].[Inventario] (id_inventario, id_variante, id_almacen, cantidad_stock, fecha_ultima_actualizacion) VALUES (288, 147, 3, 37, '2026-07-03 22:23:59');
INSERT INTO [dbo].[Inventario] (id_inventario, id_variante, id_almacen, cantidad_stock, fecha_ultima_actualizacion) VALUES (289, 147, 1, 25, '2026-06-08 22:23:59');
INSERT INTO [dbo].[Inventario] (id_inventario, id_variante, id_almacen, cantidad_stock, fecha_ultima_actualizacion) VALUES (290, 148, 2, 44, '2026-06-14 22:23:59');
INSERT INTO [dbo].[Inventario] (id_inventario, id_variante, id_almacen, cantidad_stock, fecha_ultima_actualizacion) VALUES (291, 148, 1, 24, '2026-06-19 22:23:59');
INSERT INTO [dbo].[Inventario] (id_inventario, id_variante, id_almacen, cantidad_stock, fecha_ultima_actualizacion) VALUES (292, 148, 3, 26, '2026-06-21 22:23:59');
INSERT INTO [dbo].[Inventario] (id_inventario, id_variante, id_almacen, cantidad_stock, fecha_ultima_actualizacion) VALUES (293, 149, 3, 35, '2026-06-11 22:23:59');
INSERT INTO [dbo].[Inventario] (id_inventario, id_variante, id_almacen, cantidad_stock, fecha_ultima_actualizacion) VALUES (294, 149, 2, 6, '2026-06-26 22:23:59');
INSERT INTO [dbo].[Inventario] (id_inventario, id_variante, id_almacen, cantidad_stock, fecha_ultima_actualizacion) VALUES (295, 149, 1, 26, '2026-06-16 22:23:59');
INSERT INTO [dbo].[Inventario] (id_inventario, id_variante, id_almacen, cantidad_stock, fecha_ultima_actualizacion) VALUES (296, 150, 2, 42, '2026-06-28 22:23:59');
INSERT INTO [dbo].[Inventario] (id_inventario, id_variante, id_almacen, cantidad_stock, fecha_ultima_actualizacion) VALUES (297, 151, 3, 21, '2026-06-07 22:23:59');
INSERT INTO [dbo].[Inventario] (id_inventario, id_variante, id_almacen, cantidad_stock, fecha_ultima_actualizacion) VALUES (298, 151, 1, 46, '2026-06-12 22:23:59');
INSERT INTO [dbo].[Inventario] (id_inventario, id_variante, id_almacen, cantidad_stock, fecha_ultima_actualizacion) VALUES (299, 151, 2, 42, '2026-06-19 22:23:59');
INSERT INTO [dbo].[Inventario] (id_inventario, id_variante, id_almacen, cantidad_stock, fecha_ultima_actualizacion) VALUES (300, 152, 3, 8, '2026-06-19 22:23:59');
INSERT INTO [dbo].[Inventario] (id_inventario, id_variante, id_almacen, cantidad_stock, fecha_ultima_actualizacion) VALUES (301, 153, 1, 14, '2026-06-11 22:23:59');
INSERT INTO [dbo].[Inventario] (id_inventario, id_variante, id_almacen, cantidad_stock, fecha_ultima_actualizacion) VALUES (302, 153, 2, 48, '2026-06-30 22:23:59');
INSERT INTO [dbo].[Inventario] (id_inventario, id_variante, id_almacen, cantidad_stock, fecha_ultima_actualizacion) VALUES (303, 154, 3, 49, '2026-07-04 22:23:59');
INSERT INTO [dbo].[Inventario] (id_inventario, id_variante, id_almacen, cantidad_stock, fecha_ultima_actualizacion) VALUES (304, 155, 1, 33, '2026-06-27 22:23:59');
INSERT INTO [dbo].[Inventario] (id_inventario, id_variante, id_almacen, cantidad_stock, fecha_ultima_actualizacion) VALUES (305, 156, 1, 49, '2026-07-01 22:23:59');
INSERT INTO [dbo].[Inventario] (id_inventario, id_variante, id_almacen, cantidad_stock, fecha_ultima_actualizacion) VALUES (306, 156, 2, 31, '2026-06-21 22:23:59');
INSERT INTO [dbo].[Inventario] (id_inventario, id_variante, id_almacen, cantidad_stock, fecha_ultima_actualizacion) VALUES (307, 157, 2, 38, '2026-07-01 22:23:59');
INSERT INTO [dbo].[Inventario] (id_inventario, id_variante, id_almacen, cantidad_stock, fecha_ultima_actualizacion) VALUES (308, 157, 1, 40, '2026-06-27 22:23:59');
INSERT INTO [dbo].[Inventario] (id_inventario, id_variante, id_almacen, cantidad_stock, fecha_ultima_actualizacion) VALUES (309, 157, 3, 47, '2026-06-22 22:23:59');
INSERT INTO [dbo].[Inventario] (id_inventario, id_variante, id_almacen, cantidad_stock, fecha_ultima_actualizacion) VALUES (310, 158, 2, 34, '2026-06-08 22:23:59');
INSERT INTO [dbo].[Inventario] (id_inventario, id_variante, id_almacen, cantidad_stock, fecha_ultima_actualizacion) VALUES (311, 158, 3, 39, '2026-06-27 22:23:59');
INSERT INTO [dbo].[Inventario] (id_inventario, id_variante, id_almacen, cantidad_stock, fecha_ultima_actualizacion) VALUES (312, 158, 1, 39, '2026-06-26 22:23:59');
INSERT INTO [dbo].[Inventario] (id_inventario, id_variante, id_almacen, cantidad_stock, fecha_ultima_actualizacion) VALUES (313, 159, 3, 17, '2026-06-07 22:23:59');
INSERT INTO [dbo].[Inventario] (id_inventario, id_variante, id_almacen, cantidad_stock, fecha_ultima_actualizacion) VALUES (314, 159, 2, 20, '2026-06-29 22:23:59');
INSERT INTO [dbo].[Inventario] (id_inventario, id_variante, id_almacen, cantidad_stock, fecha_ultima_actualizacion) VALUES (315, 159, 1, 40, '2026-06-28 22:23:59');
INSERT INTO [dbo].[Inventario] (id_inventario, id_variante, id_almacen, cantidad_stock, fecha_ultima_actualizacion) VALUES (316, 160, 2, 23, '2026-06-15 22:23:59');
INSERT INTO [dbo].[Inventario] (id_inventario, id_variante, id_almacen, cantidad_stock, fecha_ultima_actualizacion) VALUES (317, 161, 3, 50, '2026-06-22 22:23:59');
INSERT INTO [dbo].[Inventario] (id_inventario, id_variante, id_almacen, cantidad_stock, fecha_ultima_actualizacion) VALUES (318, 162, 2, 40, '2026-06-08 22:23:59');
INSERT INTO [dbo].[Inventario] (id_inventario, id_variante, id_almacen, cantidad_stock, fecha_ultima_actualizacion) VALUES (319, 162, 3, 22, '2026-06-28 22:23:59');
INSERT INTO [dbo].[Inventario] (id_inventario, id_variante, id_almacen, cantidad_stock, fecha_ultima_actualizacion) VALUES (320, 163, 3, 48, '2026-06-20 22:23:59');
INSERT INTO [dbo].[Inventario] (id_inventario, id_variante, id_almacen, cantidad_stock, fecha_ultima_actualizacion) VALUES (321, 164, 2, 14, '2026-06-28 22:23:59');
INSERT INTO [dbo].[Inventario] (id_inventario, id_variante, id_almacen, cantidad_stock, fecha_ultima_actualizacion) VALUES (322, 164, 3, 7, '2026-06-28 22:23:59');
INSERT INTO [dbo].[Inventario] (id_inventario, id_variante, id_almacen, cantidad_stock, fecha_ultima_actualizacion) VALUES (323, 165, 1, 46, '2026-06-29 22:23:59');
INSERT INTO [dbo].[Inventario] (id_inventario, id_variante, id_almacen, cantidad_stock, fecha_ultima_actualizacion) VALUES (324, 165, 2, 35, '2026-07-01 22:23:59');
INSERT INTO [dbo].[Inventario] (id_inventario, id_variante, id_almacen, cantidad_stock, fecha_ultima_actualizacion) VALUES (325, 165, 3, 17, '2026-06-11 22:23:59');
INSERT INTO [dbo].[Inventario] (id_inventario, id_variante, id_almacen, cantidad_stock, fecha_ultima_actualizacion) VALUES (326, 166, 2, 11, '2026-06-18 22:23:59');
INSERT INTO [dbo].[Inventario] (id_inventario, id_variante, id_almacen, cantidad_stock, fecha_ultima_actualizacion) VALUES (327, 166, 3, 42, '2026-06-30 22:23:59');
INSERT INTO [dbo].[Inventario] (id_inventario, id_variante, id_almacen, cantidad_stock, fecha_ultima_actualizacion) VALUES (328, 166, 1, 20, '2026-07-06 22:23:59');
INSERT INTO [dbo].[Inventario] (id_inventario, id_variante, id_almacen, cantidad_stock, fecha_ultima_actualizacion) VALUES (329, 167, 3, 8, '2026-07-04 22:23:59');
INSERT INTO [dbo].[Inventario] (id_inventario, id_variante, id_almacen, cantidad_stock, fecha_ultima_actualizacion) VALUES (330, 167, 1, 31, '2026-06-27 22:23:59');
INSERT INTO [dbo].[Inventario] (id_inventario, id_variante, id_almacen, cantidad_stock, fecha_ultima_actualizacion) VALUES (331, 167, 2, 50, '2026-06-22 22:23:59');
INSERT INTO [dbo].[Inventario] (id_inventario, id_variante, id_almacen, cantidad_stock, fecha_ultima_actualizacion) VALUES (332, 168, 3, 13, '2026-07-07 22:23:59');
INSERT INTO [dbo].[Inventario] (id_inventario, id_variante, id_almacen, cantidad_stock, fecha_ultima_actualizacion) VALUES (333, 169, 1, 35, '2026-06-17 22:23:59');
INSERT INTO [dbo].[Inventario] (id_inventario, id_variante, id_almacen, cantidad_stock, fecha_ultima_actualizacion) VALUES (334, 169, 2, 17, '2026-06-13 22:23:59');
INSERT INTO [dbo].[Inventario] (id_inventario, id_variante, id_almacen, cantidad_stock, fecha_ultima_actualizacion) VALUES (335, 169, 3, 23, '2026-06-27 22:23:59');
INSERT INTO [dbo].[Inventario] (id_inventario, id_variante, id_almacen, cantidad_stock, fecha_ultima_actualizacion) VALUES (336, 170, 3, 10, '2026-06-17 22:23:59');
INSERT INTO [dbo].[Inventario] (id_inventario, id_variante, id_almacen, cantidad_stock, fecha_ultima_actualizacion) VALUES (337, 170, 1, 41, '2026-06-30 22:23:59');
INSERT INTO [dbo].[Inventario] (id_inventario, id_variante, id_almacen, cantidad_stock, fecha_ultima_actualizacion) VALUES (338, 171, 3, 31, '2026-06-09 22:23:59');
INSERT INTO [dbo].[Inventario] (id_inventario, id_variante, id_almacen, cantidad_stock, fecha_ultima_actualizacion) VALUES (339, 171, 1, 16, '2026-06-08 22:23:59');
INSERT INTO [dbo].[Inventario] (id_inventario, id_variante, id_almacen, cantidad_stock, fecha_ultima_actualizacion) VALUES (340, 171, 2, 7, '2026-06-11 22:23:59');
INSERT INTO [dbo].[Inventario] (id_inventario, id_variante, id_almacen, cantidad_stock, fecha_ultima_actualizacion) VALUES (341, 172, 2, 23, '2026-06-09 22:23:59');
INSERT INTO [dbo].[Inventario] (id_inventario, id_variante, id_almacen, cantidad_stock, fecha_ultima_actualizacion) VALUES (342, 172, 1, 7, '2026-07-07 22:23:59');
INSERT INTO [dbo].[Inventario] (id_inventario, id_variante, id_almacen, cantidad_stock, fecha_ultima_actualizacion) VALUES (343, 173, 3, 26, '2026-06-28 22:23:59');
INSERT INTO [dbo].[Inventario] (id_inventario, id_variante, id_almacen, cantidad_stock, fecha_ultima_actualizacion) VALUES (344, 173, 1, 34, '2026-06-17 22:23:59');
INSERT INTO [dbo].[Inventario] (id_inventario, id_variante, id_almacen, cantidad_stock, fecha_ultima_actualizacion) VALUES (345, 174, 3, 37, '2026-06-23 22:23:59');
INSERT INTO [dbo].[Inventario] (id_inventario, id_variante, id_almacen, cantidad_stock, fecha_ultima_actualizacion) VALUES (346, 174, 2, 22, '2026-07-01 22:23:59');
INSERT INTO [dbo].[Inventario] (id_inventario, id_variante, id_almacen, cantidad_stock, fecha_ultima_actualizacion) VALUES (347, 174, 1, 12, '2026-06-27 22:23:59');
INSERT INTO [dbo].[Inventario] (id_inventario, id_variante, id_almacen, cantidad_stock, fecha_ultima_actualizacion) VALUES (348, 175, 3, 34, '2026-06-17 22:23:59');
INSERT INTO [dbo].[Inventario] (id_inventario, id_variante, id_almacen, cantidad_stock, fecha_ultima_actualizacion) VALUES (349, 176, 3, 5, '2026-06-14 22:23:59');
INSERT INTO [dbo].[Inventario] (id_inventario, id_variante, id_almacen, cantidad_stock, fecha_ultima_actualizacion) VALUES (350, 176, 1, 26, '2026-06-12 22:23:59');
INSERT INTO [dbo].[Inventario] (id_inventario, id_variante, id_almacen, cantidad_stock, fecha_ultima_actualizacion) VALUES (351, 177, 3, 16, '2026-06-18 22:23:59');
INSERT INTO [dbo].[Inventario] (id_inventario, id_variante, id_almacen, cantidad_stock, fecha_ultima_actualizacion) VALUES (352, 177, 1, 45, '2026-06-09 22:23:59');
INSERT INTO [dbo].[Inventario] (id_inventario, id_variante, id_almacen, cantidad_stock, fecha_ultima_actualizacion) VALUES (353, 178, 2, 10, '2026-06-25 22:23:59');
INSERT INTO [dbo].[Inventario] (id_inventario, id_variante, id_almacen, cantidad_stock, fecha_ultima_actualizacion) VALUES (354, 178, 3, 47, '2026-07-04 22:23:59');
INSERT INTO [dbo].[Inventario] (id_inventario, id_variante, id_almacen, cantidad_stock, fecha_ultima_actualizacion) VALUES (355, 179, 1, 35, '2026-06-27 22:23:59');
INSERT INTO [dbo].[Inventario] (id_inventario, id_variante, id_almacen, cantidad_stock, fecha_ultima_actualizacion) VALUES (356, 180, 1, 21, '2026-06-25 22:23:59');
INSERT INTO [dbo].[Inventario] (id_inventario, id_variante, id_almacen, cantidad_stock, fecha_ultima_actualizacion) VALUES (357, 181, 2, 22, '2026-06-07 22:23:59');
INSERT INTO [dbo].[Inventario] (id_inventario, id_variante, id_almacen, cantidad_stock, fecha_ultima_actualizacion) VALUES (358, 182, 2, 21, '2026-06-17 22:23:59');
INSERT INTO [dbo].[Inventario] (id_inventario, id_variante, id_almacen, cantidad_stock, fecha_ultima_actualizacion) VALUES (359, 182, 1, 28, '2026-06-15 22:23:59');
INSERT INTO [dbo].[Inventario] (id_inventario, id_variante, id_almacen, cantidad_stock, fecha_ultima_actualizacion) VALUES (360, 183, 1, 47, '2026-07-04 22:23:59');
INSERT INTO [dbo].[Inventario] (id_inventario, id_variante, id_almacen, cantidad_stock, fecha_ultima_actualizacion) VALUES (361, 184, 2, 30, '2026-06-16 22:23:59');
INSERT INTO [dbo].[Inventario] (id_inventario, id_variante, id_almacen, cantidad_stock, fecha_ultima_actualizacion) VALUES (362, 184, 1, 37, '2026-06-08 22:23:59');
INSERT INTO [dbo].[Inventario] (id_inventario, id_variante, id_almacen, cantidad_stock, fecha_ultima_actualizacion) VALUES (363, 185, 2, 28, '2026-06-18 22:23:59');
INSERT INTO [dbo].[Inventario] (id_inventario, id_variante, id_almacen, cantidad_stock, fecha_ultima_actualizacion) VALUES (364, 185, 1, 19, '2026-06-30 22:23:59');
INSERT INTO [dbo].[Inventario] (id_inventario, id_variante, id_almacen, cantidad_stock, fecha_ultima_actualizacion) VALUES (365, 185, 3, 13, '2026-06-22 22:23:59');
INSERT INTO [dbo].[Inventario] (id_inventario, id_variante, id_almacen, cantidad_stock, fecha_ultima_actualizacion) VALUES (366, 186, 2, 43, '2026-06-26 22:23:59');
INSERT INTO [dbo].[Inventario] (id_inventario, id_variante, id_almacen, cantidad_stock, fecha_ultima_actualizacion) VALUES (367, 187, 3, 39, '2026-06-12 22:23:59');
INSERT INTO [dbo].[Inventario] (id_inventario, id_variante, id_almacen, cantidad_stock, fecha_ultima_actualizacion) VALUES (368, 187, 2, 47, '2026-06-11 22:23:59');
INSERT INTO [dbo].[Inventario] (id_inventario, id_variante, id_almacen, cantidad_stock, fecha_ultima_actualizacion) VALUES (369, 188, 1, 48, '2026-06-13 22:23:59');
INSERT INTO [dbo].[Inventario] (id_inventario, id_variante, id_almacen, cantidad_stock, fecha_ultima_actualizacion) VALUES (370, 189, 1, 9, '2026-06-08 22:23:59');
INSERT INTO [dbo].[Inventario] (id_inventario, id_variante, id_almacen, cantidad_stock, fecha_ultima_actualizacion) VALUES (371, 189, 2, 41, '2026-07-04 22:23:59');
INSERT INTO [dbo].[Inventario] (id_inventario, id_variante, id_almacen, cantidad_stock, fecha_ultima_actualizacion) VALUES (372, 189, 3, 8, '2026-06-11 22:23:59');
INSERT INTO [dbo].[Inventario] (id_inventario, id_variante, id_almacen, cantidad_stock, fecha_ultima_actualizacion) VALUES (373, 190, 3, 15, '2026-06-27 22:23:59');
INSERT INTO [dbo].[Inventario] (id_inventario, id_variante, id_almacen, cantidad_stock, fecha_ultima_actualizacion) VALUES (374, 190, 1, 38, '2026-06-23 22:23:59');
INSERT INTO [dbo].[Inventario] (id_inventario, id_variante, id_almacen, cantidad_stock, fecha_ultima_actualizacion) VALUES (375, 190, 2, 12, '2026-06-16 22:23:59');
INSERT INTO [dbo].[Inventario] (id_inventario, id_variante, id_almacen, cantidad_stock, fecha_ultima_actualizacion) VALUES (376, 191, 3, 42, '2026-06-22 22:23:59');
INSERT INTO [dbo].[Inventario] (id_inventario, id_variante, id_almacen, cantidad_stock, fecha_ultima_actualizacion) VALUES (377, 192, 3, 33, '2026-06-12 22:23:59');
INSERT INTO [dbo].[Inventario] (id_inventario, id_variante, id_almacen, cantidad_stock, fecha_ultima_actualizacion) VALUES (378, 193, 2, 13, '2026-06-21 22:23:59');
INSERT INTO [dbo].[Inventario] (id_inventario, id_variante, id_almacen, cantidad_stock, fecha_ultima_actualizacion) VALUES (379, 194, 2, 40, '2026-06-23 22:23:59');
INSERT INTO [dbo].[Inventario] (id_inventario, id_variante, id_almacen, cantidad_stock, fecha_ultima_actualizacion) VALUES (380, 194, 1, 48, '2026-06-12 22:23:59');
INSERT INTO [dbo].[Inventario] (id_inventario, id_variante, id_almacen, cantidad_stock, fecha_ultima_actualizacion) VALUES (381, 195, 3, 30, '2026-06-29 22:23:59');
INSERT INTO [dbo].[Inventario] (id_inventario, id_variante, id_almacen, cantidad_stock, fecha_ultima_actualizacion) VALUES (382, 195, 1, 5, '2026-06-14 22:23:59');
INSERT INTO [dbo].[Inventario] (id_inventario, id_variante, id_almacen, cantidad_stock, fecha_ultima_actualizacion) VALUES (383, 196, 3, 9, '2026-07-06 22:23:59');
INSERT INTO [dbo].[Inventario] (id_inventario, id_variante, id_almacen, cantidad_stock, fecha_ultima_actualizacion) VALUES (384, 197, 2, 39, '2026-07-06 22:23:59');
INSERT INTO [dbo].[Inventario] (id_inventario, id_variante, id_almacen, cantidad_stock, fecha_ultima_actualizacion) VALUES (385, 197, 1, 9, '2026-06-08 22:23:59');
INSERT INTO [dbo].[Inventario] (id_inventario, id_variante, id_almacen, cantidad_stock, fecha_ultima_actualizacion) VALUES (386, 198, 1, 31, '2026-07-02 22:23:59');
INSERT INTO [dbo].[Inventario] (id_inventario, id_variante, id_almacen, cantidad_stock, fecha_ultima_actualizacion) VALUES (387, 198, 2, 13, '2026-06-13 22:23:59');
INSERT INTO [dbo].[Inventario] (id_inventario, id_variante, id_almacen, cantidad_stock, fecha_ultima_actualizacion) VALUES (388, 199, 3, 29, '2026-06-23 22:23:59');
INSERT INTO [dbo].[Inventario] (id_inventario, id_variante, id_almacen, cantidad_stock, fecha_ultima_actualizacion) VALUES (389, 199, 2, 29, '2026-06-25 22:23:59');
INSERT INTO [dbo].[Inventario] (id_inventario, id_variante, id_almacen, cantidad_stock, fecha_ultima_actualizacion) VALUES (390, 199, 1, 10, '2026-06-16 22:23:59');
INSERT INTO [dbo].[Inventario] (id_inventario, id_variante, id_almacen, cantidad_stock, fecha_ultima_actualizacion) VALUES (391, 200, 3, 12, '2026-07-02 22:23:59');
INSERT INTO [dbo].[Inventario] (id_inventario, id_variante, id_almacen, cantidad_stock, fecha_ultima_actualizacion) VALUES (392, 200, 1, 39, '2026-06-25 22:23:59');
INSERT INTO [dbo].[Inventario] (id_inventario, id_variante, id_almacen, cantidad_stock, fecha_ultima_actualizacion) VALUES (393, 200, 2, 38, '2026-07-03 22:23:59');
INSERT INTO [dbo].[Inventario] (id_inventario, id_variante, id_almacen, cantidad_stock, fecha_ultima_actualizacion) VALUES (394, 201, 1, 24, '2026-06-23 22:23:59');
INSERT INTO [dbo].[Inventario] (id_inventario, id_variante, id_almacen, cantidad_stock, fecha_ultima_actualizacion) VALUES (395, 201, 3, 48, '2026-06-14 22:23:59');
INSERT INTO [dbo].[Inventario] (id_inventario, id_variante, id_almacen, cantidad_stock, fecha_ultima_actualizacion) VALUES (396, 201, 2, 39, '2026-06-24 22:23:59');
INSERT INTO [dbo].[Inventario] (id_inventario, id_variante, id_almacen, cantidad_stock, fecha_ultima_actualizacion) VALUES (397, 202, 2, 34, '2026-06-26 22:23:59');
INSERT INTO [dbo].[Inventario] (id_inventario, id_variante, id_almacen, cantidad_stock, fecha_ultima_actualizacion) VALUES (398, 202, 1, 14, '2026-06-29 22:23:59');
INSERT INTO [dbo].[Inventario] (id_inventario, id_variante, id_almacen, cantidad_stock, fecha_ultima_actualizacion) VALUES (399, 202, 3, 17, '2026-06-08 22:23:59');
INSERT INTO [dbo].[Inventario] (id_inventario, id_variante, id_almacen, cantidad_stock, fecha_ultima_actualizacion) VALUES (400, 203, 1, 44, '2026-06-13 22:23:59');
INSERT INTO [dbo].[Inventario] (id_inventario, id_variante, id_almacen, cantidad_stock, fecha_ultima_actualizacion) VALUES (401, 203, 3, 6, '2026-06-30 22:23:59');
INSERT INTO [dbo].[Inventario] (id_inventario, id_variante, id_almacen, cantidad_stock, fecha_ultima_actualizacion) VALUES (402, 203, 2, 18, '2026-07-05 22:23:59');
INSERT INTO [dbo].[Inventario] (id_inventario, id_variante, id_almacen, cantidad_stock, fecha_ultima_actualizacion) VALUES (403, 204, 3, 7, '2026-06-23 22:23:59');
INSERT INTO [dbo].[Inventario] (id_inventario, id_variante, id_almacen, cantidad_stock, fecha_ultima_actualizacion) VALUES (404, 205, 3, 7, '2026-06-25 22:23:59');
INSERT INTO [dbo].[Inventario] (id_inventario, id_variante, id_almacen, cantidad_stock, fecha_ultima_actualizacion) VALUES (405, 205, 1, 33, '2026-06-30 22:23:59');
INSERT INTO [dbo].[Inventario] (id_inventario, id_variante, id_almacen, cantidad_stock, fecha_ultima_actualizacion) VALUES (406, 205, 2, 39, '2026-07-01 22:23:59');
INSERT INTO [dbo].[Inventario] (id_inventario, id_variante, id_almacen, cantidad_stock, fecha_ultima_actualizacion) VALUES (407, 206, 1, 37, '2026-06-28 22:23:59');
INSERT INTO [dbo].[Inventario] (id_inventario, id_variante, id_almacen, cantidad_stock, fecha_ultima_actualizacion) VALUES (408, 207, 3, 41, '2026-06-27 22:23:59');
INSERT INTO [dbo].[Inventario] (id_inventario, id_variante, id_almacen, cantidad_stock, fecha_ultima_actualizacion) VALUES (409, 208, 3, 24, '2026-06-09 22:23:59');
INSERT INTO [dbo].[Inventario] (id_inventario, id_variante, id_almacen, cantidad_stock, fecha_ultima_actualizacion) VALUES (410, 208, 2, 14, '2026-06-16 22:23:59');
INSERT INTO [dbo].[Inventario] (id_inventario, id_variante, id_almacen, cantidad_stock, fecha_ultima_actualizacion) VALUES (411, 208, 1, 38, '2026-06-30 22:23:59');
INSERT INTO [dbo].[Inventario] (id_inventario, id_variante, id_almacen, cantidad_stock, fecha_ultima_actualizacion) VALUES (412, 209, 2, 8, '2026-06-20 22:23:59');
INSERT INTO [dbo].[Inventario] (id_inventario, id_variante, id_almacen, cantidad_stock, fecha_ultima_actualizacion) VALUES (413, 209, 3, 42, '2026-06-09 22:23:59');
INSERT INTO [dbo].[Inventario] (id_inventario, id_variante, id_almacen, cantidad_stock, fecha_ultima_actualizacion) VALUES (414, 210, 1, 8, '2026-06-26 22:23:59');
INSERT INTO [dbo].[Inventario] (id_inventario, id_variante, id_almacen, cantidad_stock, fecha_ultima_actualizacion) VALUES (415, 210, 2, 46, '2026-06-16 22:23:59');
INSERT INTO [dbo].[Inventario] (id_inventario, id_variante, id_almacen, cantidad_stock, fecha_ultima_actualizacion) VALUES (416, 210, 3, 29, '2026-06-12 22:23:59');
INSERT INTO [dbo].[Inventario] (id_inventario, id_variante, id_almacen, cantidad_stock, fecha_ultima_actualizacion) VALUES (417, 211, 2, 14, '2026-06-28 22:23:59');
INSERT INTO [dbo].[Inventario] (id_inventario, id_variante, id_almacen, cantidad_stock, fecha_ultima_actualizacion) VALUES (418, 211, 3, 29, '2026-07-02 22:23:59');
INSERT INTO [dbo].[Inventario] (id_inventario, id_variante, id_almacen, cantidad_stock, fecha_ultima_actualizacion) VALUES (419, 211, 1, 39, '2026-06-22 22:23:59');
INSERT INTO [dbo].[Inventario] (id_inventario, id_variante, id_almacen, cantidad_stock, fecha_ultima_actualizacion) VALUES (420, 212, 1, 24, '2026-06-10 22:23:59');
INSERT INTO [dbo].[Inventario] (id_inventario, id_variante, id_almacen, cantidad_stock, fecha_ultima_actualizacion) VALUES (421, 213, 1, 40, '2026-06-24 22:23:59');
INSERT INTO [dbo].[Inventario] (id_inventario, id_variante, id_almacen, cantidad_stock, fecha_ultima_actualizacion) VALUES (422, 213, 2, 31, '2026-06-20 22:23:59');
INSERT INTO [dbo].[Inventario] (id_inventario, id_variante, id_almacen, cantidad_stock, fecha_ultima_actualizacion) VALUES (423, 213, 3, 38, '2026-07-03 22:23:59');
INSERT INTO [dbo].[Inventario] (id_inventario, id_variante, id_almacen, cantidad_stock, fecha_ultima_actualizacion) VALUES (424, 214, 1, 18, '2026-06-27 22:23:59');
INSERT INTO [dbo].[Inventario] (id_inventario, id_variante, id_almacen, cantidad_stock, fecha_ultima_actualizacion) VALUES (425, 214, 2, 46, '2026-07-05 22:23:59');
INSERT INTO [dbo].[Inventario] (id_inventario, id_variante, id_almacen, cantidad_stock, fecha_ultima_actualizacion) VALUES (426, 215, 2, 39, '2026-06-14 22:23:59');
INSERT INTO [dbo].[Inventario] (id_inventario, id_variante, id_almacen, cantidad_stock, fecha_ultima_actualizacion) VALUES (427, 215, 1, 17, '2026-07-06 22:23:59');
INSERT INTO [dbo].[Inventario] (id_inventario, id_variante, id_almacen, cantidad_stock, fecha_ultima_actualizacion) VALUES (428, 216, 2, 9, '2026-07-01 22:23:59');
INSERT INTO [dbo].[Inventario] (id_inventario, id_variante, id_almacen, cantidad_stock, fecha_ultima_actualizacion) VALUES (429, 216, 1, 42, '2026-06-14 22:23:59');
INSERT INTO [dbo].[Inventario] (id_inventario, id_variante, id_almacen, cantidad_stock, fecha_ultima_actualizacion) VALUES (430, 217, 3, 18, '2026-06-10 22:23:59');
INSERT INTO [dbo].[Inventario] (id_inventario, id_variante, id_almacen, cantidad_stock, fecha_ultima_actualizacion) VALUES (431, 217, 1, 26, '2026-06-28 22:23:59');
INSERT INTO [dbo].[Inventario] (id_inventario, id_variante, id_almacen, cantidad_stock, fecha_ultima_actualizacion) VALUES (432, 217, 2, 5, '2026-07-01 22:23:59');
INSERT INTO [dbo].[Inventario] (id_inventario, id_variante, id_almacen, cantidad_stock, fecha_ultima_actualizacion) VALUES (433, 218, 3, 12, '2026-06-14 22:23:59');
INSERT INTO [dbo].[Inventario] (id_inventario, id_variante, id_almacen, cantidad_stock, fecha_ultima_actualizacion) VALUES (434, 219, 1, 30, '2026-06-08 22:23:59');
INSERT INTO [dbo].[Inventario] (id_inventario, id_variante, id_almacen, cantidad_stock, fecha_ultima_actualizacion) VALUES (435, 219, 3, 20, '2026-06-20 22:23:59');
INSERT INTO [dbo].[Inventario] (id_inventario, id_variante, id_almacen, cantidad_stock, fecha_ultima_actualizacion) VALUES (436, 220, 2, 34, '2026-06-20 22:23:59');
INSERT INTO [dbo].[Inventario] (id_inventario, id_variante, id_almacen, cantidad_stock, fecha_ultima_actualizacion) VALUES (437, 220, 3, 46, '2026-06-26 22:23:59');
INSERT INTO [dbo].[Inventario] (id_inventario, id_variante, id_almacen, cantidad_stock, fecha_ultima_actualizacion) VALUES (438, 221, 2, 37, '2026-06-09 22:23:59');
INSERT INTO [dbo].[Inventario] (id_inventario, id_variante, id_almacen, cantidad_stock, fecha_ultima_actualizacion) VALUES (439, 221, 3, 36, '2026-06-23 22:23:59');
INSERT INTO [dbo].[Inventario] (id_inventario, id_variante, id_almacen, cantidad_stock, fecha_ultima_actualizacion) VALUES (440, 222, 3, 35, '2026-06-13 22:23:59');
INSERT INTO [dbo].[Inventario] (id_inventario, id_variante, id_almacen, cantidad_stock, fecha_ultima_actualizacion) VALUES (441, 223, 1, 25, '2026-06-24 22:23:59');
INSERT INTO [dbo].[Inventario] (id_inventario, id_variante, id_almacen, cantidad_stock, fecha_ultima_actualizacion) VALUES (442, 223, 2, 7, '2026-06-19 22:23:59');
INSERT INTO [dbo].[Inventario] (id_inventario, id_variante, id_almacen, cantidad_stock, fecha_ultima_actualizacion) VALUES (443, 224, 3, 14, '2026-07-07 22:23:59');
INSERT INTO [dbo].[Inventario] (id_inventario, id_variante, id_almacen, cantidad_stock, fecha_ultima_actualizacion) VALUES (444, 225, 3, 23, '2026-07-03 22:23:59');
INSERT INTO [dbo].[Inventario] (id_inventario, id_variante, id_almacen, cantidad_stock, fecha_ultima_actualizacion) VALUES (445, 225, 2, 17, '2026-06-27 22:23:59');
INSERT INTO [dbo].[Inventario] (id_inventario, id_variante, id_almacen, cantidad_stock, fecha_ultima_actualizacion) VALUES (446, 226, 2, 41, '2026-06-11 22:23:59');
INSERT INTO [dbo].[Inventario] (id_inventario, id_variante, id_almacen, cantidad_stock, fecha_ultima_actualizacion) VALUES (447, 227, 2, 40, '2026-06-17 22:23:59');
INSERT INTO [dbo].[Inventario] (id_inventario, id_variante, id_almacen, cantidad_stock, fecha_ultima_actualizacion) VALUES (448, 228, 2, 46, '2026-06-14 22:23:59');
INSERT INTO [dbo].[Inventario] (id_inventario, id_variante, id_almacen, cantidad_stock, fecha_ultima_actualizacion) VALUES (449, 228, 3, 36, '2026-06-23 22:23:59');
INSERT INTO [dbo].[Inventario] (id_inventario, id_variante, id_almacen, cantidad_stock, fecha_ultima_actualizacion) VALUES (450, 228, 1, 15, '2026-06-14 22:23:59');
INSERT INTO [dbo].[Inventario] (id_inventario, id_variante, id_almacen, cantidad_stock, fecha_ultima_actualizacion) VALUES (451, 229, 1, 39, '2026-06-22 22:23:59');
INSERT INTO [dbo].[Inventario] (id_inventario, id_variante, id_almacen, cantidad_stock, fecha_ultima_actualizacion) VALUES (452, 229, 3, 16, '2026-06-08 22:23:59');
INSERT INTO [dbo].[Inventario] (id_inventario, id_variante, id_almacen, cantidad_stock, fecha_ultima_actualizacion) VALUES (453, 230, 3, 9, '2026-06-07 22:23:59');
INSERT INTO [dbo].[Inventario] (id_inventario, id_variante, id_almacen, cantidad_stock, fecha_ultima_actualizacion) VALUES (454, 230, 1, 47, '2026-07-06 22:23:59');
INSERT INTO [dbo].[Inventario] (id_inventario, id_variante, id_almacen, cantidad_stock, fecha_ultima_actualizacion) VALUES (455, 230, 2, 5, '2026-06-24 22:23:59');
INSERT INTO [dbo].[Inventario] (id_inventario, id_variante, id_almacen, cantidad_stock, fecha_ultima_actualizacion) VALUES (456, 231, 3, 19, '2026-07-05 22:23:59');
INSERT INTO [dbo].[Inventario] (id_inventario, id_variante, id_almacen, cantidad_stock, fecha_ultima_actualizacion) VALUES (457, 232, 1, 37, '2026-06-23 22:23:59');
INSERT INTO [dbo].[Inventario] (id_inventario, id_variante, id_almacen, cantidad_stock, fecha_ultima_actualizacion) VALUES (458, 232, 3, 28, '2026-07-06 22:23:59');
INSERT INTO [dbo].[Inventario] (id_inventario, id_variante, id_almacen, cantidad_stock, fecha_ultima_actualizacion) VALUES (459, 232, 2, 44, '2026-06-17 22:23:59');
INSERT INTO [dbo].[Inventario] (id_inventario, id_variante, id_almacen, cantidad_stock, fecha_ultima_actualizacion) VALUES (460, 233, 3, 6, '2026-07-07 22:23:59');
INSERT INTO [dbo].[Inventario] (id_inventario, id_variante, id_almacen, cantidad_stock, fecha_ultima_actualizacion) VALUES (461, 233, 2, 39, '2026-06-20 22:23:59');
INSERT INTO [dbo].[Inventario] (id_inventario, id_variante, id_almacen, cantidad_stock, fecha_ultima_actualizacion) VALUES (462, 233, 1, 31, '2026-07-07 22:23:59');
SET IDENTITY_INSERT [dbo].[Inventario] OFF;
GO

PRINT 'Insertando Clientes...';
SET IDENTITY_INSERT [dbo].[Cliente] ON;
INSERT INTO [dbo].[Cliente] (id_cliente, nombre, apellido, email, telefono, direccion, fecha_registro) VALUES (1, 'Javier', 'Flores Gomez', 'javier.flores001@yahoo.com', '912300840', 'Av. Los Precursores 1128, Barranco, Lima', '2025-07-22 22:23:59');
INSERT INTO [dbo].[Cliente] (id_cliente, nombre, apellido, email, telefono, direccion, fecha_registro) VALUES (2, 'Laura', 'Fernandez Medina', 'laura.fernandez002@gmail.com', '980381817', 'Av. Los Precursores 404, San Borja, Lima', '2026-03-26 22:23:59');
INSERT INTO [dbo].[Cliente] (id_cliente, nombre, apellido, email, telefono, direccion, fecha_registro) VALUES (3, 'Camila', 'Gomez Vargas', 'camila.gomez003@hotmail.com', '920605783', 'Av. Los Precursores 864, Jesús María, Lima', '2025-11-09 22:23:59');
INSERT INTO [dbo].[Cliente] (id_cliente, nombre, apellido, email, telefono, direccion, fecha_registro) VALUES (4, 'Pedro', 'Martin Salazar', 'pedro.martin004@gmail.com', '997742922', 'Av. Los Precursores 1430, San Isidro, Lima', '2026-05-16 22:23:59');
INSERT INTO [dbo].[Cliente] (id_cliente, nombre, apellido, email, telefono, direccion, fecha_registro) VALUES (5, 'Valeria', 'Hernandez Romero', 'valeria.hernandez005@hotmail.com', '917531619', 'Av. Los Precursores 1404, San Isidro, Lima', '2025-07-08 22:23:59');
INSERT INTO [dbo].[Cliente] (id_cliente, nombre, apellido, email, telefono, direccion, fecha_registro) VALUES (6, 'Luis', 'Muñoz Caceres', 'luis.muñoz006@hotmail.com', '996557984', 'Av. Los Precursores 778, Magdalena, Lima', '2026-05-15 22:23:59');
INSERT INTO [dbo].[Cliente] (id_cliente, nombre, apellido, email, telefono, direccion, fecha_registro) VALUES (7, 'Pedro', 'Sanchez Campos', 'pedro.sanchez007@hotmail.com', '946385762', 'Av. Los Precursores 195, Miraflores, Lima', '2025-07-17 22:23:59');
INSERT INTO [dbo].[Cliente] (id_cliente, nombre, apellido, email, telefono, direccion, fecha_registro) VALUES (8, 'Julia', 'Alonso Salazar', 'julia.alonso008@gmail.com', '934072553', 'Av. Los Precursores 744, San Isidro, Lima', '2026-03-18 22:23:59');
INSERT INTO [dbo].[Cliente] (id_cliente, nombre, apellido, email, telefono, direccion, fecha_registro) VALUES (9, 'Christian', 'Medina Gonzalez', 'christian.medina009@yahoo.com', '931803703', 'Av. Los Precursores 1254, San Borja, Lima', '2025-09-15 22:23:59');
INSERT INTO [dbo].[Cliente] (id_cliente, nombre, apellido, email, telefono, direccion, fecha_registro) VALUES (10, 'Julia', 'Jimenez Hernandez', 'julia.jimenez010@outlook.com', '920526386', 'Av. Los Precursores 1125, Barranco, Lima', '2026-01-06 22:23:59');
INSERT INTO [dbo].[Cliente] (id_cliente, nombre, apellido, email, telefono, direccion, fecha_registro) VALUES (11, 'Jorge', 'Diaz Perez', 'jorge.diaz011@gmail.com', '955713584', 'Av. Los Precursores 1339, Magdalena, Lima', '2025-09-01 22:23:59');
INSERT INTO [dbo].[Cliente] (id_cliente, nombre, apellido, email, telefono, direccion, fecha_registro) VALUES (12, 'Andrea', 'Garcia Torres', 'andrea.garcia012@yahoo.com', '970471823', 'Av. Los Precursores 1104, San Borja, Lima', '2026-01-01 22:23:59');
INSERT INTO [dbo].[Cliente] (id_cliente, nombre, apellido, email, telefono, direccion, fecha_registro) VALUES (13, 'Gabriela', 'Martinez Salazar', 'gabriela.martinez013@hotmail.com', '921501669', 'Av. Los Precursores 1366, La Molina, Lima', '2026-02-26 22:23:59');
INSERT INTO [dbo].[Cliente] (id_cliente, nombre, apellido, email, telefono, direccion, fecha_registro) VALUES (14, 'Luis', 'Gomez Lopez', 'luis.gomez014@hotmail.com', '995080736', 'Av. Los Precursores 415, Barranco, Lima', '2025-12-15 22:23:59');
INSERT INTO [dbo].[Cliente] (id_cliente, nombre, apellido, email, telefono, direccion, fecha_registro) VALUES (15, 'Camila', 'Fernandez Gonzalez', 'camila.fernandez015@gmail.com', '951374957', 'Av. Los Precursores 1010, San Miguel, Lima', '2026-02-14 22:23:59');
INSERT INTO [dbo].[Cliente] (id_cliente, nombre, apellido, email, telefono, direccion, fecha_registro) VALUES (16, 'Miguel', 'Gonzalez Martinez', 'miguel.gonzalez016@hotmail.com', '970242778', 'Av. Los Precursores 1240, Pueblo Libre, Lima', '2025-10-13 22:23:59');
INSERT INTO [dbo].[Cliente] (id_cliente, nombre, apellido, email, telefono, direccion, fecha_registro) VALUES (17, 'Carmen', 'Garcia Gonzalez', 'carmen.garcia017@yahoo.com', '984386123', 'Av. Los Precursores 290, Magdalena, Lima', '2025-08-30 22:23:59');
INSERT INTO [dbo].[Cliente] (id_cliente, nombre, apellido, email, telefono, direccion, fecha_registro) VALUES (18, 'Valeria', 'Garcia Martin', 'valeria.garcia018@hotmail.com', '962049575', 'Av. Los Precursores 273, Barranco, Lima', '2025-09-19 22:23:59');
INSERT INTO [dbo].[Cliente] (id_cliente, nombre, apellido, email, telefono, direccion, fecha_registro) VALUES (19, 'Mario', 'Alvarez Martinez', 'mario.alvarez019@hotmail.com', '932750139', 'Av. Los Precursores 384, La Molina, Lima', '2026-01-29 22:23:59');
INSERT INTO [dbo].[Cliente] (id_cliente, nombre, apellido, email, telefono, direccion, fecha_registro) VALUES (20, 'Rosa', 'Lopez Gonzalez', 'rosa.lopez020@outlook.com', '968341261', 'Av. Los Precursores 665, Jesús María, Lima', '2026-01-30 22:23:59');
INSERT INTO [dbo].[Cliente] (id_cliente, nombre, apellido, email, telefono, direccion, fecha_registro) VALUES (21, 'Luisa', 'Ruiz Gomez', 'luisa.ruiz021@outlook.com', '993890601', 'Av. Los Precursores 1115, Magdalena, Lima', '2025-08-21 22:23:59');
INSERT INTO [dbo].[Cliente] (id_cliente, nombre, apellido, email, telefono, direccion, fecha_registro) VALUES (22, 'Daniel', 'Fernandez Lopez', 'daniel.fernandez022@yahoo.com', '910908300', 'Av. Los Precursores 910, San Miguel, Lima', '2025-08-19 22:23:59');
INSERT INTO [dbo].[Cliente] (id_cliente, nombre, apellido, email, telefono, direccion, fecha_registro) VALUES (23, 'Andrea', 'Moreno Jimenez', 'andrea.moreno023@hotmail.com', '997380687', 'Av. Los Precursores 1317, Surco, Lima', '2026-01-30 22:23:59');
INSERT INTO [dbo].[Cliente] (id_cliente, nombre, apellido, email, telefono, direccion, fecha_registro) VALUES (24, 'Silvia', 'Rojas Sanchez', 'silvia.rojas024@hotmail.com', '952168966', 'Av. Los Precursores 463, Jesús María, Lima', '2026-01-20 22:23:59');
INSERT INTO [dbo].[Cliente] (id_cliente, nombre, apellido, email, telefono, direccion, fecha_registro) VALUES (25, 'Rosa', 'Alonso Vargas', 'rosa.alonso025@outlook.com', '953739710', 'Av. Los Precursores 870, La Molina, Lima', '2025-12-13 22:23:59');
INSERT INTO [dbo].[Cliente] (id_cliente, nombre, apellido, email, telefono, direccion, fecha_registro) VALUES (26, 'Carmen', 'Medina Alonso', 'carmen.medina026@outlook.com', '989487366', 'Av. Los Precursores 1217, Surco, Lima', '2025-07-18 22:23:59');
INSERT INTO [dbo].[Cliente] (id_cliente, nombre, apellido, email, telefono, direccion, fecha_registro) VALUES (27, 'Daniel', 'Rojas Sanchez', 'daniel.rojas027@hotmail.com', '949101812', 'Av. Los Precursores 241, Jesús María, Lima', '2025-07-23 22:23:59');
INSERT INTO [dbo].[Cliente] (id_cliente, nombre, apellido, email, telefono, direccion, fecha_registro) VALUES (28, 'Sofia', 'Torres Martin', 'sofia.torres028@outlook.com', '943914361', 'Av. Los Precursores 1448, Surco, Lima', '2025-11-28 22:23:59');
INSERT INTO [dbo].[Cliente] (id_cliente, nombre, apellido, email, telefono, direccion, fecha_registro) VALUES (29, 'Luisa', 'Moreno Gutierrez', 'luisa.moreno029@hotmail.com', '988147469', 'Av. Los Precursores 920, Pueblo Libre, Lima', '2025-10-16 22:23:59');
INSERT INTO [dbo].[Cliente] (id_cliente, nombre, apellido, email, telefono, direccion, fecha_registro) VALUES (30, 'Julia', 'Rodriguez Vargas', 'julia.rodriguez030@yahoo.com', '982062301', 'Av. Los Precursores 1316, Chorrillos, Lima', '2026-05-20 22:23:59');
INSERT INTO [dbo].[Cliente] (id_cliente, nombre, apellido, email, telefono, direccion, fecha_registro) VALUES (31, 'Pedro', 'Salazar Salazar', 'pedro.salazar031@yahoo.com', '932325574', 'Av. Los Precursores 1425, Magdalena, Lima', '2026-06-10 22:23:59');
INSERT INTO [dbo].[Cliente] (id_cliente, nombre, apellido, email, telefono, direccion, fecha_registro) VALUES (32, 'Andrea', 'Vargas Diaz', 'andrea.vargas032@gmail.com', '911415698', 'Av. Los Precursores 301, La Molina, Lima', '2026-03-11 22:23:59');
INSERT INTO [dbo].[Cliente] (id_cliente, nombre, apellido, email, telefono, direccion, fecha_registro) VALUES (33, 'Daniel', 'Ruiz Hernandez', 'daniel.ruiz033@hotmail.com', '988999206', 'Av. Los Precursores 1124, Surco, Lima', '2026-01-07 22:23:59');
INSERT INTO [dbo].[Cliente] (id_cliente, nombre, apellido, email, telefono, direccion, fecha_registro) VALUES (34, 'Oscar', 'Fernandez Martin', 'oscar.fernandez034@hotmail.com', '921523236', 'Av. Los Precursores 337, Barranco, Lima', '2026-04-21 22:23:59');
INSERT INTO [dbo].[Cliente] (id_cliente, nombre, apellido, email, telefono, direccion, fecha_registro) VALUES (35, 'Paula', 'Jimenez Moreno', 'paula.jimenez035@outlook.com', '979942848', 'Av. Los Precursores 1089, San Miguel, Lima', '2025-11-01 22:23:59');
INSERT INTO [dbo].[Cliente] (id_cliente, nombre, apellido, email, telefono, direccion, fecha_registro) VALUES (36, 'Daniel', 'Flores Rojas', 'daniel.flores036@hotmail.com', '952803305', 'Av. Los Precursores 237, La Molina, Lima', '2026-06-10 22:23:59');
INSERT INTO [dbo].[Cliente] (id_cliente, nombre, apellido, email, telefono, direccion, fecha_registro) VALUES (37, 'Juan', 'Caceres Jimenez', 'juan.caceres037@gmail.com', '932059232', 'Av. Los Precursores 599, Pueblo Libre, Lima', '2026-04-04 22:23:59');
INSERT INTO [dbo].[Cliente] (id_cliente, nombre, apellido, email, telefono, direccion, fecha_registro) VALUES (38, 'Manuel', 'Romero Diaz', 'manuel.romero038@hotmail.com', '941119124', 'Av. Los Precursores 929, Chorrillos, Lima', '2026-03-30 22:23:59');
INSERT INTO [dbo].[Cliente] (id_cliente, nombre, apellido, email, telefono, direccion, fecha_registro) VALUES (39, 'Roberto', 'Hernandez Garcia', 'roberto.hernandez039@outlook.com', '970340936', 'Av. Los Precursores 1312, Jesús María, Lima', '2025-12-15 22:23:59');
INSERT INTO [dbo].[Cliente] (id_cliente, nombre, apellido, email, telefono, direccion, fecha_registro) VALUES (40, 'Jose', 'Sanchez Gomez', 'jose.sanchez040@gmail.com', '987490324', 'Av. Los Precursores 308, Pueblo Libre, Lima', '2026-03-29 22:23:59');
INSERT INTO [dbo].[Cliente] (id_cliente, nombre, apellido, email, telefono, direccion, fecha_registro) VALUES (41, 'Andrea', 'Sanchez Moreno', 'andrea.sanchez041@gmail.com', '945212476', 'Av. Los Precursores 1473, Lince, Lima', '2025-10-05 22:23:59');
INSERT INTO [dbo].[Cliente] (id_cliente, nombre, apellido, email, telefono, direccion, fecha_registro) VALUES (42, 'Silvia', 'Hernandez Gutierrez', 'silvia.hernandez042@hotmail.com', '988786439', 'Av. Los Precursores 333, San Miguel, Lima', '2026-01-03 22:23:59');
INSERT INTO [dbo].[Cliente] (id_cliente, nombre, apellido, email, telefono, direccion, fecha_registro) VALUES (43, 'Silvia', 'Martinez Mendoza', 'silvia.martinez043@yahoo.com', '992474715', 'Av. Los Precursores 1308, Miraflores, Lima', '2025-07-23 22:23:59');
INSERT INTO [dbo].[Cliente] (id_cliente, nombre, apellido, email, telefono, direccion, fecha_registro) VALUES (44, 'Manuel', 'Fernandez Perez', 'manuel.fernandez044@yahoo.com', '925696616', 'Av. Los Precursores 474, San Miguel, Lima', '2025-07-12 22:23:59');
INSERT INTO [dbo].[Cliente] (id_cliente, nombre, apellido, email, telefono, direccion, fecha_registro) VALUES (45, 'Javier', 'Hernandez Diaz', 'javier.hernandez045@outlook.com', '987149161', 'Av. Los Precursores 885, Jesús María, Lima', '2026-03-29 22:23:59');
INSERT INTO [dbo].[Cliente] (id_cliente, nombre, apellido, email, telefono, direccion, fecha_registro) VALUES (46, 'Julia', 'Rojas Medina', 'julia.rojas046@outlook.com', '984479105', 'Av. Los Precursores 441, Lince, Lima', '2026-02-05 22:23:59');
INSERT INTO [dbo].[Cliente] (id_cliente, nombre, apellido, email, telefono, direccion, fecha_registro) VALUES (47, 'Andres', 'Jimenez Mendoza', 'andres.jimenez047@hotmail.com', '993135800', 'Av. Los Precursores 209, San Miguel, Lima', '2026-06-28 22:23:59');
INSERT INTO [dbo].[Cliente] (id_cliente, nombre, apellido, email, telefono, direccion, fecha_registro) VALUES (48, 'Sofia', 'Sanchez Mendoza', 'sofia.sanchez048@hotmail.com', '985374270', 'Av. Los Precursores 1135, Chorrillos, Lima', '2025-10-22 22:23:59');
INSERT INTO [dbo].[Cliente] (id_cliente, nombre, apellido, email, telefono, direccion, fecha_registro) VALUES (49, 'Rosa', 'Diaz Rojas', 'rosa.diaz049@hotmail.com', '975592138', 'Av. Los Precursores 442, Miraflores, Lima', '2025-09-16 22:23:59');
INSERT INTO [dbo].[Cliente] (id_cliente, nombre, apellido, email, telefono, direccion, fecha_registro) VALUES (50, 'Pedro', 'Martin Rodriguez', 'pedro.martin050@yahoo.com', '940177972', 'Av. Los Precursores 1201, La Molina, Lima', '2026-04-07 22:23:59');
INSERT INTO [dbo].[Cliente] (id_cliente, nombre, apellido, email, telefono, direccion, fecha_registro) VALUES (51, 'Beatriz', 'Flores Castillo', 'beatriz.flores051@hotmail.com', '983782999', 'Av. Los Precursores 1146, Miraflores, Lima', '2025-09-12 22:23:59');
INSERT INTO [dbo].[Cliente] (id_cliente, nombre, apellido, email, telefono, direccion, fecha_registro) VALUES (52, 'David', 'Castillo Romero', 'david.castillo052@yahoo.com', '982751830', 'Av. Los Precursores 185, Barranco, Lima', '2025-11-19 22:23:59');
INSERT INTO [dbo].[Cliente] (id_cliente, nombre, apellido, email, telefono, direccion, fecha_registro) VALUES (53, 'Roberto', 'Fernandez Flores', 'roberto.fernandez053@outlook.com', '949957816', 'Av. Los Precursores 166, Lince, Lima', '2026-02-18 22:23:59');
INSERT INTO [dbo].[Cliente] (id_cliente, nombre, apellido, email, telefono, direccion, fecha_registro) VALUES (54, 'Luisa', 'Moreno Caceres', 'luisa.moreno054@gmail.com', '941802361', 'Av. Los Precursores 529, Barranco, Lima', '2025-09-04 22:23:59');
INSERT INTO [dbo].[Cliente] (id_cliente, nombre, apellido, email, telefono, direccion, fecha_registro) VALUES (55, 'Silvia', 'Torres Diaz', 'silvia.torres055@outlook.com', '992698414', 'Av. Los Precursores 385, San Borja, Lima', '2026-03-19 22:23:59');
INSERT INTO [dbo].[Cliente] (id_cliente, nombre, apellido, email, telefono, direccion, fecha_registro) VALUES (56, 'Mario', 'Ruiz Romero', 'mario.ruiz056@yahoo.com', '990108882', 'Av. Los Precursores 1203, Surco, Lima', '2026-01-18 22:23:59');
INSERT INTO [dbo].[Cliente] (id_cliente, nombre, apellido, email, telefono, direccion, fecha_registro) VALUES (57, 'Paula', 'Alonso Gomez', 'paula.alonso057@gmail.com', '928198434', 'Av. Los Precursores 942, San Isidro, Lima', '2026-02-11 22:23:59');
INSERT INTO [dbo].[Cliente] (id_cliente, nombre, apellido, email, telefono, direccion, fecha_registro) VALUES (58, 'Miguel', 'Perez Lopez', 'miguel.perez058@yahoo.com', '943226234', 'Av. Los Precursores 1484, Jesús María, Lima', '2025-10-25 22:23:59');
INSERT INTO [dbo].[Cliente] (id_cliente, nombre, apellido, email, telefono, direccion, fecha_registro) VALUES (59, 'Mario', 'Torres Gomez', 'mario.torres059@hotmail.com', '960354777', 'Av. Los Precursores 1025, Miraflores, Lima', '2025-08-12 22:23:59');
INSERT INTO [dbo].[Cliente] (id_cliente, nombre, apellido, email, telefono, direccion, fecha_registro) VALUES (60, 'Christian', 'Alvarez Flores', 'christian.alvarez060@yahoo.com', '959535894', 'Av. Los Precursores 1031, Lince, Lima', '2026-01-16 22:23:59');
INSERT INTO [dbo].[Cliente] (id_cliente, nombre, apellido, email, telefono, direccion, fecha_registro) VALUES (61, 'Luis', 'Flores Moreno', 'luis.flores061@yahoo.com', '918500100', 'Av. Los Precursores 1194, Jesús María, Lima', '2026-03-13 22:23:59');
INSERT INTO [dbo].[Cliente] (id_cliente, nombre, apellido, email, telefono, direccion, fecha_registro) VALUES (62, 'Elena', 'Muñoz Gomez', 'elena.muñoz062@yahoo.com', '948063218', 'Av. Los Precursores 791, Pueblo Libre, Lima', '2025-09-10 22:23:59');
INSERT INTO [dbo].[Cliente] (id_cliente, nombre, apellido, email, telefono, direccion, fecha_registro) VALUES (63, 'Mario', 'Caceres Muñoz', 'mario.caceres063@yahoo.com', '916497381', 'Av. Los Precursores 194, Miraflores, Lima', '2025-08-16 22:23:59');
INSERT INTO [dbo].[Cliente] (id_cliente, nombre, apellido, email, telefono, direccion, fecha_registro) VALUES (64, 'Maria', 'Fernandez Medina', 'maria.fernandez064@outlook.com', '969228397', 'Av. Los Precursores 1034, San Isidro, Lima', '2025-11-25 22:23:59');
INSERT INTO [dbo].[Cliente] (id_cliente, nombre, apellido, email, telefono, direccion, fecha_registro) VALUES (65, 'Miguel', 'Campos Torres', 'miguel.campos065@yahoo.com', '931337593', 'Av. Los Precursores 661, Miraflores, Lima', '2025-08-01 22:23:59');
INSERT INTO [dbo].[Cliente] (id_cliente, nombre, apellido, email, telefono, direccion, fecha_registro) VALUES (66, 'Lucia', 'Gonzalez Ruiz', 'lucia.gonzalez066@outlook.com', '916950770', 'Av. Los Precursores 911, Chorrillos, Lima', '2026-01-27 22:23:59');
INSERT INTO [dbo].[Cliente] (id_cliente, nombre, apellido, email, telefono, direccion, fecha_registro) VALUES (67, 'Roberto', 'Torres Gonzalez', 'roberto.torres067@gmail.com', '910145801', 'Av. Los Precursores 537, Lince, Lima', '2026-05-24 22:23:59');
INSERT INTO [dbo].[Cliente] (id_cliente, nombre, apellido, email, telefono, direccion, fecha_registro) VALUES (68, 'Mario', 'Perez Alvarez', 'mario.perez068@hotmail.com', '911246473', 'Av. Los Precursores 116, Barranco, Lima', '2026-01-08 22:23:59');
INSERT INTO [dbo].[Cliente] (id_cliente, nombre, apellido, email, telefono, direccion, fecha_registro) VALUES (69, 'Roberto', 'Rojas Lopez', 'roberto.rojas069@hotmail.com', '919506414', 'Av. Los Precursores 568, Jesús María, Lima', '2026-05-18 22:23:59');
INSERT INTO [dbo].[Cliente] (id_cliente, nombre, apellido, email, telefono, direccion, fecha_registro) VALUES (70, 'Jorge', 'Jimenez Ruiz', 'jorge.jimenez070@yahoo.com', '928405182', 'Av. Los Precursores 883, Surco, Lima', '2025-08-08 22:23:59');
INSERT INTO [dbo].[Cliente] (id_cliente, nombre, apellido, email, telefono, direccion, fecha_registro) VALUES (71, 'Luis', 'Alvarez Alonso', 'luis.alvarez071@gmail.com', '991915661', 'Av. Los Precursores 1431, Surco, Lima', '2025-11-19 22:23:59');
INSERT INTO [dbo].[Cliente] (id_cliente, nombre, apellido, email, telefono, direccion, fecha_registro) VALUES (72, 'Elena', 'Torres Flores', 'elena.torres072@outlook.com', '965258766', 'Av. Los Precursores 1361, Chorrillos, Lima', '2025-11-18 22:23:59');
INSERT INTO [dbo].[Cliente] (id_cliente, nombre, apellido, email, telefono, direccion, fecha_registro) VALUES (73, 'Luis', 'Campos Fernandez', 'luis.campos073@outlook.com', '926529882', 'Av. Los Precursores 1307, Barranco, Lima', '2025-12-18 22:23:59');
INSERT INTO [dbo].[Cliente] (id_cliente, nombre, apellido, email, telefono, direccion, fecha_registro) VALUES (74, 'Gabriela', 'Jimenez Vargas', 'gabriela.jimenez074@outlook.com', '943257324', 'Av. Los Precursores 667, Chorrillos, Lima', '2026-05-20 22:23:59');
INSERT INTO [dbo].[Cliente] (id_cliente, nombre, apellido, email, telefono, direccion, fecha_registro) VALUES (75, 'Hugo', 'Gutierrez Gutierrez', 'hugo.gutierrez075@yahoo.com', '913600310', 'Av. Los Precursores 1448, La Molina, Lima', '2026-03-19 22:23:59');
INSERT INTO [dbo].[Cliente] (id_cliente, nombre, apellido, email, telefono, direccion, fecha_registro) VALUES (76, 'Christian', 'Martin Torres', 'christian.martin076@gmail.com', '942123815', 'Av. Los Precursores 1113, Jesús María, Lima', '2026-05-06 22:23:59');
INSERT INTO [dbo].[Cliente] (id_cliente, nombre, apellido, email, telefono, direccion, fecha_registro) VALUES (77, 'Oscar', 'Torres Gutierrez', 'oscar.torres077@gmail.com', '980905413', 'Av. Los Precursores 124, San Miguel, Lima', '2026-01-21 22:23:59');
INSERT INTO [dbo].[Cliente] (id_cliente, nombre, apellido, email, telefono, direccion, fecha_registro) VALUES (78, 'Christian', 'Caceres Mendoza', 'christian.caceres078@hotmail.com', '959044830', 'Av. Los Precursores 1218, Chorrillos, Lima', '2026-04-05 22:23:59');
INSERT INTO [dbo].[Cliente] (id_cliente, nombre, apellido, email, telefono, direccion, fecha_registro) VALUES (79, 'Luisa', 'Garcia Alonso', 'luisa.garcia079@gmail.com', '911851322', 'Av. Los Precursores 636, San Borja, Lima', '2026-06-12 22:23:59');
INSERT INTO [dbo].[Cliente] (id_cliente, nombre, apellido, email, telefono, direccion, fecha_registro) VALUES (80, 'Christian', 'Alvarez Martin', 'christian.alvarez080@hotmail.com', '966851305', 'Av. Los Precursores 923, Miraflores, Lima', '2025-08-09 22:23:59');
INSERT INTO [dbo].[Cliente] (id_cliente, nombre, apellido, email, telefono, direccion, fecha_registro) VALUES (81, 'David', 'Gonzalez Martin', 'david.gonzalez081@gmail.com', '978626154', 'Av. Los Precursores 516, Surco, Lima', '2025-10-01 22:23:59');
INSERT INTO [dbo].[Cliente] (id_cliente, nombre, apellido, email, telefono, direccion, fecha_registro) VALUES (82, 'Valeria', 'Alonso Torres', 'valeria.alonso082@gmail.com', '951630244', 'Av. Los Precursores 995, Barranco, Lima', '2026-03-02 22:23:59');
INSERT INTO [dbo].[Cliente] (id_cliente, nombre, apellido, email, telefono, direccion, fecha_registro) VALUES (83, 'Pedro', 'Gonzalez Medina', 'pedro.gonzalez083@hotmail.com', '925567455', 'Av. Los Precursores 1028, Magdalena, Lima', '2025-08-25 22:23:59');
INSERT INTO [dbo].[Cliente] (id_cliente, nombre, apellido, email, telefono, direccion, fecha_registro) VALUES (84, 'Francisco', 'Salazar Flores', 'francisco.salazar084@outlook.com', '926031369', 'Av. Los Precursores 125, Barranco, Lima', '2026-04-23 22:23:59');
INSERT INTO [dbo].[Cliente] (id_cliente, nombre, apellido, email, telefono, direccion, fecha_registro) VALUES (85, 'Andres', 'Muñoz Ruiz', 'andres.muñoz085@yahoo.com', '932409388', 'Av. Los Precursores 861, Surco, Lima', '2026-02-15 22:23:59');
INSERT INTO [dbo].[Cliente] (id_cliente, nombre, apellido, email, telefono, direccion, fecha_registro) VALUES (86, 'Juan', 'Jimenez Vargas', 'juan.jimenez086@hotmail.com', '946504617', 'Av. Los Precursores 1172, Miraflores, Lima', '2026-02-18 22:23:59');
INSERT INTO [dbo].[Cliente] (id_cliente, nombre, apellido, email, telefono, direccion, fecha_registro) VALUES (87, 'Oscar', 'Moreno Alvarez', 'oscar.moreno087@yahoo.com', '917440911', 'Av. Los Precursores 1123, Magdalena, Lima', '2026-04-08 22:23:59');
INSERT INTO [dbo].[Cliente] (id_cliente, nombre, apellido, email, telefono, direccion, fecha_registro) VALUES (88, 'Laura', 'Gomez Castillo', 'laura.gomez088@gmail.com', '987029205', 'Av. Los Precursores 1480, Barranco, Lima', '2026-05-04 22:23:59');
INSERT INTO [dbo].[Cliente] (id_cliente, nombre, apellido, email, telefono, direccion, fecha_registro) VALUES (89, 'Javier', 'Garcia Rodriguez', 'javier.garcia089@gmail.com', '942823140', 'Av. Los Precursores 194, Lince, Lima', '2025-12-28 22:23:59');
INSERT INTO [dbo].[Cliente] (id_cliente, nombre, apellido, email, telefono, direccion, fecha_registro) VALUES (90, 'Sofia', 'Martinez Medina', 'sofia.martinez090@gmail.com', '984204255', 'Av. Los Precursores 1442, Jesús María, Lima', '2026-03-10 22:23:59');
INSERT INTO [dbo].[Cliente] (id_cliente, nombre, apellido, email, telefono, direccion, fecha_registro) VALUES (91, 'Isabel', 'Diaz Medina', 'isabel.diaz091@yahoo.com', '946407626', 'Av. Los Precursores 259, Magdalena, Lima', '2025-12-24 22:23:59');
INSERT INTO [dbo].[Cliente] (id_cliente, nombre, apellido, email, telefono, direccion, fecha_registro) VALUES (92, 'Javier', 'Salazar Campos', 'javier.salazar092@gmail.com', '934071191', 'Av. Los Precursores 557, Pueblo Libre, Lima', '2026-06-09 22:23:59');
INSERT INTO [dbo].[Cliente] (id_cliente, nombre, apellido, email, telefono, direccion, fecha_registro) VALUES (93, 'Luisa', 'Campos Moreno', 'luisa.campos093@yahoo.com', '951701149', 'Av. Los Precursores 770, Miraflores, Lima', '2025-09-22 22:23:59');
INSERT INTO [dbo].[Cliente] (id_cliente, nombre, apellido, email, telefono, direccion, fecha_registro) VALUES (94, 'Maria', 'Ruiz Sanchez', 'maria.ruiz094@yahoo.com', '985672859', 'Av. Los Precursores 722, Barranco, Lima', '2025-08-18 22:23:59');
INSERT INTO [dbo].[Cliente] (id_cliente, nombre, apellido, email, telefono, direccion, fecha_registro) VALUES (95, 'Daniel', 'Ruiz Alonso', 'daniel.ruiz095@hotmail.com', '936229153', 'Av. Los Precursores 1219, San Borja, Lima', '2026-04-16 22:23:59');
INSERT INTO [dbo].[Cliente] (id_cliente, nombre, apellido, email, telefono, direccion, fecha_registro) VALUES (96, 'Roberto', 'Garcia Perez', 'roberto.garcia096@yahoo.com', '995354668', 'Av. Los Precursores 119, San Miguel, Lima', '2026-07-02 22:23:59');
INSERT INTO [dbo].[Cliente] (id_cliente, nombre, apellido, email, telefono, direccion, fecha_registro) VALUES (97, 'Paula', 'Fernandez Sanchez', 'paula.fernandez097@outlook.com', '966346728', 'Av. Los Precursores 1107, San Isidro, Lima', '2026-04-21 22:23:59');
INSERT INTO [dbo].[Cliente] (id_cliente, nombre, apellido, email, telefono, direccion, fecha_registro) VALUES (98, 'Luisa', 'Rodriguez Medina', 'luisa.rodriguez098@outlook.com', '979760901', 'Av. Los Precursores 945, Barranco, Lima', '2025-12-24 22:23:59');
INSERT INTO [dbo].[Cliente] (id_cliente, nombre, apellido, email, telefono, direccion, fecha_registro) VALUES (99, 'Luisa', 'Alonso Fernandez', 'luisa.alonso099@outlook.com', '995525640', 'Av. Los Precursores 907, Miraflores, Lima', '2025-09-02 22:23:59');
INSERT INTO [dbo].[Cliente] (id_cliente, nombre, apellido, email, telefono, direccion, fecha_registro) VALUES (100, 'Roberto', 'Salazar Lopez', 'roberto.salazar100@outlook.com', '949148093', 'Av. Los Precursores 634, San Miguel, Lima', '2025-12-13 22:23:59');
INSERT INTO [dbo].[Cliente] (id_cliente, nombre, apellido, email, telefono, direccion, fecha_registro) VALUES (101, 'Andrea', 'Moreno Gomez', 'andrea.moreno101@outlook.com', '920024377', 'Av. Los Precursores 515, Surco, Lima', '2025-09-06 22:23:59');
INSERT INTO [dbo].[Cliente] (id_cliente, nombre, apellido, email, telefono, direccion, fecha_registro) VALUES (102, 'Miguel', 'Fernandez Martinez', 'miguel.fernandez102@hotmail.com', '972552858', 'Av. Los Precursores 743, Jesús María, Lima', '2026-05-02 22:23:59');
INSERT INTO [dbo].[Cliente] (id_cliente, nombre, apellido, email, telefono, direccion, fecha_registro) VALUES (103, 'Elena', 'Moreno Martin', 'elena.moreno103@hotmail.com', '945568761', 'Av. Los Precursores 345, Miraflores, Lima', '2026-04-13 22:23:59');
INSERT INTO [dbo].[Cliente] (id_cliente, nombre, apellido, email, telefono, direccion, fecha_registro) VALUES (104, 'Silvia', 'Rodriguez Sanchez', 'silvia.rodriguez104@yahoo.com', '929907683', 'Av. Los Precursores 286, Barranco, Lima', '2026-02-25 22:23:59');
INSERT INTO [dbo].[Cliente] (id_cliente, nombre, apellido, email, telefono, direccion, fecha_registro) VALUES (105, 'Valeria', 'Alvarez Rodriguez', 'valeria.alvarez105@yahoo.com', '944918995', 'Av. Los Precursores 456, San Isidro, Lima', '2025-12-07 22:23:59');
INSERT INTO [dbo].[Cliente] (id_cliente, nombre, apellido, email, telefono, direccion, fecha_registro) VALUES (106, 'Julia', 'Flores Romero', 'julia.flores106@outlook.com', '922713811', 'Av. Los Precursores 1046, Miraflores, Lima', '2026-04-22 22:23:59');
INSERT INTO [dbo].[Cliente] (id_cliente, nombre, apellido, email, telefono, direccion, fecha_registro) VALUES (107, 'Juan', 'Rodriguez Mendoza', 'juan.rodriguez107@outlook.com', '927544302', 'Av. Los Precursores 505, Jesús María, Lima', '2025-12-24 22:23:59');
INSERT INTO [dbo].[Cliente] (id_cliente, nombre, apellido, email, telefono, direccion, fecha_registro) VALUES (108, 'Mario', 'Alonso Gomez', 'mario.alonso108@gmail.com', '912925970', 'Av. Los Precursores 232, San Borja, Lima', '2025-08-06 22:23:59');
INSERT INTO [dbo].[Cliente] (id_cliente, nombre, apellido, email, telefono, direccion, fecha_registro) VALUES (109, 'Sofia', 'Gonzalez Campos', 'sofia.gonzalez109@yahoo.com', '926445384', 'Av. Los Precursores 187, Lince, Lima', '2026-06-07 22:23:59');
INSERT INTO [dbo].[Cliente] (id_cliente, nombre, apellido, email, telefono, direccion, fecha_registro) VALUES (110, 'Mario', 'Diaz Mendoza', 'mario.diaz110@hotmail.com', '976588957', 'Av. Los Precursores 160, Jesús María, Lima', '2025-07-18 22:23:59');
INSERT INTO [dbo].[Cliente] (id_cliente, nombre, apellido, email, telefono, direccion, fecha_registro) VALUES (111, 'Laura', 'Ruiz Sanchez', 'laura.ruiz111@outlook.com', '946907428', 'Av. Los Precursores 673, Lince, Lima', '2026-04-17 22:23:59');
INSERT INTO [dbo].[Cliente] (id_cliente, nombre, apellido, email, telefono, direccion, fecha_registro) VALUES (112, 'Fernando', 'Gutierrez Gutierrez', 'fernando.gutierrez112@outlook.com', '996876236', 'Av. Los Precursores 704, Lince, Lima', '2025-12-04 22:23:59');
INSERT INTO [dbo].[Cliente] (id_cliente, nombre, apellido, email, telefono, direccion, fecha_registro) VALUES (113, 'Ana', 'Gonzalez Gomez', 'ana.gonzalez113@hotmail.com', '928419506', 'Av. Los Precursores 958, San Borja, Lima', '2025-08-07 22:23:59');
INSERT INTO [dbo].[Cliente] (id_cliente, nombre, apellido, email, telefono, direccion, fecha_registro) VALUES (114, 'Hugo', 'Vargas Garcia', 'hugo.vargas114@hotmail.com', '958199211', 'Av. Los Precursores 1082, Pueblo Libre, Lima', '2025-10-27 22:23:59');
INSERT INTO [dbo].[Cliente] (id_cliente, nombre, apellido, email, telefono, direccion, fecha_registro) VALUES (115, 'Beatriz', 'Alvarez Jimenez', 'beatriz.alvarez115@hotmail.com', '946297263', 'Av. Los Precursores 468, San Isidro, Lima', '2026-01-20 22:23:59');
INSERT INTO [dbo].[Cliente] (id_cliente, nombre, apellido, email, telefono, direccion, fecha_registro) VALUES (116, 'Juan', 'Campos Vargas', 'juan.campos116@yahoo.com', '917863981', 'Av. Los Precursores 1066, Pueblo Libre, Lima', '2025-12-31 22:23:59');
INSERT INTO [dbo].[Cliente] (id_cliente, nombre, apellido, email, telefono, direccion, fecha_registro) VALUES (117, 'Andres', 'Fernandez Perez', 'andres.fernandez117@outlook.com', '945772648', 'Av. Los Precursores 1192, Barranco, Lima', '2026-06-04 22:23:59');
INSERT INTO [dbo].[Cliente] (id_cliente, nombre, apellido, email, telefono, direccion, fecha_registro) VALUES (118, 'Mario', 'Caceres Vargas', 'mario.caceres118@hotmail.com', '957621071', 'Av. Los Precursores 455, Surco, Lima', '2026-03-03 22:23:59');
INSERT INTO [dbo].[Cliente] (id_cliente, nombre, apellido, email, telefono, direccion, fecha_registro) VALUES (119, 'Camila', 'Medina Alonso', 'camila.medina119@gmail.com', '957201978', 'Av. Los Precursores 1262, Magdalena, Lima', '2026-04-21 22:23:59');
INSERT INTO [dbo].[Cliente] (id_cliente, nombre, apellido, email, telefono, direccion, fecha_registro) VALUES (120, 'Oscar', 'Romero Martin', 'oscar.romero120@outlook.com', '975825262', 'Av. Los Precursores 177, Miraflores, Lima', '2026-06-04 22:23:59');
INSERT INTO [dbo].[Cliente] (id_cliente, nombre, apellido, email, telefono, direccion, fecha_registro) VALUES (121, 'Fernando', 'Perez Garcia', 'fernando.perez121@hotmail.com', '910091737', 'Av. Los Precursores 779, Magdalena, Lima', '2026-03-21 22:23:59');
INSERT INTO [dbo].[Cliente] (id_cliente, nombre, apellido, email, telefono, direccion, fecha_registro) VALUES (122, 'Manuel', 'Rojas Martinez', 'manuel.rojas122@yahoo.com', '917993466', 'Av. Los Precursores 144, Surco, Lima', '2025-09-05 22:23:59');
INSERT INTO [dbo].[Cliente] (id_cliente, nombre, apellido, email, telefono, direccion, fecha_registro) VALUES (123, 'Jorge', 'Caceres Alvarez', 'jorge.caceres123@yahoo.com', '919735027', 'Av. Los Precursores 865, Barranco, Lima', '2025-07-28 22:23:59');
INSERT INTO [dbo].[Cliente] (id_cliente, nombre, apellido, email, telefono, direccion, fecha_registro) VALUES (124, 'Beatriz', 'Fernandez Jimenez', 'beatriz.fernandez124@yahoo.com', '953299069', 'Av. Los Precursores 379, Surco, Lima', '2025-11-21 22:23:59');
INSERT INTO [dbo].[Cliente] (id_cliente, nombre, apellido, email, telefono, direccion, fecha_registro) VALUES (125, 'Andrea', 'Martinez Rojas', 'andrea.martinez125@yahoo.com', '939962391', 'Av. Los Precursores 1463, Magdalena, Lima', '2026-04-04 22:23:59');
INSERT INTO [dbo].[Cliente] (id_cliente, nombre, apellido, email, telefono, direccion, fecha_registro) VALUES (126, 'Paula', 'Flores Rojas', 'paula.flores126@yahoo.com', '927092408', 'Av. Los Precursores 463, Barranco, Lima', '2026-07-02 22:23:59');
INSERT INTO [dbo].[Cliente] (id_cliente, nombre, apellido, email, telefono, direccion, fecha_registro) VALUES (127, 'Beatriz', 'Rodriguez Martinez', 'beatriz.rodriguez127@yahoo.com', '992058189', 'Av. Los Precursores 552, Chorrillos, Lima', '2025-09-16 22:23:59');
INSERT INTO [dbo].[Cliente] (id_cliente, nombre, apellido, email, telefono, direccion, fecha_registro) VALUES (128, 'Oscar', 'Lopez Jimenez', 'oscar.lopez128@gmail.com', '941943272', 'Av. Los Precursores 810, San Miguel, Lima', '2026-04-08 22:23:59');
INSERT INTO [dbo].[Cliente] (id_cliente, nombre, apellido, email, telefono, direccion, fecha_registro) VALUES (129, 'Manuel', 'Moreno Garcia', 'manuel.moreno129@yahoo.com', '938143348', 'Av. Los Precursores 611, Barranco, Lima', '2026-05-29 22:23:59');
INSERT INTO [dbo].[Cliente] (id_cliente, nombre, apellido, email, telefono, direccion, fecha_registro) VALUES (130, 'Lucia', 'Vargas Fernandez', 'lucia.vargas130@gmail.com', '916462242', 'Av. Los Precursores 890, Lince, Lima', '2025-11-30 22:23:59');
INSERT INTO [dbo].[Cliente] (id_cliente, nombre, apellido, email, telefono, direccion, fecha_registro) VALUES (131, 'Roberto', 'Muñoz Campos', 'roberto.muñoz131@hotmail.com', '957141449', 'Av. Los Precursores 1218, Jesús María, Lima', '2026-05-12 22:23:59');
INSERT INTO [dbo].[Cliente] (id_cliente, nombre, apellido, email, telefono, direccion, fecha_registro) VALUES (132, 'Beatriz', 'Torres Castillo', 'beatriz.torres132@outlook.com', '931831387', 'Av. Los Precursores 1024, Miraflores, Lima', '2026-06-15 22:23:59');
INSERT INTO [dbo].[Cliente] (id_cliente, nombre, apellido, email, telefono, direccion, fecha_registro) VALUES (133, 'Maria', 'Jimenez Gomez', 'maria.jimenez133@gmail.com', '919959009', 'Av. Los Precursores 800, Surco, Lima', '2025-12-22 22:23:59');
INSERT INTO [dbo].[Cliente] (id_cliente, nombre, apellido, email, telefono, direccion, fecha_registro) VALUES (134, 'Luis', 'Romero Campos', 'luis.romero134@gmail.com', '955358959', 'Av. Los Precursores 1316, Magdalena, Lima', '2025-10-28 22:23:59');
INSERT INTO [dbo].[Cliente] (id_cliente, nombre, apellido, email, telefono, direccion, fecha_registro) VALUES (135, 'Roberto', 'Torres Martinez', 'roberto.torres135@hotmail.com', '931086112', 'Av. Los Precursores 209, Miraflores, Lima', '2026-01-14 22:23:59');
INSERT INTO [dbo].[Cliente] (id_cliente, nombre, apellido, email, telefono, direccion, fecha_registro) VALUES (136, 'Jose', 'Diaz Rojas', 'jose.diaz136@yahoo.com', '998663948', 'Av. Los Precursores 676, La Molina, Lima', '2026-03-03 22:23:59');
INSERT INTO [dbo].[Cliente] (id_cliente, nombre, apellido, email, telefono, direccion, fecha_registro) VALUES (137, 'Carlos', 'Hernandez Alonso', 'carlos.hernandez137@hotmail.com', '930614492', 'Av. Los Precursores 211, San Miguel, Lima', '2026-07-01 22:23:59');
INSERT INTO [dbo].[Cliente] (id_cliente, nombre, apellido, email, telefono, direccion, fecha_registro) VALUES (138, 'Luisa', 'Martin Mendoza', 'luisa.martin138@hotmail.com', '936799898', 'Av. Los Precursores 298, San Isidro, Lima', '2026-03-19 22:23:59');
INSERT INTO [dbo].[Cliente] (id_cliente, nombre, apellido, email, telefono, direccion, fecha_registro) VALUES (139, 'Francisco', 'Gonzalez Muñoz', 'francisco.gonzalez139@gmail.com', '951386492', 'Av. Los Precursores 914, Lince, Lima', '2025-10-25 22:23:59');
INSERT INTO [dbo].[Cliente] (id_cliente, nombre, apellido, email, telefono, direccion, fecha_registro) VALUES (140, 'Luisa', 'Torres Romero', 'luisa.torres140@hotmail.com', '934814337', 'Av. Los Precursores 859, Jesús María, Lima', '2025-12-25 22:23:59');
INSERT INTO [dbo].[Cliente] (id_cliente, nombre, apellido, email, telefono, direccion, fecha_registro) VALUES (141, 'Daniel', 'Rodriguez Gomez', 'daniel.rodriguez141@hotmail.com', '972419022', 'Av. Los Precursores 639, San Borja, Lima', '2026-02-15 22:23:59');
INSERT INTO [dbo].[Cliente] (id_cliente, nombre, apellido, email, telefono, direccion, fecha_registro) VALUES (142, 'Miguel', 'Castillo Rojas', 'miguel.castillo142@gmail.com', '921503440', 'Av. Los Precursores 1468, San Miguel, Lima', '2025-09-28 22:23:59');
INSERT INTO [dbo].[Cliente] (id_cliente, nombre, apellido, email, telefono, direccion, fecha_registro) VALUES (143, 'Beatriz', 'Perez Romero', 'beatriz.perez143@gmail.com', '961956500', 'Av. Los Precursores 1170, Jesús María, Lima', '2025-10-01 22:23:59');
INSERT INTO [dbo].[Cliente] (id_cliente, nombre, apellido, email, telefono, direccion, fecha_registro) VALUES (144, 'Beatriz', 'Campos Perez', 'beatriz.campos144@hotmail.com', '950111251', 'Av. Los Precursores 261, Jesús María, Lima', '2026-06-15 22:23:59');
INSERT INTO [dbo].[Cliente] (id_cliente, nombre, apellido, email, telefono, direccion, fecha_registro) VALUES (145, 'Jorge', 'Castillo Moreno', 'jorge.castillo145@outlook.com', '932436477', 'Av. Los Precursores 533, San Borja, Lima', '2026-04-29 22:23:59');
INSERT INTO [dbo].[Cliente] (id_cliente, nombre, apellido, email, telefono, direccion, fecha_registro) VALUES (146, 'Roberto', 'Gonzalez Salazar', 'roberto.gonzalez146@hotmail.com', '937101146', 'Av. Los Precursores 1384, Surco, Lima', '2025-09-01 22:23:59');
INSERT INTO [dbo].[Cliente] (id_cliente, nombre, apellido, email, telefono, direccion, fecha_registro) VALUES (147, 'Andrea', 'Medina Flores', 'andrea.medina147@gmail.com', '921680625', 'Av. Los Precursores 894, Pueblo Libre, Lima', '2025-12-11 22:23:59');
INSERT INTO [dbo].[Cliente] (id_cliente, nombre, apellido, email, telefono, direccion, fecha_registro) VALUES (148, 'Lucia', 'Alvarez Moreno', 'lucia.alvarez148@gmail.com', '993625419', 'Av. Los Precursores 1303, Pueblo Libre, Lima', '2025-11-30 22:23:59');
INSERT INTO [dbo].[Cliente] (id_cliente, nombre, apellido, email, telefono, direccion, fecha_registro) VALUES (149, 'Roberto', 'Lopez Lopez', 'roberto.lopez149@gmail.com', '924178065', 'Av. Los Precursores 1252, Miraflores, Lima', '2026-02-06 22:23:59');
INSERT INTO [dbo].[Cliente] (id_cliente, nombre, apellido, email, telefono, direccion, fecha_registro) VALUES (150, 'Gabriela', 'Gomez Hernandez', 'gabriela.gomez150@hotmail.com', '986775659', 'Av. Los Precursores 1347, Lince, Lima', '2026-06-13 22:23:59');
INSERT INTO [dbo].[Cliente] (id_cliente, nombre, apellido, email, telefono, direccion, fecha_registro) VALUES (151, 'David', 'Hernandez Lopez', 'david.hernandez151@hotmail.com', '915205303', 'Av. Los Precursores 910, San Miguel, Lima', '2025-07-14 22:23:59');
INSERT INTO [dbo].[Cliente] (id_cliente, nombre, apellido, email, telefono, direccion, fecha_registro) VALUES (152, 'Carlos', 'Flores Muñoz', 'carlos.flores152@yahoo.com', '959988144', 'Av. Los Precursores 141, San Miguel, Lima', '2026-01-28 22:23:59');
INSERT INTO [dbo].[Cliente] (id_cliente, nombre, apellido, email, telefono, direccion, fecha_registro) VALUES (153, 'Lucia', 'Mendoza Muñoz', 'lucia.mendoza153@gmail.com', '940595926', 'Av. Los Precursores 375, La Molina, Lima', '2025-11-18 22:23:59');
INSERT INTO [dbo].[Cliente] (id_cliente, nombre, apellido, email, telefono, direccion, fecha_registro) VALUES (154, 'Lucia', 'Flores Diaz', 'lucia.flores154@gmail.com', '935224301', 'Av. Los Precursores 1004, San Borja, Lima', '2025-12-06 22:23:59');
INSERT INTO [dbo].[Cliente] (id_cliente, nombre, apellido, email, telefono, direccion, fecha_registro) VALUES (155, 'Marta', 'Caceres Ruiz', 'marta.caceres155@gmail.com', '979158328', 'Av. Los Precursores 425, Miraflores, Lima', '2026-01-24 22:23:59');
INSERT INTO [dbo].[Cliente] (id_cliente, nombre, apellido, email, telefono, direccion, fecha_registro) VALUES (156, 'Sofia', 'Castillo Caceres', 'sofia.castillo156@gmail.com', '933318633', 'Av. Los Precursores 494, San Borja, Lima', '2026-06-03 22:23:59');
INSERT INTO [dbo].[Cliente] (id_cliente, nombre, apellido, email, telefono, direccion, fecha_registro) VALUES (157, 'Carlos', 'Moreno Rodriguez', 'carlos.moreno157@yahoo.com', '936724061', 'Av. Los Precursores 661, San Miguel, Lima', '2025-11-07 22:23:59');
INSERT INTO [dbo].[Cliente] (id_cliente, nombre, apellido, email, telefono, direccion, fecha_registro) VALUES (158, 'Carmen', 'Salazar Garcia', 'carmen.salazar158@outlook.com', '959991642', 'Av. Los Precursores 1101, Magdalena, Lima', '2025-11-16 22:23:59');
INSERT INTO [dbo].[Cliente] (id_cliente, nombre, apellido, email, telefono, direccion, fecha_registro) VALUES (159, 'Oscar', 'Alonso Romero', 'oscar.alonso159@yahoo.com', '956204319', 'Av. Los Precursores 434, La Molina, Lima', '2025-07-15 22:23:59');
INSERT INTO [dbo].[Cliente] (id_cliente, nombre, apellido, email, telefono, direccion, fecha_registro) VALUES (160, 'Francisco', 'Garcia Hernandez', 'francisco.garcia160@gmail.com', '931865061', 'Av. Los Precursores 1271, San Borja, Lima', '2026-03-11 22:23:59');
INSERT INTO [dbo].[Cliente] (id_cliente, nombre, apellido, email, telefono, direccion, fecha_registro) VALUES (161, 'Jose', 'Gomez Torres', 'jose.gomez161@hotmail.com', '978891441', 'Av. Los Precursores 141, Chorrillos, Lima', '2026-06-28 22:23:59');
INSERT INTO [dbo].[Cliente] (id_cliente, nombre, apellido, email, telefono, direccion, fecha_registro) VALUES (162, 'Sofia', 'Torres Martinez', 'sofia.torres162@gmail.com', '940033905', 'Av. Los Precursores 616, Magdalena, Lima', '2026-01-27 22:23:59');
INSERT INTO [dbo].[Cliente] (id_cliente, nombre, apellido, email, telefono, direccion, fecha_registro) VALUES (163, 'Gabriela', 'Campos Hernandez', 'gabriela.campos163@yahoo.com', '971605671', 'Av. Los Precursores 616, San Borja, Lima', '2025-11-06 22:23:59');
INSERT INTO [dbo].[Cliente] (id_cliente, nombre, apellido, email, telefono, direccion, fecha_registro) VALUES (164, 'Marta', 'Mendoza Gutierrez', 'marta.mendoza164@hotmail.com', '988448538', 'Av. Los Precursores 309, San Isidro, Lima', '2025-10-14 22:23:59');
INSERT INTO [dbo].[Cliente] (id_cliente, nombre, apellido, email, telefono, direccion, fecha_registro) VALUES (165, 'Julia', 'Torres Gutierrez', 'julia.torres165@yahoo.com', '950060760', 'Av. Los Precursores 321, Lince, Lima', '2026-05-31 22:23:59');
INSERT INTO [dbo].[Cliente] (id_cliente, nombre, apellido, email, telefono, direccion, fecha_registro) VALUES (166, 'Lucia', 'Torres Jimenez', 'lucia.torres166@yahoo.com', '945050544', 'Av. Los Precursores 1443, Barranco, Lima', '2025-08-03 22:23:59');
INSERT INTO [dbo].[Cliente] (id_cliente, nombre, apellido, email, telefono, direccion, fecha_registro) VALUES (167, 'Elena', 'Lopez Alvarez', 'elena.lopez167@outlook.com', '917620167', 'Av. Los Precursores 1328, Jesús María, Lima', '2025-07-29 22:23:59');
INSERT INTO [dbo].[Cliente] (id_cliente, nombre, apellido, email, telefono, direccion, fecha_registro) VALUES (168, 'Sofia', 'Flores Garcia', 'sofia.flores168@hotmail.com', '949675382', 'Av. Los Precursores 631, Jesús María, Lima', '2025-12-07 22:23:59');
INSERT INTO [dbo].[Cliente] (id_cliente, nombre, apellido, email, telefono, direccion, fecha_registro) VALUES (169, 'Ana', 'Alonso Rojas', 'ana.alonso169@outlook.com', '956059101', 'Av. Los Precursores 555, Chorrillos, Lima', '2025-10-02 22:23:59');
INSERT INTO [dbo].[Cliente] (id_cliente, nombre, apellido, email, telefono, direccion, fecha_registro) VALUES (170, 'Camila', 'Alvarez Martin', 'camila.alvarez170@outlook.com', '998263548', 'Av. Los Precursores 1243, Surco, Lima', '2026-02-02 22:23:59');
INSERT INTO [dbo].[Cliente] (id_cliente, nombre, apellido, email, telefono, direccion, fecha_registro) VALUES (171, 'Oscar', 'Lopez Flores', 'oscar.lopez171@yahoo.com', '985031958', 'Av. Los Precursores 474, Chorrillos, Lima', '2026-01-12 22:23:59');
INSERT INTO [dbo].[Cliente] (id_cliente, nombre, apellido, email, telefono, direccion, fecha_registro) VALUES (172, 'Pedro', 'Ruiz Perez', 'pedro.ruiz172@yahoo.com', '966434872', 'Av. Los Precursores 778, San Miguel, Lima', '2026-02-19 22:23:59');
INSERT INTO [dbo].[Cliente] (id_cliente, nombre, apellido, email, telefono, direccion, fecha_registro) VALUES (173, 'Patricia', 'Caceres Fernandez', 'patricia.caceres173@hotmail.com', '917204398', 'Av. Los Precursores 1399, Magdalena, Lima', '2025-09-08 22:23:59');
INSERT INTO [dbo].[Cliente] (id_cliente, nombre, apellido, email, telefono, direccion, fecha_registro) VALUES (174, 'Oscar', 'Campos Sanchez', 'oscar.campos174@gmail.com', '961226775', 'Av. Los Precursores 1185, La Molina, Lima', '2025-12-03 22:23:59');
INSERT INTO [dbo].[Cliente] (id_cliente, nombre, apellido, email, telefono, direccion, fecha_registro) VALUES (175, 'Miguel', 'Lopez Sanchez', 'miguel.lopez175@yahoo.com', '964920799', 'Av. Los Precursores 1266, Lince, Lima', '2026-04-20 22:23:59');
INSERT INTO [dbo].[Cliente] (id_cliente, nombre, apellido, email, telefono, direccion, fecha_registro) VALUES (176, 'Laura', 'Castillo Gonzalez', 'laura.castillo176@hotmail.com', '954644768', 'Av. Los Precursores 1392, Surco, Lima', '2026-01-23 22:23:59');
INSERT INTO [dbo].[Cliente] (id_cliente, nombre, apellido, email, telefono, direccion, fecha_registro) VALUES (177, 'Juan', 'Moreno Gomez', 'juan.moreno177@outlook.com', '932629881', 'Av. Los Precursores 1280, Surco, Lima', '2025-10-25 22:23:59');
INSERT INTO [dbo].[Cliente] (id_cliente, nombre, apellido, email, telefono, direccion, fecha_registro) VALUES (178, 'Miguel', 'Gutierrez Diaz', 'miguel.gutierrez178@hotmail.com', '964142556', 'Av. Los Precursores 978, Lince, Lima', '2025-12-18 22:23:59');
INSERT INTO [dbo].[Cliente] (id_cliente, nombre, apellido, email, telefono, direccion, fecha_registro) VALUES (179, 'Carlos', 'Romero Sanchez', 'carlos.romero179@yahoo.com', '911889398', 'Av. Los Precursores 759, Pueblo Libre, Lima', '2026-03-27 22:23:59');
INSERT INTO [dbo].[Cliente] (id_cliente, nombre, apellido, email, telefono, direccion, fecha_registro) VALUES (180, 'Juan', 'Torres Flores', 'juan.torres180@outlook.com', '940368869', 'Av. Los Precursores 805, La Molina, Lima', '2026-04-27 22:23:59');
INSERT INTO [dbo].[Cliente] (id_cliente, nombre, apellido, email, telefono, direccion, fecha_registro) VALUES (181, 'Christian', 'Alvarez Alonso', 'christian.alvarez181@yahoo.com', '932417070', 'Av. Los Precursores 233, San Isidro, Lima', '2026-01-31 22:23:59');
INSERT INTO [dbo].[Cliente] (id_cliente, nombre, apellido, email, telefono, direccion, fecha_registro) VALUES (182, 'Patricia', 'Flores Alvarez', 'patricia.flores182@yahoo.com', '968205561', 'Av. Los Precursores 374, San Miguel, Lima', '2025-10-25 22:23:59');
INSERT INTO [dbo].[Cliente] (id_cliente, nombre, apellido, email, telefono, direccion, fecha_registro) VALUES (183, 'Elena', 'Martinez Medina', 'elena.martinez183@hotmail.com', '912566878', 'Av. Los Precursores 567, San Borja, Lima', '2026-04-26 22:23:59');
INSERT INTO [dbo].[Cliente] (id_cliente, nombre, apellido, email, telefono, direccion, fecha_registro) VALUES (184, 'Juan', 'Alonso Alvarez', 'juan.alonso184@outlook.com', '926530521', 'Av. Los Precursores 850, Barranco, Lima', '2025-08-03 22:23:59');
INSERT INTO [dbo].[Cliente] (id_cliente, nombre, apellido, email, telefono, direccion, fecha_registro) VALUES (185, 'Christian', 'Campos Torres', 'christian.campos185@yahoo.com', '981770706', 'Av. Los Precursores 1376, San Isidro, Lima', '2025-09-01 22:23:59');
INSERT INTO [dbo].[Cliente] (id_cliente, nombre, apellido, email, telefono, direccion, fecha_registro) VALUES (186, 'Jorge', 'Torres Mendoza', 'jorge.torres186@gmail.com', '916473999', 'Av. Los Precursores 337, Jesús María, Lima', '2025-11-17 22:23:59');
INSERT INTO [dbo].[Cliente] (id_cliente, nombre, apellido, email, telefono, direccion, fecha_registro) VALUES (187, 'Carmen', 'Romero Gomez', 'carmen.romero187@hotmail.com', '930552371', 'Av. Los Precursores 520, Barranco, Lima', '2025-07-16 22:23:59');
INSERT INTO [dbo].[Cliente] (id_cliente, nombre, apellido, email, telefono, direccion, fecha_registro) VALUES (188, 'Francisco', 'Diaz Salazar', 'francisco.diaz188@gmail.com', '998916958', 'Av. Los Precursores 1165, La Molina, Lima', '2025-08-18 22:23:59');
INSERT INTO [dbo].[Cliente] (id_cliente, nombre, apellido, email, telefono, direccion, fecha_registro) VALUES (189, 'Roberto', 'Mendoza Campos', 'roberto.mendoza189@gmail.com', '978663747', 'Av. Los Precursores 1365, Miraflores, Lima', '2026-02-08 22:23:59');
INSERT INTO [dbo].[Cliente] (id_cliente, nombre, apellido, email, telefono, direccion, fecha_registro) VALUES (190, 'Jorge', 'Muñoz Sanchez', 'jorge.muñoz190@outlook.com', '945298445', 'Av. Los Precursores 1171, San Borja, Lima', '2025-12-31 22:23:59');
INSERT INTO [dbo].[Cliente] (id_cliente, nombre, apellido, email, telefono, direccion, fecha_registro) VALUES (191, 'Paula', 'Martinez Rodriguez', 'paula.martinez191@hotmail.com', '937876214', 'Av. Los Precursores 1084, San Miguel, Lima', '2026-03-04 22:23:59');
INSERT INTO [dbo].[Cliente] (id_cliente, nombre, apellido, email, telefono, direccion, fecha_registro) VALUES (192, 'Juan', 'Salazar Gonzalez', 'juan.salazar192@gmail.com', '987061479', 'Av. Los Precursores 1470, Lince, Lima', '2026-04-17 22:23:59');
INSERT INTO [dbo].[Cliente] (id_cliente, nombre, apellido, email, telefono, direccion, fecha_registro) VALUES (193, 'Javier', 'Gonzalez Flores', 'javier.gonzalez193@gmail.com', '944345256', 'Av. Los Precursores 1419, San Borja, Lima', '2025-11-11 22:23:59');
INSERT INTO [dbo].[Cliente] (id_cliente, nombre, apellido, email, telefono, direccion, fecha_registro) VALUES (194, 'Lucia', 'Moreno Rodriguez', 'lucia.moreno194@gmail.com', '933448079', 'Av. Los Precursores 180, La Molina, Lima', '2025-12-30 22:23:59');
INSERT INTO [dbo].[Cliente] (id_cliente, nombre, apellido, email, telefono, direccion, fecha_registro) VALUES (195, 'Gabriela', 'Flores Fernandez', 'gabriela.flores195@gmail.com', '916159129', 'Av. Los Precursores 119, Surco, Lima', '2025-07-28 22:23:59');
INSERT INTO [dbo].[Cliente] (id_cliente, nombre, apellido, email, telefono, direccion, fecha_registro) VALUES (196, 'Manuel', 'Ruiz Campos', 'manuel.ruiz196@hotmail.com', '993457527', 'Av. Los Precursores 649, Barranco, Lima', '2026-05-16 22:23:59');
INSERT INTO [dbo].[Cliente] (id_cliente, nombre, apellido, email, telefono, direccion, fecha_registro) VALUES (197, 'Andrea', 'Martinez Fernandez', 'andrea.martinez197@hotmail.com', '963720675', 'Av. Los Precursores 1034, La Molina, Lima', '2025-12-17 22:23:59');
INSERT INTO [dbo].[Cliente] (id_cliente, nombre, apellido, email, telefono, direccion, fecha_registro) VALUES (198, 'Gabriela', 'Torres Campos', 'gabriela.torres198@outlook.com', '925174194', 'Av. Los Precursores 371, Barranco, Lima', '2026-06-02 22:23:59');
INSERT INTO [dbo].[Cliente] (id_cliente, nombre, apellido, email, telefono, direccion, fecha_registro) VALUES (199, 'Jorge', 'Diaz Medina', 'jorge.diaz199@hotmail.com', '986362294', 'Av. Los Precursores 1489, Lince, Lima', '2026-04-01 22:23:59');
INSERT INTO [dbo].[Cliente] (id_cliente, nombre, apellido, email, telefono, direccion, fecha_registro) VALUES (200, 'Camila', 'Gutierrez Garcia', 'camila.gutierrez200@outlook.com', '974837853', 'Av. Los Precursores 1099, Miraflores, Lima', '2025-12-04 22:23:59');
SET IDENTITY_INSERT [dbo].[Cliente] OFF;
GO

PRINT 'Insertando Proveedores...';
SET IDENTITY_INSERT [dbo].[Proveedor] ON;
INSERT INTO [dbo].[Proveedor] (id_proveedor, razon_social, ruc_o_documento, nombre_contacto, telefono, email) VALUES (1, 'Distribuidora Sport Perú S.A.C.', '20554488331', 'Gino Valerga', '987654321', 'contacto@sportperu.com');
INSERT INTO [dbo].[Proveedor] (id_proveedor, razon_social, ruc_o_documento, nombre_contacto, telefono, email) VALUES (2, 'Representaciones Deportivas del Sur', '20448822119', 'Mónica Sánchez', '985412630', 'ventas@depsur.com.pe');
INSERT INTO [dbo].[Proveedor] (id_proveedor, razon_social, ruc_o_documento, nombre_contacto, telefono, email) VALUES (3, 'Importaciones Calzado Elite S.A.', '20601234567', 'Raúl Castro', '993322110', 'rcastro@calzadoelite.com');
INSERT INTO [dbo].[Proveedor] (id_proveedor, razon_social, ruc_o_documento, nombre_contacto, telefono, email) VALUES (4, 'Textiles y Confecciones Sport SAC', '20108877665', 'Elena Rivas', '944556677', 'erivas@textilsport.com');
INSERT INTO [dbo].[Proveedor] (id_proveedor, razon_social, ruc_o_documento, nombre_contacto, telefono, email) VALUES (5, 'Nike Corporate Perú (Representante)', '20309988776', 'Juan Pérez', '911223344', 'jperez@nikeperu.com');
INSERT INTO [dbo].[Proveedor] (id_proveedor, razon_social, ruc_o_documento, nombre_contacto, telefono, email) VALUES (6, 'Adidas Wholesale Group Sucursal', '20504030201', 'Karen Müller', '922334455', 'karen.muller@adidas.com');
INSERT INTO [dbo].[Proveedor] (id_proveedor, razon_social, ruc_o_documento, nombre_contacto, telefono, email) VALUES (7, 'Puma Sports Sucursal del Perú', '20405060708', 'Diego Maradona', '933445566', 'diego.maradona@puma.com');
INSERT INTO [dbo].[Proveedor] (id_proveedor, razon_social, ruc_o_documento, nombre_contacto, telefono, email) VALUES (8, 'Under Armour Distributor SAC', '20609080706', 'Stephen Curry', '944556677', 'scurry@uaperu.com');
INSERT INTO [dbo].[Proveedor] (id_proveedor, razon_social, ruc_o_documento, nombre_contacto, telefono, email) VALUES (9, 'Accesorios Deportivos Globals', '20112233445', 'Luis Advíncula', '955667788', 'ladvincula@sportglobals.com');
INSERT INTO [dbo].[Proveedor] (id_proveedor, razon_social, ruc_o_documento, nombre_contacto, telefono, email) VALUES (10, 'Logística y Calzado del Norte', '20778899001', 'Paolo Guerrero', '966778899', 'pguerrero@calzadonorte.com');
SET IDENTITY_INSERT [dbo].[Proveedor] OFF;
GO

PRINT 'Insertando Pedidos y sus Detalles...';
SET IDENTITY_INSERT [dbo].[Pedido] ON;
INSERT INTO [dbo].[Pedido] (id_pedido, id_cliente, fecha_compra, estado_pedido, total) VALUES (1, 113, '2025-08-10 22:23:59', 'Pendiente', 276.98);
INSERT INTO [dbo].[Pedido] (id_pedido, id_cliente, fecha_compra, estado_pedido, total) VALUES (2, 172, '2026-04-16 22:23:59', 'Enviado', 619.06);
INSERT INTO [dbo].[Pedido] (id_pedido, id_cliente, fecha_compra, estado_pedido, total) VALUES (3, 89, '2026-02-09 22:23:59', 'Entregado', 1031.54);
INSERT INTO [dbo].[Pedido] (id_pedido, id_cliente, fecha_compra, estado_pedido, total) VALUES (4, 43, '2025-07-28 22:23:59', 'Enviado', 735.03);
INSERT INTO [dbo].[Pedido] (id_pedido, id_cliente, fecha_compra, estado_pedido, total) VALUES (5, 61, '2026-03-19 22:23:59', 'Enviado', 746.73);
INSERT INTO [dbo].[Pedido] (id_pedido, id_cliente, fecha_compra, estado_pedido, total) VALUES (6, 104, '2026-03-24 22:23:59', 'Pendiente', 511.26);
INSERT INTO [dbo].[Pedido] (id_pedido, id_cliente, fecha_compra, estado_pedido, total) VALUES (7, 159, '2025-08-25 22:23:59', 'Enviado', 121.31);
INSERT INTO [dbo].[Pedido] (id_pedido, id_cliente, fecha_compra, estado_pedido, total) VALUES (8, 58, '2025-12-19 22:23:59', 'Enviado', 518.03);
INSERT INTO [dbo].[Pedido] (id_pedido, id_cliente, fecha_compra, estado_pedido, total) VALUES (9, 25, '2026-01-31 22:23:59', 'Entregado', 335.91);
INSERT INTO [dbo].[Pedido] (id_pedido, id_cliente, fecha_compra, estado_pedido, total) VALUES (10, 134, '2025-11-21 22:23:59', 'Entregado', 48.88);
INSERT INTO [dbo].[Pedido] (id_pedido, id_cliente, fecha_compra, estado_pedido, total) VALUES (11, 36, '2026-07-06 23:23:59', 'Entregado', 278.58);
INSERT INTO [dbo].[Pedido] (id_pedido, id_cliente, fecha_compra, estado_pedido, total) VALUES (12, 194, '2026-01-26 22:23:59', 'Pendiente', 127.64);
INSERT INTO [dbo].[Pedido] (id_pedido, id_cliente, fecha_compra, estado_pedido, total) VALUES (13, 169, '2025-11-09 22:23:59', 'Entregado', 1163.97);
INSERT INTO [dbo].[Pedido] (id_pedido, id_cliente, fecha_compra, estado_pedido, total) VALUES (14, 111, '2026-06-10 22:23:59', 'Entregado', 765.93);
INSERT INTO [dbo].[Pedido] (id_pedido, id_cliente, fecha_compra, estado_pedido, total) VALUES (15, 83, '2025-09-27 22:23:59', 'Enviado', 501.21);
INSERT INTO [dbo].[Pedido] (id_pedido, id_cliente, fecha_compra, estado_pedido, total) VALUES (16, 155, '2026-03-10 22:23:59', 'Entregado', 624.72);
INSERT INTO [dbo].[Pedido] (id_pedido, id_cliente, fecha_compra, estado_pedido, total) VALUES (17, 54, '2025-10-14 22:23:59', 'Entregado', 696.39);
INSERT INTO [dbo].[Pedido] (id_pedido, id_cliente, fecha_compra, estado_pedido, total) VALUES (18, 164, '2025-11-04 22:23:59', 'Entregado', 135.39);
INSERT INTO [dbo].[Pedido] (id_pedido, id_cliente, fecha_compra, estado_pedido, total) VALUES (19, 123, '2025-09-04 22:23:59', 'Entregado', 411.02);
INSERT INTO [dbo].[Pedido] (id_pedido, id_cliente, fecha_compra, estado_pedido, total) VALUES (20, 38, '2026-04-03 22:23:59', 'Entregado', 86.43);
INSERT INTO [dbo].[Pedido] (id_pedido, id_cliente, fecha_compra, estado_pedido, total) VALUES (21, 74, '2026-07-03 22:23:59', 'Enviado', 144.06);
INSERT INTO [dbo].[Pedido] (id_pedido, id_cliente, fecha_compra, estado_pedido, total) VALUES (22, 92, '2026-07-07 07:23:59', 'Pendiente', 182.16);
INSERT INTO [dbo].[Pedido] (id_pedido, id_cliente, fecha_compra, estado_pedido, total) VALUES (23, 179, '2026-04-15 22:23:59', 'Entregado', 69.94);
INSERT INTO [dbo].[Pedido] (id_pedido, id_cliente, fecha_compra, estado_pedido, total) VALUES (24, 176, '2026-02-13 22:23:59', 'Entregado', 24.13);
INSERT INTO [dbo].[Pedido] (id_pedido, id_cliente, fecha_compra, estado_pedido, total) VALUES (25, 159, '2025-09-09 22:23:59', 'Enviado', 300.96);
INSERT INTO [dbo].[Pedido] (id_pedido, id_cliente, fecha_compra, estado_pedido, total) VALUES (26, 155, '2026-02-06 22:23:59', 'Entregado', 485.37);
INSERT INTO [dbo].[Pedido] (id_pedido, id_cliente, fecha_compra, estado_pedido, total) VALUES (27, 45, '2026-05-16 22:23:59', 'Entregado', 38.44);
INSERT INTO [dbo].[Pedido] (id_pedido, id_cliente, fecha_compra, estado_pedido, total) VALUES (28, 72, '2025-12-24 22:23:59', 'Enviado', 61.7);
INSERT INTO [dbo].[Pedido] (id_pedido, id_cliente, fecha_compra, estado_pedido, total) VALUES (29, 182, '2025-12-24 22:23:59', 'Pendiente', 251.46);
INSERT INTO [dbo].[Pedido] (id_pedido, id_cliente, fecha_compra, estado_pedido, total) VALUES (30, 14, '2026-02-03 22:23:59', 'Entregado', 656.42);
INSERT INTO [dbo].[Pedido] (id_pedido, id_cliente, fecha_compra, estado_pedido, total) VALUES (31, 57, '2026-02-23 22:23:59', 'Entregado', 103.26);
INSERT INTO [dbo].[Pedido] (id_pedido, id_cliente, fecha_compra, estado_pedido, total) VALUES (32, 107, '2026-01-28 22:23:59', 'Entregado', 454.54);
INSERT INTO [dbo].[Pedido] (id_pedido, id_cliente, fecha_compra, estado_pedido, total) VALUES (33, 136, '2026-04-03 22:23:59', 'Entregado', 142.16);
INSERT INTO [dbo].[Pedido] (id_pedido, id_cliente, fecha_compra, estado_pedido, total) VALUES (34, 62, '2025-11-07 22:23:59', 'Entregado', 316.36);
INSERT INTO [dbo].[Pedido] (id_pedido, id_cliente, fecha_compra, estado_pedido, total) VALUES (35, 66, '2026-03-03 22:23:59', 'Entregado', 432.79);
INSERT INTO [dbo].[Pedido] (id_pedido, id_cliente, fecha_compra, estado_pedido, total) VALUES (36, 76, '2026-07-03 22:23:59', 'Entregado', 159.03);
INSERT INTO [dbo].[Pedido] (id_pedido, id_cliente, fecha_compra, estado_pedido, total) VALUES (37, 137, '2026-07-02 22:23:59', 'Entregado', 246.33);
INSERT INTO [dbo].[Pedido] (id_pedido, id_cliente, fecha_compra, estado_pedido, total) VALUES (38, 109, '2026-07-07 18:23:59', 'Pendiente', 734.51);
INSERT INTO [dbo].[Pedido] (id_pedido, id_cliente, fecha_compra, estado_pedido, total) VALUES (39, 14, '2025-12-27 22:23:59', 'Enviado', 187.1);
INSERT INTO [dbo].[Pedido] (id_pedido, id_cliente, fecha_compra, estado_pedido, total) VALUES (40, 105, '2026-01-01 22:23:59', 'Enviado', 1116.17);
INSERT INTO [dbo].[Pedido] (id_pedido, id_cliente, fecha_compra, estado_pedido, total) VALUES (41, 180, '2026-06-21 22:23:59', 'Pendiente', 1369.47);
INSERT INTO [dbo].[Pedido] (id_pedido, id_cliente, fecha_compra, estado_pedido, total) VALUES (42, 102, '2026-06-24 22:23:59', 'Entregado', 114.18);
INSERT INTO [dbo].[Pedido] (id_pedido, id_cliente, fecha_compra, estado_pedido, total) VALUES (43, 57, '2026-02-20 22:23:59', 'Entregado', 812.73);
INSERT INTO [dbo].[Pedido] (id_pedido, id_cliente, fecha_compra, estado_pedido, total) VALUES (44, 37, '2026-04-12 22:23:59', 'Pendiente', 206.78);
INSERT INTO [dbo].[Pedido] (id_pedido, id_cliente, fecha_compra, estado_pedido, total) VALUES (45, 138, '2026-04-24 22:23:59', 'Pendiente', 434.11);
INSERT INTO [dbo].[Pedido] (id_pedido, id_cliente, fecha_compra, estado_pedido, total) VALUES (46, 42, '2026-01-15 22:23:59', 'Pendiente', 532.71);
INSERT INTO [dbo].[Pedido] (id_pedido, id_cliente, fecha_compra, estado_pedido, total) VALUES (47, 75, '2026-05-01 22:23:59', 'Pendiente', 980.17);
INSERT INTO [dbo].[Pedido] (id_pedido, id_cliente, fecha_compra, estado_pedido, total) VALUES (48, 168, '2025-12-23 22:23:59', 'Pendiente', 961.68);
INSERT INTO [dbo].[Pedido] (id_pedido, id_cliente, fecha_compra, estado_pedido, total) VALUES (49, 169, '2025-10-22 22:23:59', 'Entregado', 306.24);
INSERT INTO [dbo].[Pedido] (id_pedido, id_cliente, fecha_compra, estado_pedido, total) VALUES (50, 2, '2026-04-16 22:23:59', 'Pendiente', 356.55);
INSERT INTO [dbo].[Pedido] (id_pedido, id_cliente, fecha_compra, estado_pedido, total) VALUES (51, 174, '2026-01-19 22:23:59', 'Enviado', 620.7);
INSERT INTO [dbo].[Pedido] (id_pedido, id_cliente, fecha_compra, estado_pedido, total) VALUES (52, 72, '2026-01-12 22:23:59', 'Pendiente', 404.07);
INSERT INTO [dbo].[Pedido] (id_pedido, id_cliente, fecha_compra, estado_pedido, total) VALUES (53, 130, '2026-01-10 22:23:59', 'Pendiente', 436.58);
INSERT INTO [dbo].[Pedido] (id_pedido, id_cliente, fecha_compra, estado_pedido, total) VALUES (54, 101, '2025-09-21 22:23:59', 'Entregado', 599.55);
INSERT INTO [dbo].[Pedido] (id_pedido, id_cliente, fecha_compra, estado_pedido, total) VALUES (55, 170, '2026-02-18 22:23:59', 'Entregado', 181.28);
INSERT INTO [dbo].[Pedido] (id_pedido, id_cliente, fecha_compra, estado_pedido, total) VALUES (56, 145, '2026-06-05 22:23:59', 'Entregado', 725.2);
INSERT INTO [dbo].[Pedido] (id_pedido, id_cliente, fecha_compra, estado_pedido, total) VALUES (57, 195, '2025-08-29 22:23:59', 'Pendiente', 66.3);
INSERT INTO [dbo].[Pedido] (id_pedido, id_cliente, fecha_compra, estado_pedido, total) VALUES (58, 11, '2025-10-14 22:23:59', 'Pendiente', 323.09);
INSERT INTO [dbo].[Pedido] (id_pedido, id_cliente, fecha_compra, estado_pedido, total) VALUES (59, 71, '2026-01-12 22:23:59', 'Entregado', 777.7);
INSERT INTO [dbo].[Pedido] (id_pedido, id_cliente, fecha_compra, estado_pedido, total) VALUES (60, 20, '2026-03-05 22:23:59', 'Enviado', 344.22);
INSERT INTO [dbo].[Pedido] (id_pedido, id_cliente, fecha_compra, estado_pedido, total) VALUES (61, 113, '2025-08-18 22:23:59', 'Pendiente', 31.56);
INSERT INTO [dbo].[Pedido] (id_pedido, id_cliente, fecha_compra, estado_pedido, total) VALUES (62, 39, '2025-12-27 22:23:59', 'Pendiente', 479.7);
INSERT INTO [dbo].[Pedido] (id_pedido, id_cliente, fecha_compra, estado_pedido, total) VALUES (63, 30, '2026-06-20 22:23:59', 'Entregado', 198.97);
INSERT INTO [dbo].[Pedido] (id_pedido, id_cliente, fecha_compra, estado_pedido, total) VALUES (64, 35, '2025-12-12 22:23:59', 'Entregado', 22.83);
INSERT INTO [dbo].[Pedido] (id_pedido, id_cliente, fecha_compra, estado_pedido, total) VALUES (65, 15, '2026-02-25 22:23:59', 'Enviado', 186.6);
INSERT INTO [dbo].[Pedido] (id_pedido, id_cliente, fecha_compra, estado_pedido, total) VALUES (66, 187, '2025-08-28 22:23:59', 'Enviado', 250.41);
INSERT INTO [dbo].[Pedido] (id_pedido, id_cliente, fecha_compra, estado_pedido, total) VALUES (67, 121, '2026-05-16 22:23:59', 'Enviado', 790.08);
INSERT INTO [dbo].[Pedido] (id_pedido, id_cliente, fecha_compra, estado_pedido, total) VALUES (68, 197, '2025-12-29 22:23:59', 'Entregado', 913.61);
INSERT INTO [dbo].[Pedido] (id_pedido, id_cliente, fecha_compra, estado_pedido, total) VALUES (69, 97, '2026-05-16 22:23:59', 'Pendiente', 112.38);
INSERT INTO [dbo].[Pedido] (id_pedido, id_cliente, fecha_compra, estado_pedido, total) VALUES (70, 130, '2026-01-13 22:23:59', 'Enviado', 209.82);
INSERT INTO [dbo].[Pedido] (id_pedido, id_cliente, fecha_compra, estado_pedido, total) VALUES (71, 10, '2026-03-04 22:23:59', 'Entregado', 59.43);
INSERT INTO [dbo].[Pedido] (id_pedido, id_cliente, fecha_compra, estado_pedido, total) VALUES (72, 34, '2026-06-18 22:23:59', 'Entregado', 65.22);
INSERT INTO [dbo].[Pedido] (id_pedido, id_cliente, fecha_compra, estado_pedido, total) VALUES (73, 108, '2025-08-30 22:23:59', 'Pendiente', 545.21);
INSERT INTO [dbo].[Pedido] (id_pedido, id_cliente, fecha_compra, estado_pedido, total) VALUES (74, 66, '2026-02-27 22:23:59', 'Pendiente', 317.13);
INSERT INTO [dbo].[Pedido] (id_pedido, id_cliente, fecha_compra, estado_pedido, total) VALUES (75, 105, '2025-12-24 22:23:59', 'Pendiente', 143.76);
INSERT INTO [dbo].[Pedido] (id_pedido, id_cliente, fecha_compra, estado_pedido, total) VALUES (76, 134, '2025-11-05 22:23:59', 'Entregado', 60.87);
INSERT INTO [dbo].[Pedido] (id_pedido, id_cliente, fecha_compra, estado_pedido, total) VALUES (77, 81, '2025-10-28 22:23:59', 'Enviado', 251.46);
INSERT INTO [dbo].[Pedido] (id_pedido, id_cliente, fecha_compra, estado_pedido, total) VALUES (78, 150, '2026-06-30 22:23:59', 'Enviado', 669.54);
INSERT INTO [dbo].[Pedido] (id_pedido, id_cliente, fecha_compra, estado_pedido, total) VALUES (79, 144, '2026-07-07 06:23:59', 'Enviado', 670.83);
INSERT INTO [dbo].[Pedido] (id_pedido, id_cliente, fecha_compra, estado_pedido, total) VALUES (80, 59, '2025-09-10 22:23:59', 'Entregado', 365.73);
INSERT INTO [dbo].[Pedido] (id_pedido, id_cliente, fecha_compra, estado_pedido, total) VALUES (81, 158, '2025-12-31 22:23:59', 'Entregado', 88.98);
INSERT INTO [dbo].[Pedido] (id_pedido, id_cliente, fecha_compra, estado_pedido, total) VALUES (82, 2, '2026-05-17 22:23:59', 'Pendiente', 588.9);
INSERT INTO [dbo].[Pedido] (id_pedido, id_cliente, fecha_compra, estado_pedido, total) VALUES (83, 57, '2026-03-07 22:23:59', 'Pendiente', 498.04);
INSERT INTO [dbo].[Pedido] (id_pedido, id_cliente, fecha_compra, estado_pedido, total) VALUES (84, 158, '2025-12-28 22:23:59', 'Entregado', 790.99);
INSERT INTO [dbo].[Pedido] (id_pedido, id_cliente, fecha_compra, estado_pedido, total) VALUES (85, 169, '2025-12-01 22:23:59', 'Entregado', 710.61);
INSERT INTO [dbo].[Pedido] (id_pedido, id_cliente, fecha_compra, estado_pedido, total) VALUES (86, 44, '2025-08-25 22:23:59', 'Pendiente', 255.3);
INSERT INTO [dbo].[Pedido] (id_pedido, id_cliente, fecha_compra, estado_pedido, total) VALUES (87, 102, '2026-05-28 22:23:59', 'Entregado', 79.08);
INSERT INTO [dbo].[Pedido] (id_pedido, id_cliente, fecha_compra, estado_pedido, total) VALUES (88, 186, '2026-01-10 22:23:59', 'Entregado', 776.46);
INSERT INTO [dbo].[Pedido] (id_pedido, id_cliente, fecha_compra, estado_pedido, total) VALUES (89, 2, '2026-04-12 22:23:59', 'Pendiente', 1532.21);
INSERT INTO [dbo].[Pedido] (id_pedido, id_cliente, fecha_compra, estado_pedido, total) VALUES (90, 65, '2025-09-15 22:23:59', 'Enviado', 610.32);
INSERT INTO [dbo].[Pedido] (id_pedido, id_cliente, fecha_compra, estado_pedido, total) VALUES (91, 18, '2025-10-14 22:23:59', 'Entregado', 290.7);
INSERT INTO [dbo].[Pedido] (id_pedido, id_cliente, fecha_compra, estado_pedido, total) VALUES (92, 133, '2026-01-26 22:23:59', 'Pendiente', 420.4);
INSERT INTO [dbo].[Pedido] (id_pedido, id_cliente, fecha_compra, estado_pedido, total) VALUES (93, 122, '2025-09-26 22:23:59', 'Enviado', 208.84);
INSERT INTO [dbo].[Pedido] (id_pedido, id_cliente, fecha_compra, estado_pedido, total) VALUES (94, 189, '2026-02-21 22:23:59', 'Pendiente', 139.75);
INSERT INTO [dbo].[Pedido] (id_pedido, id_cliente, fecha_compra, estado_pedido, total) VALUES (95, 159, '2025-08-07 22:23:59', 'Pendiente', 321.03);
INSERT INTO [dbo].[Pedido] (id_pedido, id_cliente, fecha_compra, estado_pedido, total) VALUES (96, 170, '2026-03-06 22:23:59', 'Entregado', 47.39);
INSERT INTO [dbo].[Pedido] (id_pedido, id_cliente, fecha_compra, estado_pedido, total) VALUES (97, 124, '2025-12-15 22:23:59', 'Entregado', 837.48);
INSERT INTO [dbo].[Pedido] (id_pedido, id_cliente, fecha_compra, estado_pedido, total) VALUES (98, 102, '2026-05-17 22:23:59', 'Entregado', 68.07);
INSERT INTO [dbo].[Pedido] (id_pedido, id_cliente, fecha_compra, estado_pedido, total) VALUES (99, 129, '2026-06-21 22:23:59', 'Enviado', 524.78);
INSERT INTO [dbo].[Pedido] (id_pedido, id_cliente, fecha_compra, estado_pedido, total) VALUES (100, 3, '2025-11-10 22:23:59', 'Entregado', 358.35);
INSERT INTO [dbo].[Pedido] (id_pedido, id_cliente, fecha_compra, estado_pedido, total) VALUES (101, 67, '2026-06-05 22:23:59', 'Entregado', 435.8);
INSERT INTO [dbo].[Pedido] (id_pedido, id_cliente, fecha_compra, estado_pedido, total) VALUES (102, 54, '2025-10-01 22:23:59', 'Entregado', 487.74);
INSERT INTO [dbo].[Pedido] (id_pedido, id_cliente, fecha_compra, estado_pedido, total) VALUES (103, 176, '2026-02-07 22:23:59', 'Pendiente', 344.59);
INSERT INTO [dbo].[Pedido] (id_pedido, id_cliente, fecha_compra, estado_pedido, total) VALUES (104, 3, '2025-11-21 22:23:59', 'Enviado', 764.98);
INSERT INTO [dbo].[Pedido] (id_pedido, id_cliente, fecha_compra, estado_pedido, total) VALUES (105, 13, '2026-03-24 22:23:59', 'Pendiente', 235.78);
INSERT INTO [dbo].[Pedido] (id_pedido, id_cliente, fecha_compra, estado_pedido, total) VALUES (106, 191, '2026-03-26 22:23:59', 'Enviado', 410.66);
INSERT INTO [dbo].[Pedido] (id_pedido, id_cliente, fecha_compra, estado_pedido, total) VALUES (107, 174, '2026-01-11 22:23:59', 'Pendiente', 408.1);
INSERT INTO [dbo].[Pedido] (id_pedido, id_cliente, fecha_compra, estado_pedido, total) VALUES (108, 199, '2026-05-19 22:23:59', 'Enviado', 73.44);
INSERT INTO [dbo].[Pedido] (id_pedido, id_cliente, fecha_compra, estado_pedido, total) VALUES (109, 119, '2026-06-01 22:23:59', 'Pendiente', 296.8);
INSERT INTO [dbo].[Pedido] (id_pedido, id_cliente, fecha_compra, estado_pedido, total) VALUES (110, 104, '2026-04-21 22:23:59', 'Pendiente', 29.66);
INSERT INTO [dbo].[Pedido] (id_pedido, id_cliente, fecha_compra, estado_pedido, total) VALUES (111, 81, '2025-10-22 22:23:59', 'Entregado', 412.08);
INSERT INTO [dbo].[Pedido] (id_pedido, id_cliente, fecha_compra, estado_pedido, total) VALUES (112, 116, '2026-01-27 22:23:59', 'Pendiente', 403.68);
INSERT INTO [dbo].[Pedido] (id_pedido, id_cliente, fecha_compra, estado_pedido, total) VALUES (113, 65, '2025-09-18 22:23:59', 'Entregado', 164.22);
INSERT INTO [dbo].[Pedido] (id_pedido, id_cliente, fecha_compra, estado_pedido, total) VALUES (114, 27, '2025-07-30 22:23:59', 'Pendiente', 664.53);
INSERT INTO [dbo].[Pedido] (id_pedido, id_cliente, fecha_compra, estado_pedido, total) VALUES (115, 168, '2026-02-05 22:23:59', 'Enviado', 586.98);
INSERT INTO [dbo].[Pedido] (id_pedido, id_cliente, fecha_compra, estado_pedido, total) VALUES (116, 8, '2026-03-21 22:23:59', 'Entregado', 455.44);
INSERT INTO [dbo].[Pedido] (id_pedido, id_cliente, fecha_compra, estado_pedido, total) VALUES (117, 35, '2025-12-16 22:23:59', 'Entregado', 678.86);
INSERT INTO [dbo].[Pedido] (id_pedido, id_cliente, fecha_compra, estado_pedido, total) VALUES (118, 135, '2026-02-24 22:23:59', 'Entregado', 231.0);
INSERT INTO [dbo].[Pedido] (id_pedido, id_cliente, fecha_compra, estado_pedido, total) VALUES (119, 106, '2026-05-09 22:23:59', 'Pendiente', 143.87);
INSERT INTO [dbo].[Pedido] (id_pedido, id_cliente, fecha_compra, estado_pedido, total) VALUES (120, 177, '2025-12-24 22:23:59', 'Enviado', 1124.78);
INSERT INTO [dbo].[Pedido] (id_pedido, id_cliente, fecha_compra, estado_pedido, total) VALUES (121, 144, '2026-07-07 09:23:59', 'Pendiente', 581.62);
INSERT INTO [dbo].[Pedido] (id_pedido, id_cliente, fecha_compra, estado_pedido, total) VALUES (122, 21, '2025-09-18 22:23:59', 'Entregado', 189.68);
INSERT INTO [dbo].[Pedido] (id_pedido, id_cliente, fecha_compra, estado_pedido, total) VALUES (123, 167, '2025-09-15 22:23:59', 'Entregado', 981.66);
INSERT INTO [dbo].[Pedido] (id_pedido, id_cliente, fecha_compra, estado_pedido, total) VALUES (124, 117, '2026-07-07 07:23:59', 'Enviado', 1000.47);
INSERT INTO [dbo].[Pedido] (id_pedido, id_cliente, fecha_compra, estado_pedido, total) VALUES (125, 184, '2025-09-01 22:23:59', 'Entregado', 93.04);
INSERT INTO [dbo].[Pedido] (id_pedido, id_cliente, fecha_compra, estado_pedido, total) VALUES (126, 4, '2026-06-17 22:23:59', 'Pendiente', 896.47);
INSERT INTO [dbo].[Pedido] (id_pedido, id_cliente, fecha_compra, estado_pedido, total) VALUES (127, 21, '2025-10-14 22:23:59', 'Pendiente', 122.26);
INSERT INTO [dbo].[Pedido] (id_pedido, id_cliente, fecha_compra, estado_pedido, total) VALUES (128, 140, '2026-01-25 22:23:59', 'Pendiente', 132.72);
INSERT INTO [dbo].[Pedido] (id_pedido, id_cliente, fecha_compra, estado_pedido, total) VALUES (129, 197, '2026-02-01 22:23:59', 'Pendiente', 1302.62);
INSERT INTO [dbo].[Pedido] (id_pedido, id_cliente, fecha_compra, estado_pedido, total) VALUES (130, 100, '2026-01-26 22:23:59', 'Enviado', 634.87);
INSERT INTO [dbo].[Pedido] (id_pedido, id_cliente, fecha_compra, estado_pedido, total) VALUES (131, 124, '2026-01-01 22:23:59', 'Enviado', 170.24);
INSERT INTO [dbo].[Pedido] (id_pedido, id_cliente, fecha_compra, estado_pedido, total) VALUES (132, 61, '2026-04-23 22:23:59', 'Enviado', 181.36);
INSERT INTO [dbo].[Pedido] (id_pedido, id_cliente, fecha_compra, estado_pedido, total) VALUES (133, 11, '2025-10-09 22:23:59', 'Entregado', 948.41);
INSERT INTO [dbo].[Pedido] (id_pedido, id_cliente, fecha_compra, estado_pedido, total) VALUES (134, 195, '2025-09-07 22:23:59', 'Pendiente', 277.56);
INSERT INTO [dbo].[Pedido] (id_pedido, id_cliente, fecha_compra, estado_pedido, total) VALUES (135, 138, '2026-05-09 22:23:59', 'Pendiente', 395.79);
INSERT INTO [dbo].[Pedido] (id_pedido, id_cliente, fecha_compra, estado_pedido, total) VALUES (136, 188, '2025-08-31 22:23:59', 'Pendiente', 1408.38);
INSERT INTO [dbo].[Pedido] (id_pedido, id_cliente, fecha_compra, estado_pedido, total) VALUES (137, 146, '2025-09-13 22:23:59', 'Entregado', 623.08);
INSERT INTO [dbo].[Pedido] (id_pedido, id_cliente, fecha_compra, estado_pedido, total) VALUES (138, 40, '2026-04-27 22:23:59', 'Enviado', 548.9);
INSERT INTO [dbo].[Pedido] (id_pedido, id_cliente, fecha_compra, estado_pedido, total) VALUES (139, 159, '2025-09-08 22:23:59', 'Enviado', 730.21);
INSERT INTO [dbo].[Pedido] (id_pedido, id_cliente, fecha_compra, estado_pedido, total) VALUES (140, 49, '2025-10-20 22:23:59', 'Entregado', 645.26);
INSERT INTO [dbo].[Pedido] (id_pedido, id_cliente, fecha_compra, estado_pedido, total) VALUES (141, 169, '2025-10-07 22:23:59', 'Pendiente', 207.11);
INSERT INTO [dbo].[Pedido] (id_pedido, id_cliente, fecha_compra, estado_pedido, total) VALUES (142, 50, '2026-04-14 22:23:59', 'Pendiente', 296.2);
INSERT INTO [dbo].[Pedido] (id_pedido, id_cliente, fecha_compra, estado_pedido, total) VALUES (143, 54, '2025-10-16 22:23:59', 'Enviado', 86.8);
INSERT INTO [dbo].[Pedido] (id_pedido, id_cliente, fecha_compra, estado_pedido, total) VALUES (144, 143, '2025-11-18 22:23:59', 'Enviado', 255.78);
INSERT INTO [dbo].[Pedido] (id_pedido, id_cliente, fecha_compra, estado_pedido, total) VALUES (145, 20, '2026-02-13 22:23:59', 'Entregado', 156.48);
INSERT INTO [dbo].[Pedido] (id_pedido, id_cliente, fecha_compra, estado_pedido, total) VALUES (146, 99, '2025-09-15 22:23:59', 'Pendiente', 361.98);
INSERT INTO [dbo].[Pedido] (id_pedido, id_cliente, fecha_compra, estado_pedido, total) VALUES (147, 192, '2026-04-24 22:23:59', 'Entregado', 295.37);
INSERT INTO [dbo].[Pedido] (id_pedido, id_cliente, fecha_compra, estado_pedido, total) VALUES (148, 130, '2025-12-22 22:23:59', 'Entregado', 955.38);
INSERT INTO [dbo].[Pedido] (id_pedido, id_cliente, fecha_compra, estado_pedido, total) VALUES (149, 84, '2026-06-17 22:23:59', 'Enviado', 1142.0);
INSERT INTO [dbo].[Pedido] (id_pedido, id_cliente, fecha_compra, estado_pedido, total) VALUES (150, 191, '2026-03-21 22:23:59', 'Enviado', 633.89);
INSERT INTO [dbo].[Pedido] (id_pedido, id_cliente, fecha_compra, estado_pedido, total) VALUES (151, 77, '2026-02-05 22:23:59', 'Pendiente', 915.81);
INSERT INTO [dbo].[Pedido] (id_pedido, id_cliente, fecha_compra, estado_pedido, total) VALUES (152, 40, '2026-04-05 22:23:59', 'Pendiente', 811.45);
INSERT INTO [dbo].[Pedido] (id_pedido, id_cliente, fecha_compra, estado_pedido, total) VALUES (153, 103, '2026-05-20 22:23:59', 'Pendiente', 498.04);
INSERT INTO [dbo].[Pedido] (id_pedido, id_cliente, fecha_compra, estado_pedido, total) VALUES (154, 45, '2026-04-30 22:23:59', 'Entregado', 300.38);
INSERT INTO [dbo].[Pedido] (id_pedido, id_cliente, fecha_compra, estado_pedido, total) VALUES (155, 188, '2025-10-09 22:23:59', 'Entregado', 518.12);
INSERT INTO [dbo].[Pedido] (id_pedido, id_cliente, fecha_compra, estado_pedido, total) VALUES (156, 163, '2025-12-26 22:23:59', 'Entregado', 268.26);
INSERT INTO [dbo].[Pedido] (id_pedido, id_cliente, fecha_compra, estado_pedido, total) VALUES (157, 13, '2026-04-11 22:23:59', 'Entregado', 1025.3);
INSERT INTO [dbo].[Pedido] (id_pedido, id_cliente, fecha_compra, estado_pedido, total) VALUES (158, 87, '2026-04-14 22:23:59', 'Enviado', 269.06);
INSERT INTO [dbo].[Pedido] (id_pedido, id_cliente, fecha_compra, estado_pedido, total) VALUES (159, 22, '2025-09-14 22:23:59', 'Entregado', 499.91);
INSERT INTO [dbo].[Pedido] (id_pedido, id_cliente, fecha_compra, estado_pedido, total) VALUES (160, 144, '2026-07-06 22:23:59', 'Entregado', 1215.91);
INSERT INTO [dbo].[Pedido] (id_pedido, id_cliente, fecha_compra, estado_pedido, total) VALUES (161, 148, '2025-12-06 22:23:59', 'Pendiente', 1388.61);
INSERT INTO [dbo].[Pedido] (id_pedido, id_cliente, fecha_compra, estado_pedido, total) VALUES (162, 158, '2026-01-08 22:23:59', 'Enviado', 124.9);
INSERT INTO [dbo].[Pedido] (id_pedido, id_cliente, fecha_compra, estado_pedido, total) VALUES (163, 194, '2026-02-15 22:23:59', 'Pendiente', 225.06);
INSERT INTO [dbo].[Pedido] (id_pedido, id_cliente, fecha_compra, estado_pedido, total) VALUES (164, 159, '2025-09-13 22:23:59', 'Pendiente', 398.98);
INSERT INTO [dbo].[Pedido] (id_pedido, id_cliente, fecha_compra, estado_pedido, total) VALUES (165, 54, '2025-10-22 22:23:59', 'Entregado', 464.02);
INSERT INTO [dbo].[Pedido] (id_pedido, id_cliente, fecha_compra, estado_pedido, total) VALUES (166, 160, '2026-04-27 22:23:59', 'Pendiente', 67.29);
INSERT INTO [dbo].[Pedido] (id_pedido, id_cliente, fecha_compra, estado_pedido, total) VALUES (167, 135, '2026-01-17 22:23:59', 'Enviado', 333.31);
INSERT INTO [dbo].[Pedido] (id_pedido, id_cliente, fecha_compra, estado_pedido, total) VALUES (168, 14, '2026-01-14 22:23:59', 'Entregado', 1025.79);
INSERT INTO [dbo].[Pedido] (id_pedido, id_cliente, fecha_compra, estado_pedido, total) VALUES (169, 70, '2025-09-20 22:23:59', 'Entregado', 413.02);
INSERT INTO [dbo].[Pedido] (id_pedido, id_cliente, fecha_compra, estado_pedido, total) VALUES (170, 182, '2025-11-01 22:23:59', 'Enviado', 810.84);
INSERT INTO [dbo].[Pedido] (id_pedido, id_cliente, fecha_compra, estado_pedido, total) VALUES (171, 64, '2026-01-24 22:23:59', 'Entregado', 324.44);
INSERT INTO [dbo].[Pedido] (id_pedido, id_cliente, fecha_compra, estado_pedido, total) VALUES (172, 161, '2026-07-07 14:23:59', 'Entregado', 366.76);
INSERT INTO [dbo].[Pedido] (id_pedido, id_cliente, fecha_compra, estado_pedido, total) VALUES (173, 39, '2026-01-06 22:23:59', 'Enviado', 843.84);
INSERT INTO [dbo].[Pedido] (id_pedido, id_cliente, fecha_compra, estado_pedido, total) VALUES (174, 176, '2026-02-07 22:23:59', 'Enviado', 372.96);
INSERT INTO [dbo].[Pedido] (id_pedido, id_cliente, fecha_compra, estado_pedido, total) VALUES (175, 115, '2026-02-24 22:23:59', 'Pendiente', 178.85);
INSERT INTO [dbo].[Pedido] (id_pedido, id_cliente, fecha_compra, estado_pedido, total) VALUES (176, 80, '2025-09-23 22:23:59', 'Entregado', 951.21);
INSERT INTO [dbo].[Pedido] (id_pedido, id_cliente, fecha_compra, estado_pedido, total) VALUES (177, 82, '2026-03-07 22:23:59', 'Entregado', 287.62);
INSERT INTO [dbo].[Pedido] (id_pedido, id_cliente, fecha_compra, estado_pedido, total) VALUES (178, 187, '2025-07-18 22:23:59', 'Enviado', 470.11);
INSERT INTO [dbo].[Pedido] (id_pedido, id_cliente, fecha_compra, estado_pedido, total) VALUES (179, 158, '2025-12-04 22:23:59', 'Entregado', 1042.16);
INSERT INTO [dbo].[Pedido] (id_pedido, id_cliente, fecha_compra, estado_pedido, total) VALUES (180, 21, '2025-10-05 22:23:59', 'Enviado', 847.29);
INSERT INTO [dbo].[Pedido] (id_pedido, id_cliente, fecha_compra, estado_pedido, total) VALUES (181, 100, '2026-01-14 22:23:59', 'Enviado', 105.75);
INSERT INTO [dbo].[Pedido] (id_pedido, id_cliente, fecha_compra, estado_pedido, total) VALUES (182, 70, '2025-09-04 22:23:59', 'Pendiente', 330.96);
INSERT INTO [dbo].[Pedido] (id_pedido, id_cliente, fecha_compra, estado_pedido, total) VALUES (183, 126, '2026-07-07 11:23:59', 'Enviado', 976.59);
INSERT INTO [dbo].[Pedido] (id_pedido, id_cliente, fecha_compra, estado_pedido, total) VALUES (184, 81, '2025-10-27 22:23:59', 'Entregado', 28.48);
INSERT INTO [dbo].[Pedido] (id_pedido, id_cliente, fecha_compra, estado_pedido, total) VALUES (185, 117, '2026-07-07 20:23:59', 'Pendiente', 1053.88);
INSERT INTO [dbo].[Pedido] (id_pedido, id_cliente, fecha_compra, estado_pedido, total) VALUES (186, 199, '2026-05-24 22:23:59', 'Enviado', 801.99);
INSERT INTO [dbo].[Pedido] (id_pedido, id_cliente, fecha_compra, estado_pedido, total) VALUES (187, 185, '2025-10-04 22:23:59', 'Pendiente', 135.3);
INSERT INTO [dbo].[Pedido] (id_pedido, id_cliente, fecha_compra, estado_pedido, total) VALUES (188, 83, '2025-09-23 22:23:59', 'Pendiente', 180.92);
INSERT INTO [dbo].[Pedido] (id_pedido, id_cliente, fecha_compra, estado_pedido, total) VALUES (189, 83, '2025-10-09 22:23:59', 'Entregado', 723.1);
INSERT INTO [dbo].[Pedido] (id_pedido, id_cliente, fecha_compra, estado_pedido, total) VALUES (190, 116, '2026-02-10 22:23:59', 'Enviado', 47.46);
INSERT INTO [dbo].[Pedido] (id_pedido, id_cliente, fecha_compra, estado_pedido, total) VALUES (191, 131, '2026-06-21 22:23:59', 'Pendiente', 450.83);
INSERT INTO [dbo].[Pedido] (id_pedido, id_cliente, fecha_compra, estado_pedido, total) VALUES (192, 197, '2026-02-01 22:23:59', 'Pendiente', 576.72);
INSERT INTO [dbo].[Pedido] (id_pedido, id_cliente, fecha_compra, estado_pedido, total) VALUES (193, 196, '2026-06-02 22:23:59', 'Pendiente', 1561.28);
INSERT INTO [dbo].[Pedido] (id_pedido, id_cliente, fecha_compra, estado_pedido, total) VALUES (194, 105, '2026-01-05 22:23:59', 'Pendiente', 199.62);
INSERT INTO [dbo].[Pedido] (id_pedido, id_cliente, fecha_compra, estado_pedido, total) VALUES (195, 159, '2025-08-25 22:23:59', 'Entregado', 312.06);
INSERT INTO [dbo].[Pedido] (id_pedido, id_cliente, fecha_compra, estado_pedido, total) VALUES (196, 38, '2026-05-24 22:23:59', 'Pendiente', 256.79);
INSERT INTO [dbo].[Pedido] (id_pedido, id_cliente, fecha_compra, estado_pedido, total) VALUES (197, 170, '2026-03-19 22:23:59', 'Entregado', 193.61);
INSERT INTO [dbo].[Pedido] (id_pedido, id_cliente, fecha_compra, estado_pedido, total) VALUES (198, 197, '2026-01-06 22:23:59', 'Enviado', 293.32);
INSERT INTO [dbo].[Pedido] (id_pedido, id_cliente, fecha_compra, estado_pedido, total) VALUES (199, 35, '2025-11-09 22:23:59', 'Entregado', 298.09);
INSERT INTO [dbo].[Pedido] (id_pedido, id_cliente, fecha_compra, estado_pedido, total) VALUES (200, 147, '2026-01-27 22:23:59', 'Entregado', 126.18);
INSERT INTO [dbo].[Pedido] (id_pedido, id_cliente, fecha_compra, estado_pedido, total) VALUES (201, 74, '2026-06-17 22:23:59', 'Entregado', 391.09);
INSERT INTO [dbo].[Pedido] (id_pedido, id_cliente, fecha_compra, estado_pedido, total) VALUES (202, 134, '2025-12-14 22:23:59', 'Entregado', 747.56);
INSERT INTO [dbo].[Pedido] (id_pedido, id_cliente, fecha_compra, estado_pedido, total) VALUES (203, 161, '2026-07-07 18:23:59', 'Entregado', 270.1);
INSERT INTO [dbo].[Pedido] (id_pedido, id_cliente, fecha_compra, estado_pedido, total) VALUES (204, 90, '2026-04-15 22:23:59', 'Entregado', 154.78);
INSERT INTO [dbo].[Pedido] (id_pedido, id_cliente, fecha_compra, estado_pedido, total) VALUES (205, 18, '2025-10-09 22:23:59', 'Enviado', 423.92);
INSERT INTO [dbo].[Pedido] (id_pedido, id_cliente, fecha_compra, estado_pedido, total) VALUES (206, 8, '2026-05-11 22:23:59', 'Pendiente', 466.26);
INSERT INTO [dbo].[Pedido] (id_pedido, id_cliente, fecha_compra, estado_pedido, total) VALUES (207, 10, '2026-02-17 22:23:59', 'Pendiente', 525.02);
INSERT INTO [dbo].[Pedido] (id_pedido, id_cliente, fecha_compra, estado_pedido, total) VALUES (208, 186, '2025-12-31 22:23:59', 'Enviado', 272.25);
INSERT INTO [dbo].[Pedido] (id_pedido, id_cliente, fecha_compra, estado_pedido, total) VALUES (209, 85, '2026-04-08 22:23:59', 'Enviado', 83.82);
INSERT INTO [dbo].[Pedido] (id_pedido, id_cliente, fecha_compra, estado_pedido, total) VALUES (210, 87, '2026-05-03 22:23:59', 'Entregado', 118.83);
INSERT INTO [dbo].[Pedido] (id_pedido, id_cliente, fecha_compra, estado_pedido, total) VALUES (211, 193, '2025-12-01 22:23:59', 'Entregado', 356.81);
INSERT INTO [dbo].[Pedido] (id_pedido, id_cliente, fecha_compra, estado_pedido, total) VALUES (212, 78, '2026-04-19 22:23:59', 'Entregado', 178.22);
INSERT INTO [dbo].[Pedido] (id_pedido, id_cliente, fecha_compra, estado_pedido, total) VALUES (213, 124, '2026-01-18 22:23:59', 'Entregado', 1012.5);
INSERT INTO [dbo].[Pedido] (id_pedido, id_cliente, fecha_compra, estado_pedido, total) VALUES (214, 199, '2026-04-22 22:23:59', 'Pendiente', 596.49);
INSERT INTO [dbo].[Pedido] (id_pedido, id_cliente, fecha_compra, estado_pedido, total) VALUES (215, 34, '2026-05-05 22:23:59', 'Entregado', 240.12);
INSERT INTO [dbo].[Pedido] (id_pedido, id_cliente, fecha_compra, estado_pedido, total) VALUES (216, 134, '2025-11-05 22:23:59', 'Pendiente', 274.29);
INSERT INTO [dbo].[Pedido] (id_pedido, id_cliente, fecha_compra, estado_pedido, total) VALUES (217, 134, '2025-12-17 22:23:59', 'Entregado', 348.26);
INSERT INTO [dbo].[Pedido] (id_pedido, id_cliente, fecha_compra, estado_pedido, total) VALUES (218, 74, '2026-06-07 22:23:59', 'Entregado', 300.4);
INSERT INTO [dbo].[Pedido] (id_pedido, id_cliente, fecha_compra, estado_pedido, total) VALUES (219, 4, '2026-06-25 22:23:59', 'Entregado', 181.5);
INSERT INTO [dbo].[Pedido] (id_pedido, id_cliente, fecha_compra, estado_pedido, total) VALUES (220, 141, '2026-03-08 22:23:59', 'Enviado', 245.55);
INSERT INTO [dbo].[Pedido] (id_pedido, id_cliente, fecha_compra, estado_pedido, total) VALUES (221, 19, '2026-02-18 22:23:59', 'Entregado', 664.35);
INSERT INTO [dbo].[Pedido] (id_pedido, id_cliente, fecha_compra, estado_pedido, total) VALUES (222, 99, '2025-09-06 22:23:59', 'Pendiente', 712.14);
INSERT INTO [dbo].[Pedido] (id_pedido, id_cliente, fecha_compra, estado_pedido, total) VALUES (223, 183, '2026-06-14 22:23:59', 'Entregado', 238.89);
INSERT INTO [dbo].[Pedido] (id_pedido, id_cliente, fecha_compra, estado_pedido, total) VALUES (224, 34, '2026-04-27 22:23:59', 'Entregado', 503.29);
INSERT INTO [dbo].[Pedido] (id_pedido, id_cliente, fecha_compra, estado_pedido, total) VALUES (225, 101, '2025-09-18 22:23:59', 'Entregado', 330.26);
INSERT INTO [dbo].[Pedido] (id_pedido, id_cliente, fecha_compra, estado_pedido, total) VALUES (226, 29, '2025-11-08 22:23:59', 'Enviado', 704.41);
INSERT INTO [dbo].[Pedido] (id_pedido, id_cliente, fecha_compra, estado_pedido, total) VALUES (227, 28, '2025-12-19 22:23:59', 'Entregado', 254.1);
INSERT INTO [dbo].[Pedido] (id_pedido, id_cliente, fecha_compra, estado_pedido, total) VALUES (228, 119, '2026-05-17 22:23:59', 'Entregado', 686.21);
INSERT INTO [dbo].[Pedido] (id_pedido, id_cliente, fecha_compra, estado_pedido, total) VALUES (229, 112, '2026-01-10 22:23:59', 'Enviado', 429.65);
INSERT INTO [dbo].[Pedido] (id_pedido, id_cliente, fecha_compra, estado_pedido, total) VALUES (230, 30, '2026-06-27 22:23:59', 'Entregado', 872.43);
INSERT INTO [dbo].[Pedido] (id_pedido, id_cliente, fecha_compra, estado_pedido, total) VALUES (231, 153, '2026-01-07 22:23:59', 'Enviado', 721.86);
INSERT INTO [dbo].[Pedido] (id_pedido, id_cliente, fecha_compra, estado_pedido, total) VALUES (232, 1, '2025-09-09 22:23:59', 'Pendiente', 245.52);
INSERT INTO [dbo].[Pedido] (id_pedido, id_cliente, fecha_compra, estado_pedido, total) VALUES (233, 115, '2026-02-02 22:23:59', 'Pendiente', 396.05);
INSERT INTO [dbo].[Pedido] (id_pedido, id_cliente, fecha_compra, estado_pedido, total) VALUES (234, 157, '2025-12-10 22:23:59', 'Enviado', 306.05);
INSERT INTO [dbo].[Pedido] (id_pedido, id_cliente, fecha_compra, estado_pedido, total) VALUES (235, 1, '2025-09-06 22:23:59', 'Entregado', 445.27);
INSERT INTO [dbo].[Pedido] (id_pedido, id_cliente, fecha_compra, estado_pedido, total) VALUES (236, 161, '2026-07-06 23:23:59', 'Enviado', 615.07);
INSERT INTO [dbo].[Pedido] (id_pedido, id_cliente, fecha_compra, estado_pedido, total) VALUES (237, 40, '2026-04-17 22:23:59', 'Entregado', 373.59);
INSERT INTO [dbo].[Pedido] (id_pedido, id_cliente, fecha_compra, estado_pedido, total) VALUES (238, 185, '2025-10-28 22:23:59', 'Enviado', 753.25);
INSERT INTO [dbo].[Pedido] (id_pedido, id_cliente, fecha_compra, estado_pedido, total) VALUES (239, 109, '2026-07-07 07:23:59', 'Enviado', 1508.91);
INSERT INTO [dbo].[Pedido] (id_pedido, id_cliente, fecha_compra, estado_pedido, total) VALUES (240, 129, '2026-06-16 22:23:59', 'Enviado', 479.81);
INSERT INTO [dbo].[Pedido] (id_pedido, id_cliente, fecha_compra, estado_pedido, total) VALUES (241, 177, '2025-10-31 22:23:59', 'Pendiente', 504.2);
INSERT INTO [dbo].[Pedido] (id_pedido, id_cliente, fecha_compra, estado_pedido, total) VALUES (242, 190, '2026-02-12 22:23:59', 'Entregado', 244.56);
INSERT INTO [dbo].[Pedido] (id_pedido, id_cliente, fecha_compra, estado_pedido, total) VALUES (243, 80, '2025-09-18 22:23:59', 'Pendiente', 336.78);
INSERT INTO [dbo].[Pedido] (id_pedido, id_cliente, fecha_compra, estado_pedido, total) VALUES (244, 85, '2026-03-14 22:23:59', 'Enviado', 634.84);
INSERT INTO [dbo].[Pedido] (id_pedido, id_cliente, fecha_compra, estado_pedido, total) VALUES (245, 16, '2025-11-23 22:23:59', 'Enviado', 322.43);
INSERT INTO [dbo].[Pedido] (id_pedido, id_cliente, fecha_compra, estado_pedido, total) VALUES (246, 74, '2026-06-21 22:23:59', 'Pendiente', 1153.97);
INSERT INTO [dbo].[Pedido] (id_pedido, id_cliente, fecha_compra, estado_pedido, total) VALUES (247, 72, '2025-12-06 22:23:59', 'Enviado', 675.18);
INSERT INTO [dbo].[Pedido] (id_pedido, id_cliente, fecha_compra, estado_pedido, total) VALUES (248, 45, '2026-05-27 22:23:59', 'Entregado', 530.87);
INSERT INTO [dbo].[Pedido] (id_pedido, id_cliente, fecha_compra, estado_pedido, total) VALUES (249, 61, '2026-04-14 22:23:59', 'Pendiente', 64.13);
INSERT INTO [dbo].[Pedido] (id_pedido, id_cliente, fecha_compra, estado_pedido, total) VALUES (250, 153, '2026-01-17 22:23:59', 'Pendiente', 897.9);
INSERT INTO [dbo].[Pedido] (id_pedido, id_cliente, fecha_compra, estado_pedido, total) VALUES (251, 89, '2026-01-01 22:23:59', 'Entregado', 431.29);
INSERT INTO [dbo].[Pedido] (id_pedido, id_cliente, fecha_compra, estado_pedido, total) VALUES (252, 122, '2025-10-23 22:23:59', 'Entregado', 147.58);
INSERT INTO [dbo].[Pedido] (id_pedido, id_cliente, fecha_compra, estado_pedido, total) VALUES (253, 136, '2026-04-28 22:23:59', 'Enviado', 228.84);
INSERT INTO [dbo].[Pedido] (id_pedido, id_cliente, fecha_compra, estado_pedido, total) VALUES (254, 174, '2025-12-24 22:23:59', 'Entregado', 172.98);
INSERT INTO [dbo].[Pedido] (id_pedido, id_cliente, fecha_compra, estado_pedido, total) VALUES (255, 91, '2026-02-17 22:23:59', 'Enviado', 784.3);
INSERT INTO [dbo].[Pedido] (id_pedido, id_cliente, fecha_compra, estado_pedido, total) VALUES (256, 192, '2026-05-03 22:23:59', 'Entregado', 104.88);
INSERT INTO [dbo].[Pedido] (id_pedido, id_cliente, fecha_compra, estado_pedido, total) VALUES (257, 173, '2025-09-09 22:23:59', 'Pendiente', 477.63);
INSERT INTO [dbo].[Pedido] (id_pedido, id_cliente, fecha_compra, estado_pedido, total) VALUES (258, 27, '2025-09-05 22:23:59', 'Enviado', 413.3);
INSERT INTO [dbo].[Pedido] (id_pedido, id_cliente, fecha_compra, estado_pedido, total) VALUES (259, 15, '2026-03-25 22:23:59', 'Entregado', 849.73);
INSERT INTO [dbo].[Pedido] (id_pedido, id_cliente, fecha_compra, estado_pedido, total) VALUES (260, 155, '2026-02-02 22:23:59', 'Enviado', 145.9);
INSERT INTO [dbo].[Pedido] (id_pedido, id_cliente, fecha_compra, estado_pedido, total) VALUES (261, 170, '2026-04-03 22:23:59', 'Pendiente', 867.65);
INSERT INTO [dbo].[Pedido] (id_pedido, id_cliente, fecha_compra, estado_pedido, total) VALUES (262, 86, '2026-02-22 22:23:59', 'Enviado', 1262.21);
INSERT INTO [dbo].[Pedido] (id_pedido, id_cliente, fecha_compra, estado_pedido, total) VALUES (263, 126, '2026-07-07 17:23:59', 'Entregado', 515.36);
INSERT INTO [dbo].[Pedido] (id_pedido, id_cliente, fecha_compra, estado_pedido, total) VALUES (264, 187, '2025-08-02 22:23:59', 'Enviado', 21.74);
INSERT INTO [dbo].[Pedido] (id_pedido, id_cliente, fecha_compra, estado_pedido, total) VALUES (265, 168, '2026-01-17 22:23:59', 'Pendiente', 233.04);
INSERT INTO [dbo].[Pedido] (id_pedido, id_cliente, fecha_compra, estado_pedido, total) VALUES (266, 39, '2026-01-29 22:23:59', 'Enviado', 414.14);
INSERT INTO [dbo].[Pedido] (id_pedido, id_cliente, fecha_compra, estado_pedido, total) VALUES (267, 99, '2025-10-17 22:23:59', 'Enviado', 214.36);
INSERT INTO [dbo].[Pedido] (id_pedido, id_cliente, fecha_compra, estado_pedido, total) VALUES (268, 86, '2026-04-03 22:23:59', 'Enviado', 266.98);
INSERT INTO [dbo].[Pedido] (id_pedido, id_cliente, fecha_compra, estado_pedido, total) VALUES (269, 142, '2025-10-01 22:23:59', 'Enviado', 352.94);
INSERT INTO [dbo].[Pedido] (id_pedido, id_cliente, fecha_compra, estado_pedido, total) VALUES (270, 22, '2025-10-15 22:23:59', 'Entregado', 1038.62);
INSERT INTO [dbo].[Pedido] (id_pedido, id_cliente, fecha_compra, estado_pedido, total) VALUES (271, 165, '2026-06-20 22:23:59', 'Enviado', 431.18);
INSERT INTO [dbo].[Pedido] (id_pedido, id_cliente, fecha_compra, estado_pedido, total) VALUES (272, 174, '2026-01-28 22:23:59', 'Entregado', 503.43);
INSERT INTO [dbo].[Pedido] (id_pedido, id_cliente, fecha_compra, estado_pedido, total) VALUES (273, 37, '2026-05-06 22:23:59', 'Entregado', 50.63);
INSERT INTO [dbo].[Pedido] (id_pedido, id_cliente, fecha_compra, estado_pedido, total) VALUES (274, 63, '2025-09-30 22:23:59', 'Entregado', 166.74);
INSERT INTO [dbo].[Pedido] (id_pedido, id_cliente, fecha_compra, estado_pedido, total) VALUES (275, 157, '2025-11-18 22:23:59', 'Entregado', 97.86);
INSERT INTO [dbo].[Pedido] (id_pedido, id_cliente, fecha_compra, estado_pedido, total) VALUES (276, 128, '2026-05-17 22:23:59', 'Entregado', 256.82);
INSERT INTO [dbo].[Pedido] (id_pedido, id_cliente, fecha_compra, estado_pedido, total) VALUES (277, 174, '2025-12-29 22:23:59', 'Enviado', 244.56);
INSERT INTO [dbo].[Pedido] (id_pedido, id_cliente, fecha_compra, estado_pedido, total) VALUES (278, 36, '2026-07-01 22:23:59', 'Pendiente', 30.44);
INSERT INTO [dbo].[Pedido] (id_pedido, id_cliente, fecha_compra, estado_pedido, total) VALUES (279, 17, '2025-09-07 22:23:59', 'Enviado', 365.4);
INSERT INTO [dbo].[Pedido] (id_pedido, id_cliente, fecha_compra, estado_pedido, total) VALUES (280, 43, '2025-08-21 22:23:59', 'Pendiente', 351.87);
INSERT INTO [dbo].[Pedido] (id_pedido, id_cliente, fecha_compra, estado_pedido, total) VALUES (281, 157, '2025-12-02 22:23:59', 'Pendiente', 39.62);
INSERT INTO [dbo].[Pedido] (id_pedido, id_cliente, fecha_compra, estado_pedido, total) VALUES (282, 2, '2026-03-27 22:23:59', 'Pendiente', 132.98);
INSERT INTO [dbo].[Pedido] (id_pedido, id_cliente, fecha_compra, estado_pedido, total) VALUES (283, 107, '2026-02-07 22:23:59', 'Enviado', 519.93);
INSERT INTO [dbo].[Pedido] (id_pedido, id_cliente, fecha_compra, estado_pedido, total) VALUES (284, 62, '2025-09-22 22:23:59', 'Entregado', 856.08);
INSERT INTO [dbo].[Pedido] (id_pedido, id_cliente, fecha_compra, estado_pedido, total) VALUES (285, 128, '2026-05-18 22:23:59', 'Pendiente', 361.21);
INSERT INTO [dbo].[Pedido] (id_pedido, id_cliente, fecha_compra, estado_pedido, total) VALUES (286, 159, '2025-08-08 22:23:59', 'Entregado', 149.06);
INSERT INTO [dbo].[Pedido] (id_pedido, id_cliente, fecha_compra, estado_pedido, total) VALUES (287, 29, '2025-12-06 22:23:59', 'Pendiente', 680.01);
INSERT INTO [dbo].[Pedido] (id_pedido, id_cliente, fecha_compra, estado_pedido, total) VALUES (288, 158, '2026-01-07 22:23:59', 'Enviado', 141.21);
INSERT INTO [dbo].[Pedido] (id_pedido, id_cliente, fecha_compra, estado_pedido, total) VALUES (289, 46, '2026-02-16 22:23:59', 'Pendiente', 1042.98);
INSERT INTO [dbo].[Pedido] (id_pedido, id_cliente, fecha_compra, estado_pedido, total) VALUES (290, 192, '2026-05-31 22:23:59', 'Enviado', 145.41);
INSERT INTO [dbo].[Pedido] (id_pedido, id_cliente, fecha_compra, estado_pedido, total) VALUES (291, 189, '2026-03-07 22:23:59', 'Pendiente', 621.99);
INSERT INTO [dbo].[Pedido] (id_pedido, id_cliente, fecha_compra, estado_pedido, total) VALUES (292, 46, '2026-03-02 22:23:59', 'Enviado', 726.16);
INSERT INTO [dbo].[Pedido] (id_pedido, id_cliente, fecha_compra, estado_pedido, total) VALUES (293, 52, '2025-12-11 22:23:59', 'Pendiente', 124.26);
INSERT INTO [dbo].[Pedido] (id_pedido, id_cliente, fecha_compra, estado_pedido, total) VALUES (294, 72, '2025-11-27 22:23:59', 'Pendiente', 1121.57);
INSERT INTO [dbo].[Pedido] (id_pedido, id_cliente, fecha_compra, estado_pedido, total) VALUES (295, 148, '2026-01-05 22:23:59', 'Pendiente', 371.5);
INSERT INTO [dbo].[Pedido] (id_pedido, id_cliente, fecha_compra, estado_pedido, total) VALUES (296, 56, '2026-02-25 22:23:59', 'Enviado', 747.49);
INSERT INTO [dbo].[Pedido] (id_pedido, id_cliente, fecha_compra, estado_pedido, total) VALUES (297, 147, '2026-02-07 22:23:59', 'Pendiente', 838.48);
INSERT INTO [dbo].[Pedido] (id_pedido, id_cliente, fecha_compra, estado_pedido, total) VALUES (298, 127, '2025-10-02 22:23:59', 'Pendiente', 118.34);
INSERT INTO [dbo].[Pedido] (id_pedido, id_cliente, fecha_compra, estado_pedido, total) VALUES (299, 34, '2026-05-14 22:23:59', 'Enviado', 97.23);
INSERT INTO [dbo].[Pedido] (id_pedido, id_cliente, fecha_compra, estado_pedido, total) VALUES (300, 181, '2026-03-02 22:23:59', 'Entregado', 80.04);
SET IDENTITY_INSERT [dbo].[Pedido] OFF;
GO

SET IDENTITY_INSERT [dbo].[Detalle_Pedido] ON;
INSERT INTO [dbo].[Detalle_Pedido] (id_detalle, id_pedido, id_variante, cantidad, precio_unitario) VALUES (1, 1, 168, 3, 18.35);
INSERT INTO [dbo].[Detalle_Pedido] (id_detalle, id_pedido, id_variante, cantidad, precio_unitario) VALUES (2, 1, 81, 3, 65.53);
INSERT INTO [dbo].[Detalle_Pedido] (id_detalle, id_pedido, id_variante, cantidad, precio_unitario) VALUES (3, 1, 4, 1, 25.34);
INSERT INTO [dbo].[Detalle_Pedido] (id_detalle, id_pedido, id_variante, cantidad, precio_unitario) VALUES (4, 2, 111, 2, 309.53);
INSERT INTO [dbo].[Detalle_Pedido] (id_detalle, id_pedido, id_variante, cantidad, precio_unitario) VALUES (5, 3, 39, 1, 88.01);
INSERT INTO [dbo].[Detalle_Pedido] (id_detalle, id_pedido, id_variante, cantidad, precio_unitario) VALUES (6, 3, 215, 3, 89.24);
INSERT INTO [dbo].[Detalle_Pedido] (id_detalle, id_pedido, id_variante, cantidad, precio_unitario) VALUES (7, 3, 212, 3, 179.89);
INSERT INTO [dbo].[Detalle_Pedido] (id_detalle, id_pedido, id_variante, cantidad, precio_unitario) VALUES (8, 3, 143, 2, 68.07);
INSERT INTO [dbo].[Detalle_Pedido] (id_detalle, id_pedido, id_variante, cantidad, precio_unitario) VALUES (9, 4, 62, 3, 93.04);
INSERT INTO [dbo].[Detalle_Pedido] (id_detalle, id_pedido, id_variante, cantidad, precio_unitario) VALUES (10, 4, 85, 3, 84.85);
INSERT INTO [dbo].[Detalle_Pedido] (id_detalle, id_pedido, id_variante, cantidad, precio_unitario) VALUES (11, 4, 72, 2, 100.68);
INSERT INTO [dbo].[Detalle_Pedido] (id_detalle, id_pedido, id_variante, cantidad, precio_unitario) VALUES (12, 5, 206, 2, 58.52);
INSERT INTO [dbo].[Detalle_Pedido] (id_detalle, id_pedido, id_variante, cantidad, precio_unitario) VALUES (13, 5, 147, 1, 98.47);
INSERT INTO [dbo].[Detalle_Pedido] (id_detalle, id_pedido, id_variante, cantidad, precio_unitario) VALUES (14, 5, 115, 3, 171.13);
INSERT INTO [dbo].[Detalle_Pedido] (id_detalle, id_pedido, id_variante, cantidad, precio_unitario) VALUES (15, 5, 23, 1, 17.83);
INSERT INTO [dbo].[Detalle_Pedido] (id_detalle, id_pedido, id_variante, cantidad, precio_unitario) VALUES (16, 6, 212, 3, 170.42);
INSERT INTO [dbo].[Detalle_Pedido] (id_detalle, id_pedido, id_variante, cantidad, precio_unitario) VALUES (17, 7, 168, 2, 17.48);
INSERT INTO [dbo].[Detalle_Pedido] (id_detalle, id_pedido, id_variante, cantidad, precio_unitario) VALUES (18, 7, 172, 1, 86.35);
INSERT INTO [dbo].[Detalle_Pedido] (id_detalle, id_pedido, id_variante, cantidad, precio_unitario) VALUES (19, 8, 144, 2, 107.18);
INSERT INTO [dbo].[Detalle_Pedido] (id_detalle, id_pedido, id_variante, cantidad, precio_unitario) VALUES (20, 8, 197, 3, 63.82);
INSERT INTO [dbo].[Detalle_Pedido] (id_detalle, id_pedido, id_variante, cantidad, precio_unitario) VALUES (21, 8, 159, 1, 112.21);
INSERT INTO [dbo].[Detalle_Pedido] (id_detalle, id_pedido, id_variante, cantidad, precio_unitario) VALUES (22, 9, 1, 3, 40.71);
INSERT INTO [dbo].[Detalle_Pedido] (id_detalle, id_pedido, id_variante, cantidad, precio_unitario) VALUES (23, 9, 88, 3, 71.26);
INSERT INTO [dbo].[Detalle_Pedido] (id_detalle, id_pedido, id_variante, cantidad, precio_unitario) VALUES (24, 10, 12, 2, 24.44);
INSERT INTO [dbo].[Detalle_Pedido] (id_detalle, id_pedido, id_variante, cantidad, precio_unitario) VALUES (25, 11, 28, 1, 49.68);
INSERT INTO [dbo].[Detalle_Pedido] (id_detalle, id_pedido, id_variante, cantidad, precio_unitario) VALUES (26, 11, 66, 1, 66.3);
INSERT INTO [dbo].[Detalle_Pedido] (id_detalle, id_pedido, id_variante, cantidad, precio_unitario) VALUES (27, 11, 157, 1, 85.03);
INSERT INTO [dbo].[Detalle_Pedido] (id_detalle, id_pedido, id_variante, cantidad, precio_unitario) VALUES (28, 11, 51, 1, 77.57);
INSERT INTO [dbo].[Detalle_Pedido] (id_detalle, id_pedido, id_variante, cantidad, precio_unitario) VALUES (29, 12, 198, 2, 63.82);
INSERT INTO [dbo].[Detalle_Pedido] (id_detalle, id_pedido, id_variante, cantidad, precio_unitario) VALUES (30, 13, 128, 3, 366.27);
INSERT INTO [dbo].[Detalle_Pedido] (id_detalle, id_pedido, id_variante, cantidad, precio_unitario) VALUES (31, 13, 2, 3, 21.72);
INSERT INTO [dbo].[Detalle_Pedido] (id_detalle, id_pedido, id_variante, cantidad, precio_unitario) VALUES (32, 14, 131, 1, 94.23);
INSERT INTO [dbo].[Detalle_Pedido] (id_detalle, id_pedido, id_variante, cantidad, precio_unitario) VALUES (33, 14, 200, 1, 93.42);
INSERT INTO [dbo].[Detalle_Pedido] (id_detalle, id_pedido, id_variante, cantidad, precio_unitario) VALUES (34, 14, 46, 3, 68.5);
INSERT INTO [dbo].[Detalle_Pedido] (id_detalle, id_pedido, id_variante, cantidad, precio_unitario) VALUES (35, 14, 178, 3, 124.26);
INSERT INTO [dbo].[Detalle_Pedido] (id_detalle, id_pedido, id_variante, cantidad, precio_unitario) VALUES (36, 15, 156, 2, 19.39);
INSERT INTO [dbo].[Detalle_Pedido] (id_detalle, id_pedido, id_variante, cantidad, precio_unitario) VALUES (37, 15, 178, 2, 118.34);
INSERT INTO [dbo].[Detalle_Pedido] (id_detalle, id_pedido, id_variante, cantidad, precio_unitario) VALUES (38, 15, 196, 1, 45.13);
INSERT INTO [dbo].[Detalle_Pedido] (id_detalle, id_pedido, id_variante, cantidad, precio_unitario) VALUES (39, 15, 64, 2, 90.31);
INSERT INTO [dbo].[Detalle_Pedido] (id_detalle, id_pedido, id_variante, cantidad, precio_unitario) VALUES (40, 16, 216, 3, 99.15);
INSERT INTO [dbo].[Detalle_Pedido] (id_detalle, id_pedido, id_variante, cantidad, precio_unitario) VALUES (41, 16, 180, 3, 66.49);
INSERT INTO [dbo].[Detalle_Pedido] (id_detalle, id_pedido, id_variante, cantidad, precio_unitario) VALUES (42, 16, 141, 1, 127.8);
INSERT INTO [dbo].[Detalle_Pedido] (id_detalle, id_pedido, id_variante, cantidad, precio_unitario) VALUES (43, 17, 176, 3, 73.76);
INSERT INTO [dbo].[Detalle_Pedido] (id_detalle, id_pedido, id_variante, cantidad, precio_unitario) VALUES (44, 17, 89, 3, 67.7);
INSERT INTO [dbo].[Detalle_Pedido] (id_detalle, id_pedido, id_variante, cantidad, precio_unitario) VALUES (45, 17, 173, 3, 90.67);
INSERT INTO [dbo].[Detalle_Pedido] (id_detalle, id_pedido, id_variante, cantidad, precio_unitario) VALUES (46, 18, 195, 3, 45.13);
INSERT INTO [dbo].[Detalle_Pedido] (id_detalle, id_pedido, id_variante, cantidad, precio_unitario) VALUES (47, 19, 173, 2, 90.67);
INSERT INTO [dbo].[Detalle_Pedido] (id_detalle, id_pedido, id_variante, cantidad, precio_unitario) VALUES (48, 19, 192, 1, 28.37);
INSERT INTO [dbo].[Detalle_Pedido] (id_detalle, id_pedido, id_variante, cantidad, precio_unitario) VALUES (49, 19, 229, 1, 22.83);
INSERT INTO [dbo].[Detalle_Pedido] (id_detalle, id_pedido, id_variante, cantidad, precio_unitario) VALUES (50, 19, 216, 2, 89.24);
INSERT INTO [dbo].[Detalle_Pedido] (id_detalle, id_pedido, id_variante, cantidad, precio_unitario) VALUES (51, 20, 52, 1, 86.43);
INSERT INTO [dbo].[Detalle_Pedido] (id_detalle, id_pedido, id_variante, cantidad, precio_unitario) VALUES (52, 21, 215, 1, 99.15);
INSERT INTO [dbo].[Detalle_Pedido] (id_detalle, id_pedido, id_variante, cantidad, precio_unitario) VALUES (53, 21, 16, 1, 44.91);
INSERT INTO [dbo].[Detalle_Pedido] (id_detalle, id_pedido, id_variante, cantidad, precio_unitario) VALUES (54, 22, 191, 2, 29.79);
INSERT INTO [dbo].[Detalle_Pedido] (id_detalle, id_pedido, id_variante, cantidad, precio_unitario) VALUES (55, 22, 166, 3, 40.86);
INSERT INTO [dbo].[Detalle_Pedido] (id_detalle, id_pedido, id_variante, cantidad, precio_unitario) VALUES (56, 23, 98, 2, 34.97);
INSERT INTO [dbo].[Detalle_Pedido] (id_detalle, id_pedido, id_variante, cantidad, precio_unitario) VALUES (57, 24, 4, 1, 24.13);
INSERT INTO [dbo].[Detalle_Pedido] (id_detalle, id_pedido, id_variante, cantidad, precio_unitario) VALUES (58, 25, 163, 3, 33.83);
INSERT INTO [dbo].[Detalle_Pedido] (id_detalle, id_pedido, id_variante, cantidad, precio_unitario) VALUES (59, 25, 181, 3, 66.49);
INSERT INTO [dbo].[Detalle_Pedido] (id_detalle, id_pedido, id_variante, cantidad, precio_unitario) VALUES (60, 26, 76, 3, 110.45);
INSERT INTO [dbo].[Detalle_Pedido] (id_detalle, id_pedido, id_variante, cantidad, precio_unitario) VALUES (61, 26, 115, 1, 154.02);
INSERT INTO [dbo].[Detalle_Pedido] (id_detalle, id_pedido, id_variante, cantidad, precio_unitario) VALUES (62, 27, 97, 2, 19.22);
INSERT INTO [dbo].[Detalle_Pedido] (id_detalle, id_pedido, id_variante, cantidad, precio_unitario) VALUES (63, 28, 42, 1, 29.66);
INSERT INTO [dbo].[Detalle_Pedido] (id_detalle, id_pedido, id_variante, cantidad, precio_unitario) VALUES (64, 28, 150, 2, 16.02);
INSERT INTO [dbo].[Detalle_Pedido] (id_detalle, id_pedido, id_variante, cantidad, precio_unitario) VALUES (65, 29, 40, 3, 83.82);
INSERT INTO [dbo].[Detalle_Pedido] (id_detalle, id_pedido, id_variante, cantidad, precio_unitario) VALUES (66, 30, 126, 2, 66.16);
INSERT INTO [dbo].[Detalle_Pedido] (id_detalle, id_pedido, id_variante, cantidad, precio_unitario) VALUES (67, 30, 203, 3, 76.23);
INSERT INTO [dbo].[Detalle_Pedido] (id_detalle, id_pedido, id_variante, cantidad, precio_unitario) VALUES (68, 30, 147, 3, 98.47);
INSERT INTO [dbo].[Detalle_Pedido] (id_detalle, id_pedido, id_variante, cantidad, precio_unitario) VALUES (69, 31, 202, 1, 103.26);
INSERT INTO [dbo].[Detalle_Pedido] (id_detalle, id_pedido, id_variante, cantidad, precio_unitario) VALUES (70, 32, 24, 3, 18.82);
INSERT INTO [dbo].[Detalle_Pedido] (id_detalle, id_pedido, id_variante, cantidad, precio_unitario) VALUES (71, 32, 90, 2, 71.62);
INSERT INTO [dbo].[Detalle_Pedido] (id_detalle, id_pedido, id_variante, cantidad, precio_unitario) VALUES (72, 32, 57, 2, 83.47);
INSERT INTO [dbo].[Detalle_Pedido] (id_detalle, id_pedido, id_variante, cantidad, precio_unitario) VALUES (73, 32, 227, 3, 29.3);
INSERT INTO [dbo].[Detalle_Pedido] (id_detalle, id_pedido, id_variante, cantidad, precio_unitario) VALUES (74, 33, 30, 2, 71.08);
INSERT INTO [dbo].[Detalle_Pedido] (id_detalle, id_pedido, id_variante, cantidad, precio_unitario) VALUES (75, 34, 11, 2, 88.3);
INSERT INTO [dbo].[Detalle_Pedido] (id_detalle, id_pedido, id_variante, cantidad, precio_unitario) VALUES (76, 34, 175, 2, 69.88);
INSERT INTO [dbo].[Detalle_Pedido] (id_detalle, id_pedido, id_variante, cantidad, precio_unitario) VALUES (77, 35, 7, 3, 59.05);
INSERT INTO [dbo].[Detalle_Pedido] (id_detalle, id_pedido, id_variante, cantidad, precio_unitario) VALUES (78, 35, 133, 2, 33.14);
INSERT INTO [dbo].[Detalle_Pedido] (id_detalle, id_pedido, id_variante, cantidad, precio_unitario) VALUES (79, 35, 211, 1, 189.36);
INSERT INTO [dbo].[Detalle_Pedido] (id_detalle, id_pedido, id_variante, cantidad, precio_unitario) VALUES (80, 36, 83, 1, 69.09);
INSERT INTO [dbo].[Detalle_Pedido] (id_detalle, id_pedido, id_variante, cantidad, precio_unitario) VALUES (81, 36, 132, 3, 29.98);
INSERT INTO [dbo].[Detalle_Pedido] (id_detalle, id_pedido, id_variante, cantidad, precio_unitario) VALUES (82, 37, 54, 3, 82.11);
INSERT INTO [dbo].[Detalle_Pedido] (id_detalle, id_pedido, id_variante, cantidad, precio_unitario) VALUES (83, 38, 166, 1, 40.86);
INSERT INTO [dbo].[Detalle_Pedido] (id_detalle, id_pedido, id_variante, cantidad, precio_unitario) VALUES (84, 38, 210, 3, 108.73);
INSERT INTO [dbo].[Detalle_Pedido] (id_detalle, id_pedido, id_variante, cantidad, precio_unitario) VALUES (85, 38, 19, 1, 341.93);
INSERT INTO [dbo].[Detalle_Pedido] (id_detalle, id_pedido, id_variante, cantidad, precio_unitario) VALUES (86, 38, 192, 1, 25.53);
INSERT INTO [dbo].[Detalle_Pedido] (id_detalle, id_pedido, id_variante, cantidad, precio_unitario) VALUES (87, 39, 148, 2, 93.55);
INSERT INTO [dbo].[Detalle_Pedido] (id_detalle, id_pedido, id_variante, cantidad, precio_unitario) VALUES (88, 40, 111, 3, 293.24);
INSERT INTO [dbo].[Detalle_Pedido] (id_detalle, id_pedido, id_variante, cantidad, precio_unitario) VALUES (89, 40, 81, 3, 56.17);
INSERT INTO [dbo].[Detalle_Pedido] (id_detalle, id_pedido, id_variante, cantidad, precio_unitario) VALUES (90, 40, 5, 1, 41.4);
INSERT INTO [dbo].[Detalle_Pedido] (id_detalle, id_pedido, id_variante, cantidad, precio_unitario) VALUES (91, 40, 100, 1, 26.54);
INSERT INTO [dbo].[Detalle_Pedido] (id_detalle, id_pedido, id_variante, cantidad, precio_unitario) VALUES (92, 41, 129, 3, 348.83);
INSERT INTO [dbo].[Detalle_Pedido] (id_detalle, id_pedido, id_variante, cantidad, precio_unitario) VALUES (93, 41, 28, 2, 47.07);
INSERT INTO [dbo].[Detalle_Pedido] (id_detalle, id_pedido, id_variante, cantidad, precio_unitario) VALUES (94, 41, 75, 2, 114.42);
INSERT INTO [dbo].[Detalle_Pedido] (id_detalle, id_pedido, id_variante, cantidad, precio_unitario) VALUES (95, 42, 122, 3, 38.06);
INSERT INTO [dbo].[Detalle_Pedido] (id_detalle, id_pedido, id_variante, cantidad, precio_unitario) VALUES (96, 43, 204, 3, 58.52);
INSERT INTO [dbo].[Detalle_Pedido] (id_detalle, id_pedido, id_variante, cantidad, precio_unitario) VALUES (97, 43, 205, 2, 55.59);
INSERT INTO [dbo].[Detalle_Pedido] (id_detalle, id_pedido, id_variante, cantidad, precio_unitario) VALUES (98, 43, 218, 1, 102.21);
INSERT INTO [dbo].[Detalle_Pedido] (id_detalle, id_pedido, id_variante, cantidad, precio_unitario) VALUES (99, 43, 140, 3, 141.26);
INSERT INTO [dbo].[Detalle_Pedido] (id_detalle, id_pedido, id_variante, cantidad, precio_unitario) VALUES (100, 44, 147, 2, 103.39);
INSERT INTO [dbo].[Detalle_Pedido] (id_detalle, id_pedido, id_variante, cantidad, precio_unitario) VALUES (101, 45, 54, 1, 86.43);
INSERT INTO [dbo].[Detalle_Pedido] (id_detalle, id_pedido, id_variante, cantidad, precio_unitario) VALUES (102, 45, 192, 3, 28.37);
INSERT INTO [dbo].[Detalle_Pedido] (id_detalle, id_pedido, id_variante, cantidad, precio_unitario) VALUES (103, 45, 190, 1, 262.57);
INSERT INTO [dbo].[Detalle_Pedido] (id_detalle, id_pedido, id_variante, cantidad, precio_unitario) VALUES (104, 46, 50, 1, 81.45);
INSERT INTO [dbo].[Detalle_Pedido] (id_detalle, id_pedido, id_variante, cantidad, precio_unitario) VALUES (105, 46, 30, 2, 74.63);
INSERT INTO [dbo].[Detalle_Pedido] (id_detalle, id_pedido, id_variante, cantidad, precio_unitario) VALUES (106, 46, 47, 1, 302.0);
INSERT INTO [dbo].[Detalle_Pedido] (id_detalle, id_pedido, id_variante, cantidad, precio_unitario) VALUES (107, 47, 26, 2, 57.66);
INSERT INTO [dbo].[Detalle_Pedido] (id_detalle, id_pedido, id_variante, cantidad, precio_unitario) VALUES (108, 47, 51, 2, 77.57);
INSERT INTO [dbo].[Detalle_Pedido] (id_detalle, id_pedido, id_variante, cantidad, precio_unitario) VALUES (109, 47, 186, 3, 236.57);
INSERT INTO [dbo].[Detalle_Pedido] (id_detalle, id_pedido, id_variante, cantidad, precio_unitario) VALUES (110, 48, 159, 2, 106.6);
INSERT INTO [dbo].[Detalle_Pedido] (id_detalle, id_pedido, id_variante, cantidad, precio_unitario) VALUES (111, 48, 18, 2, 341.93);
INSERT INTO [dbo].[Detalle_Pedido] (id_detalle, id_pedido, id_variante, cantidad, precio_unitario) VALUES (112, 48, 231, 3, 21.54);
INSERT INTO [dbo].[Detalle_Pedido] (id_detalle, id_pedido, id_variante, cantidad, precio_unitario) VALUES (113, 49, 145, 2, 102.08);
INSERT INTO [dbo].[Detalle_Pedido] (id_detalle, id_pedido, id_variante, cantidad, precio_unitario) VALUES (114, 49, 146, 1, 102.08);
INSERT INTO [dbo].[Detalle_Pedido] (id_detalle, id_pedido, id_variante, cantidad, precio_unitario) VALUES (115, 50, 183, 2, 53.24);
INSERT INTO [dbo].[Detalle_Pedido] (id_detalle, id_pedido, id_variante, cantidad, precio_unitario) VALUES (116, 50, 190, 1, 250.07);
INSERT INTO [dbo].[Detalle_Pedido] (id_detalle, id_pedido, id_variante, cantidad, precio_unitario) VALUES (117, 51, 119, 2, 48.22);
INSERT INTO [dbo].[Detalle_Pedido] (id_detalle, id_pedido, id_variante, cantidad, precio_unitario) VALUES (118, 51, 115, 1, 179.69);
INSERT INTO [dbo].[Detalle_Pedido] (id_detalle, id_pedido, id_variante, cantidad, precio_unitario) VALUES (119, 51, 92, 3, 92.52);
INSERT INTO [dbo].[Detalle_Pedido] (id_detalle, id_pedido, id_variante, cantidad, precio_unitario) VALUES (120, 51, 199, 1, 67.01);
INSERT INTO [dbo].[Detalle_Pedido] (id_detalle, id_pedido, id_variante, cantidad, precio_unitario) VALUES (121, 52, 68, 3, 59.67);
INSERT INTO [dbo].[Detalle_Pedido] (id_detalle, id_pedido, id_variante, cantidad, precio_unitario) VALUES (122, 52, 188, 1, 225.06);
INSERT INTO [dbo].[Detalle_Pedido] (id_detalle, id_pedido, id_variante, cantidad, precio_unitario) VALUES (123, 53, 197, 3, 57.44);
INSERT INTO [dbo].[Detalle_Pedido] (id_detalle, id_pedido, id_variante, cantidad, precio_unitario) VALUES (124, 53, 152, 3, 16.02);
INSERT INTO [dbo].[Detalle_Pedido] (id_detalle, id_pedido, id_variante, cantidad, precio_unitario) VALUES (125, 53, 55, 2, 87.64);
INSERT INTO [dbo].[Detalle_Pedido] (id_detalle, id_pedido, id_variante, cantidad, precio_unitario) VALUES (126, 53, 233, 2, 20.46);
INSERT INTO [dbo].[Detalle_Pedido] (id_detalle, id_pedido, id_variante, cantidad, precio_unitario) VALUES (127, 54, 35, 1, 136.84);
INSERT INTO [dbo].[Detalle_Pedido] (id_detalle, id_pedido, id_variante, cantidad, precio_unitario) VALUES (128, 54, 119, 2, 48.22);
INSERT INTO [dbo].[Detalle_Pedido] (id_detalle, id_pedido, id_variante, cantidad, precio_unitario) VALUES (129, 54, 129, 1, 366.27);
INSERT INTO [dbo].[Detalle_Pedido] (id_detalle, id_pedido, id_variante, cantidad, precio_unitario) VALUES (130, 55, 194, 2, 75.65);
INSERT INTO [dbo].[Detalle_Pedido] (id_detalle, id_pedido, id_variante, cantidad, precio_unitario) VALUES (131, 55, 132, 1, 29.98);
INSERT INTO [dbo].[Detalle_Pedido] (id_detalle, id_pedido, id_variante, cantidad, precio_unitario) VALUES (132, 56, 189, 2, 250.07);
INSERT INTO [dbo].[Detalle_Pedido] (id_detalle, id_pedido, id_variante, cantidad, precio_unitario) VALUES (133, 56, 188, 1, 225.06);
INSERT INTO [dbo].[Detalle_Pedido] (id_detalle, id_pedido, id_variante, cantidad, precio_unitario) VALUES (134, 57, 68, 1, 66.3);
INSERT INTO [dbo].[Detalle_Pedido] (id_detalle, id_pedido, id_variante, cantidad, precio_unitario) VALUES (135, 58, 100, 1, 22.75);
INSERT INTO [dbo].[Detalle_Pedido] (id_detalle, id_pedido, id_variante, cantidad, precio_unitario) VALUES (136, 58, 121, 1, 48.22);
INSERT INTO [dbo].[Detalle_Pedido] (id_detalle, id_pedido, id_variante, cantidad, precio_unitario) VALUES (137, 58, 117, 3, 84.04);
INSERT INTO [dbo].[Detalle_Pedido] (id_detalle, id_pedido, id_variante, cantidad, precio_unitario) VALUES (138, 59, 149, 2, 93.55);
INSERT INTO [dbo].[Detalle_Pedido] (id_detalle, id_pedido, id_variante, cantidad, precio_unitario) VALUES (139, 59, 140, 2, 134.53);
INSERT INTO [dbo].[Detalle_Pedido] (id_detalle, id_pedido, id_variante, cantidad, precio_unitario) VALUES (140, 59, 146, 3, 107.18);
INSERT INTO [dbo].[Detalle_Pedido] (id_detalle, id_pedido, id_variante, cantidad, precio_unitario) VALUES (141, 60, 233, 2, 21.54);
INSERT INTO [dbo].[Detalle_Pedido] (id_detalle, id_pedido, id_variante, cantidad, precio_unitario) VALUES (142, 60, 58, 2, 117.05);
INSERT INTO [dbo].[Detalle_Pedido] (id_detalle, id_pedido, id_variante, cantidad, precio_unitario) VALUES (143, 60, 133, 1, 33.14);
INSERT INTO [dbo].[Detalle_Pedido] (id_detalle, id_pedido, id_variante, cantidad, precio_unitario) VALUES (144, 60, 104, 1, 33.9);
INSERT INTO [dbo].[Detalle_Pedido] (id_detalle, id_pedido, id_variante, cantidad, precio_unitario) VALUES (145, 61, 132, 1, 31.56);
INSERT INTO [dbo].[Detalle_Pedido] (id_detalle, id_pedido, id_variante, cantidad, precio_unitario) VALUES (146, 62, 155, 3, 17.45);
INSERT INTO [dbo].[Detalle_Pedido] (id_detalle, id_pedido, id_variante, cantidad, precio_unitario) VALUES (147, 62, 184, 2, 50.58);
INSERT INTO [dbo].[Detalle_Pedido] (id_detalle, id_pedido, id_variante, cantidad, precio_unitario) VALUES (148, 62, 210, 3, 108.73);
INSERT INTO [dbo].[Detalle_Pedido] (id_detalle, id_pedido, id_variante, cantidad, precio_unitario) VALUES (149, 63, 123, 1, 40.06);
INSERT INTO [dbo].[Detalle_Pedido] (id_detalle, id_pedido, id_variante, cantidad, precio_unitario) VALUES (150, 63, 54, 1, 82.11);
INSERT INTO [dbo].[Detalle_Pedido] (id_detalle, id_pedido, id_variante, cantidad, precio_unitario) VALUES (151, 63, 152, 3, 15.22);
INSERT INTO [dbo].[Detalle_Pedido] (id_detalle, id_pedido, id_variante, cantidad, precio_unitario) VALUES (152, 63, 42, 1, 31.14);
INSERT INTO [dbo].[Detalle_Pedido] (id_detalle, id_pedido, id_variante, cantidad, precio_unitario) VALUES (153, 64, 229, 1, 22.83);
INSERT INTO [dbo].[Detalle_Pedido] (id_detalle, id_pedido, id_variante, cantidad, precio_unitario) VALUES (154, 65, 133, 3, 33.14);
INSERT INTO [dbo].[Detalle_Pedido] (id_detalle, id_pedido, id_variante, cantidad, precio_unitario) VALUES (155, 65, 104, 3, 29.06);
INSERT INTO [dbo].[Detalle_Pedido] (id_detalle, id_pedido, id_variante, cantidad, precio_unitario) VALUES (156, 66, 56, 3, 83.47);
INSERT INTO [dbo].[Detalle_Pedido] (id_detalle, id_pedido, id_variante, cantidad, precio_unitario) VALUES (157, 67, 57, 3, 83.47);
INSERT INTO [dbo].[Detalle_Pedido] (id_detalle, id_pedido, id_variante, cantidad, precio_unitario) VALUES (158, 67, 213, 3, 179.89);
INSERT INTO [dbo].[Detalle_Pedido] (id_detalle, id_pedido, id_variante, cantidad, precio_unitario) VALUES (159, 68, 43, 2, 29.66);
INSERT INTO [dbo].[Detalle_Pedido] (id_detalle, id_pedido, id_variante, cantidad, precio_unitario) VALUES (160, 68, 186, 3, 261.47);
INSERT INTO [dbo].[Detalle_Pedido] (id_detalle, id_pedido, id_variante, cantidad, precio_unitario) VALUES (161, 68, 176, 1, 69.88);
INSERT INTO [dbo].[Detalle_Pedido] (id_detalle, id_pedido, id_variante, cantidad, precio_unitario) VALUES (162, 69, 5, 3, 37.46);
INSERT INTO [dbo].[Detalle_Pedido] (id_detalle, id_pedido, id_variante, cantidad, precio_unitario) VALUES (163, 70, 156, 2, 18.42);
INSERT INTO [dbo].[Detalle_Pedido] (id_detalle, id_pedido, id_variante, cantidad, precio_unitario) VALUES (164, 70, 25, 3, 57.66);
INSERT INTO [dbo].[Detalle_Pedido] (id_detalle, id_pedido, id_variante, cantidad, precio_unitario) VALUES (165, 71, 24, 3, 19.81);
INSERT INTO [dbo].[Detalle_Pedido] (id_detalle, id_pedido, id_variante, cantidad, precio_unitario) VALUES (166, 72, 230, 3, 21.74);
INSERT INTO [dbo].[Detalle_Pedido] (id_detalle, id_pedido, id_variante, cantidad, precio_unitario) VALUES (167, 73, 59, 2, 117.05);
INSERT INTO [dbo].[Detalle_Pedido] (id_detalle, id_pedido, id_variante, cantidad, precio_unitario) VALUES (168, 73, 206, 3, 61.45);
INSERT INTO [dbo].[Detalle_Pedido] (id_detalle, id_pedido, id_variante, cantidad, precio_unitario) VALUES (169, 73, 124, 1, 42.06);
INSERT INTO [dbo].[Detalle_Pedido] (id_detalle, id_pedido, id_variante, cantidad, precio_unitario) VALUES (170, 73, 203, 1, 84.7);
INSERT INTO [dbo].[Detalle_Pedido] (id_detalle, id_pedido, id_variante, cantidad, precio_unitario) VALUES (171, 74, 73, 3, 105.71);
INSERT INTO [dbo].[Detalle_Pedido] (id_detalle, id_pedido, id_variante, cantidad, precio_unitario) VALUES (172, 75, 182, 3, 47.92);
INSERT INTO [dbo].[Detalle_Pedido] (id_detalle, id_pedido, id_variante, cantidad, precio_unitario) VALUES (173, 76, 97, 3, 20.29);
INSERT INTO [dbo].[Detalle_Pedido] (id_detalle, id_pedido, id_variante, cantidad, precio_unitario) VALUES (174, 77, 40, 3, 83.82);
INSERT INTO [dbo].[Detalle_Pedido] (id_detalle, id_pedido, id_variante, cantidad, precio_unitario) VALUES (175, 78, 145, 1, 102.08);
INSERT INTO [dbo].[Detalle_Pedido] (id_detalle, id_pedido, id_variante, cantidad, precio_unitario) VALUES (176, 78, 94, 3, 52.2);
INSERT INTO [dbo].[Detalle_Pedido] (id_detalle, id_pedido, id_variante, cantidad, precio_unitario) VALUES (177, 78, 157, 2, 89.28);
INSERT INTO [dbo].[Detalle_Pedido] (id_detalle, id_pedido, id_variante, cantidad, precio_unitario) VALUES (178, 78, 71, 2, 116.15);
INSERT INTO [dbo].[Detalle_Pedido] (id_detalle, id_pedido, id_variante, cantidad, precio_unitario) VALUES (179, 79, 148, 3, 98.47);
INSERT INTO [dbo].[Detalle_Pedido] (id_detalle, id_pedido, id_variante, cantidad, precio_unitario) VALUES (180, 79, 89, 3, 67.7);
INSERT INTO [dbo].[Detalle_Pedido] (id_detalle, id_pedido, id_variante, cantidad, precio_unitario) VALUES (181, 79, 199, 3, 57.44);
INSERT INTO [dbo].[Detalle_Pedido] (id_detalle, id_pedido, id_variante, cantidad, precio_unitario) VALUES (182, 80, 26, 2, 57.66);
INSERT INTO [dbo].[Detalle_Pedido] (id_detalle, id_pedido, id_variante, cantidad, precio_unitario) VALUES (183, 80, 55, 3, 83.47);
INSERT INTO [dbo].[Detalle_Pedido] (id_detalle, id_pedido, id_variante, cantidad, precio_unitario) VALUES (184, 81, 42, 3, 29.66);
INSERT INTO [dbo].[Detalle_Pedido] (id_detalle, id_pedido, id_variante, cantidad, precio_unitario) VALUES (185, 82, 121, 1, 48.22);
INSERT INTO [dbo].[Detalle_Pedido] (id_detalle, id_pedido, id_variante, cantidad, precio_unitario) VALUES (186, 82, 154, 2, 270.34);
INSERT INTO [dbo].[Detalle_Pedido] (id_detalle, id_pedido, id_variante, cantidad, precio_unitario) VALUES (187, 83, 186, 2, 249.02);
INSERT INTO [dbo].[Detalle_Pedido] (id_detalle, id_pedido, id_variante, cantidad, precio_unitario) VALUES (188, 84, 183, 3, 50.58);
INSERT INTO [dbo].[Detalle_Pedido] (id_detalle, id_pedido, id_variante, cantidad, precio_unitario) VALUES (189, 84, 153, 2, 300.38);
INSERT INTO [dbo].[Detalle_Pedido] (id_detalle, id_pedido, id_variante, cantidad, precio_unitario) VALUES (190, 84, 15, 1, 38.49);
INSERT INTO [dbo].[Detalle_Pedido] (id_detalle, id_pedido, id_variante, cantidad, precio_unitario) VALUES (191, 85, 50, 3, 81.45);
INSERT INTO [dbo].[Detalle_Pedido] (id_detalle, id_pedido, id_variante, cantidad, precio_unitario) VALUES (192, 85, 9, 3, 62.0);
INSERT INTO [dbo].[Detalle_Pedido] (id_detalle, id_pedido, id_variante, cantidad, precio_unitario) VALUES (193, 85, 201, 3, 93.42);
INSERT INTO [dbo].[Detalle_Pedido] (id_detalle, id_pedido, id_variante, cantidad, precio_unitario) VALUES (194, 86, 62, 1, 98.21);
INSERT INTO [dbo].[Detalle_Pedido] (id_detalle, id_pedido, id_variante, cantidad, precio_unitario) VALUES (195, 86, 168, 2, 17.48);
INSERT INTO [dbo].[Detalle_Pedido] (id_detalle, id_pedido, id_variante, cantidad, precio_unitario) VALUES (196, 86, 1, 3, 40.71);
INSERT INTO [dbo].[Detalle_Pedido] (id_detalle, id_pedido, id_variante, cantidad, precio_unitario) VALUES (197, 87, 133, 1, 28.4);
INSERT INTO [dbo].[Detalle_Pedido] (id_detalle, id_pedido, id_variante, cantidad, precio_unitario) VALUES (198, 87, 4, 2, 25.34);
INSERT INTO [dbo].[Detalle_Pedido] (id_detalle, id_pedido, id_variante, cantidad, precio_unitario) VALUES (199, 88, 89, 3, 67.7);
INSERT INTO [dbo].[Detalle_Pedido] (id_detalle, id_pedido, id_variante, cantidad, precio_unitario) VALUES (200, 88, 209, 2, 103.29);
INSERT INTO [dbo].[Detalle_Pedido] (id_detalle, id_pedido, id_variante, cantidad, precio_unitario) VALUES (201, 88, 71, 3, 122.26);
INSERT INTO [dbo].[Detalle_Pedido] (id_detalle, id_pedido, id_variante, cantidad, precio_unitario) VALUES (202, 89, 130, 2, 94.23);
INSERT INTO [dbo].[Detalle_Pedido] (id_detalle, id_pedido, id_variante, cantidad, precio_unitario) VALUES (203, 89, 28, 1, 52.3);
INSERT INTO [dbo].[Detalle_Pedido] (id_detalle, id_pedido, id_variante, cantidad, precio_unitario) VALUES (204, 89, 144, 2, 107.18);
INSERT INTO [dbo].[Detalle_Pedido] (id_detalle, id_pedido, id_variante, cantidad, precio_unitario) VALUES (205, 89, 19, 3, 359.03);
INSERT INTO [dbo].[Detalle_Pedido] (id_detalle, id_pedido, id_variante, cantidad, precio_unitario) VALUES (206, 90, 145, 2, 102.08);
INSERT INTO [dbo].[Detalle_Pedido] (id_detalle, id_pedido, id_variante, cantidad, precio_unitario) VALUES (207, 90, 124, 3, 40.06);
INSERT INTO [dbo].[Detalle_Pedido] (id_detalle, id_pedido, id_variante, cantidad, precio_unitario) VALUES (208, 90, 198, 2, 57.44);
INSERT INTO [dbo].[Detalle_Pedido] (id_detalle, id_pedido, id_variante, cantidad, precio_unitario) VALUES (209, 90, 63, 2, 85.55);
INSERT INTO [dbo].[Detalle_Pedido] (id_detalle, id_pedido, id_variante, cantidad, precio_unitario) VALUES (210, 91, 174, 2, 82.03);
INSERT INTO [dbo].[Detalle_Pedido] (id_detalle, id_pedido, id_variante, cantidad, precio_unitario) VALUES (211, 91, 180, 2, 63.32);
INSERT INTO [dbo].[Detalle_Pedido] (id_detalle, id_pedido, id_variante, cantidad, precio_unitario) VALUES (212, 92, 64, 3, 95.06);
INSERT INTO [dbo].[Detalle_Pedido] (id_detalle, id_pedido, id_variante, cantidad, precio_unitario) VALUES (213, 92, 74, 1, 114.42);
INSERT INTO [dbo].[Detalle_Pedido] (id_detalle, id_pedido, id_variante, cantidad, precio_unitario) VALUES (214, 92, 24, 1, 20.8);
INSERT INTO [dbo].[Detalle_Pedido] (id_detalle, id_pedido, id_variante, cantidad, precio_unitario) VALUES (215, 93, 229, 1, 21.74);
INSERT INTO [dbo].[Detalle_Pedido] (id_detalle, id_pedido, id_variante, cantidad, precio_unitario) VALUES (216, 93, 147, 2, 93.55);
INSERT INTO [dbo].[Detalle_Pedido] (id_detalle, id_pedido, id_variante, cantidad, precio_unitario) VALUES (217, 94, 224, 1, 76.77);
INSERT INTO [dbo].[Detalle_Pedido] (id_detalle, id_pedido, id_variante, cantidad, precio_unitario) VALUES (218, 94, 68, 1, 62.98);
INSERT INTO [dbo].[Detalle_Pedido] (id_detalle, id_pedido, id_variante, cantidad, precio_unitario) VALUES (219, 95, 31, 3, 107.01);
INSERT INTO [dbo].[Detalle_Pedido] (id_detalle, id_pedido, id_variante, cantidad, precio_unitario) VALUES (220, 96, 196, 1, 47.39);
INSERT INTO [dbo].[Detalle_Pedido] (id_detalle, id_pedido, id_variante, cantidad, precio_unitario) VALUES (221, 97, 127, 2, 366.27);
INSERT INTO [dbo].[Detalle_Pedido] (id_detalle, id_pedido, id_variante, cantidad, precio_unitario) VALUES (222, 97, 230, 1, 21.74);
INSERT INTO [dbo].[Detalle_Pedido] (id_detalle, id_pedido, id_variante, cantidad, precio_unitario) VALUES (223, 97, 226, 2, 41.6);
INSERT INTO [dbo].[Detalle_Pedido] (id_detalle, id_pedido, id_variante, cantidad, precio_unitario) VALUES (224, 98, 14, 2, 25.73);
INSERT INTO [dbo].[Detalle_Pedido] (id_detalle, id_pedido, id_variante, cantidad, precio_unitario) VALUES (225, 98, 135, 1, 16.61);
INSERT INTO [dbo].[Detalle_Pedido] (id_detalle, id_pedido, id_variante, cantidad, precio_unitario) VALUES (226, 99, 118, 2, 84.04);
INSERT INTO [dbo].[Detalle_Pedido] (id_detalle, id_pedido, id_variante, cantidad, precio_unitario) VALUES (227, 99, 31, 3, 118.9);
INSERT INTO [dbo].[Detalle_Pedido] (id_detalle, id_pedido, id_variante, cantidad, precio_unitario) VALUES (228, 100, 98, 2, 31.47);
INSERT INTO [dbo].[Detalle_Pedido] (id_detalle, id_pedido, id_variante, cantidad, precio_unitario) VALUES (229, 100, 149, 3, 98.47);
INSERT INTO [dbo].[Detalle_Pedido] (id_detalle, id_pedido, id_variante, cantidad, precio_unitario) VALUES (230, 101, 61, 2, 108.55);
INSERT INTO [dbo].[Detalle_Pedido] (id_detalle, id_pedido, id_variante, cantidad, precio_unitario) VALUES (231, 101, 69, 1, 122.26);
INSERT INTO [dbo].[Detalle_Pedido] (id_detalle, id_pedido, id_variante, cantidad, precio_unitario) VALUES (232, 101, 121, 2, 48.22);
INSERT INTO [dbo].[Detalle_Pedido] (id_detalle, id_pedido, id_variante, cantidad, precio_unitario) VALUES (233, 102, 94, 2, 52.2);
INSERT INTO [dbo].[Detalle_Pedido] (id_detalle, id_pedido, id_variante, cantidad, precio_unitario) VALUES (234, 102, 219, 3, 97.1);
INSERT INTO [dbo].[Detalle_Pedido] (id_detalle, id_pedido, id_variante, cantidad, precio_unitario) VALUES (235, 102, 103, 3, 30.68);
INSERT INTO [dbo].[Detalle_Pedido] (id_detalle, id_pedido, id_variante, cantidad, precio_unitario) VALUES (236, 103, 206, 2, 58.52);
INSERT INTO [dbo].[Detalle_Pedido] (id_detalle, id_pedido, id_variante, cantidad, precio_unitario) VALUES (237, 103, 61, 1, 98.21);
INSERT INTO [dbo].[Detalle_Pedido] (id_detalle, id_pedido, id_variante, cantidad, precio_unitario) VALUES (238, 103, 143, 2, 64.67);
INSERT INTO [dbo].[Detalle_Pedido] (id_detalle, id_pedido, id_variante, cantidad, precio_unitario) VALUES (239, 104, 35, 3, 136.84);
INSERT INTO [dbo].[Detalle_Pedido] (id_detalle, id_pedido, id_variante, cantidad, precio_unitario) VALUES (240, 104, 229, 2, 21.74);
INSERT INTO [dbo].[Detalle_Pedido] (id_detalle, id_pedido, id_variante, cantidad, precio_unitario) VALUES (241, 104, 218, 2, 102.21);
INSERT INTO [dbo].[Detalle_Pedido] (id_detalle, id_pedido, id_variante, cantidad, precio_unitario) VALUES (242, 104, 162, 3, 35.52);
INSERT INTO [dbo].[Detalle_Pedido] (id_detalle, id_pedido, id_variante, cantidad, precio_unitario) VALUES (243, 105, 16, 2, 42.77);
INSERT INTO [dbo].[Detalle_Pedido] (id_detalle, id_pedido, id_variante, cantidad, precio_unitario) VALUES (244, 105, 56, 2, 75.12);
INSERT INTO [dbo].[Detalle_Pedido] (id_detalle, id_pedido, id_variante, cantidad, precio_unitario) VALUES (245, 106, 93, 2, 52.2);
INSERT INTO [dbo].[Detalle_Pedido] (id_detalle, id_pedido, id_variante, cantidad, precio_unitario) VALUES (246, 106, 144, 2, 91.87);
INSERT INTO [dbo].[Detalle_Pedido] (id_detalle, id_pedido, id_variante, cantidad, precio_unitario) VALUES (247, 106, 143, 2, 61.26);
INSERT INTO [dbo].[Detalle_Pedido] (id_detalle, id_pedido, id_variante, cantidad, precio_unitario) VALUES (248, 107, 200, 2, 98.34);
INSERT INTO [dbo].[Detalle_Pedido] (id_detalle, id_pedido, id_variante, cantidad, precio_unitario) VALUES (249, 107, 73, 2, 105.71);
INSERT INTO [dbo].[Detalle_Pedido] (id_detalle, id_pedido, id_variante, cantidad, precio_unitario) VALUES (250, 108, 98, 2, 36.72);
INSERT INTO [dbo].[Detalle_Pedido] (id_detalle, id_pedido, id_variante, cantidad, precio_unitario) VALUES (251, 109, 164, 2, 43.01);
INSERT INTO [dbo].[Detalle_Pedido] (id_detalle, id_pedido, id_variante, cantidad, precio_unitario) VALUES (252, 109, 207, 3, 70.26);
INSERT INTO [dbo].[Detalle_Pedido] (id_detalle, id_pedido, id_variante, cantidad, precio_unitario) VALUES (253, 110, 42, 1, 29.66);
INSERT INTO [dbo].[Detalle_Pedido] (id_detalle, id_pedido, id_variante, cantidad, precio_unitario) VALUES (254, 111, 182, 2, 53.24);
INSERT INTO [dbo].[Detalle_Pedido] (id_detalle, id_pedido, id_variante, cantidad, precio_unitario) VALUES (255, 111, 69, 2, 122.26);
INSERT INTO [dbo].[Detalle_Pedido] (id_detalle, id_pedido, id_variante, cantidad, precio_unitario) VALUES (256, 111, 155, 3, 20.36);
INSERT INTO [dbo].[Detalle_Pedido] (id_detalle, id_pedido, id_variante, cantidad, precio_unitario) VALUES (257, 112, 219, 3, 97.1);
INSERT INTO [dbo].[Detalle_Pedido] (id_detalle, id_pedido, id_variante, cantidad, precio_unitario) VALUES (258, 112, 6, 3, 37.46);
INSERT INTO [dbo].[Detalle_Pedido] (id_detalle, id_pedido, id_variante, cantidad, precio_unitario) VALUES (259, 113, 54, 2, 82.11);
INSERT INTO [dbo].[Detalle_Pedido] (id_detalle, id_pedido, id_variante, cantidad, precio_unitario) VALUES (260, 114, 141, 3, 134.53);
INSERT INTO [dbo].[Detalle_Pedido] (id_detalle, id_pedido, id_variante, cantidad, precio_unitario) VALUES (261, 114, 14, 1, 23.16);
INSERT INTO [dbo].[Detalle_Pedido] (id_detalle, id_pedido, id_variante, cantidad, precio_unitario) VALUES (262, 114, 7, 3, 59.05);
INSERT INTO [dbo].[Detalle_Pedido] (id_detalle, id_pedido, id_variante, cantidad, precio_unitario) VALUES (263, 114, 198, 1, 60.63);
INSERT INTO [dbo].[Detalle_Pedido] (id_detalle, id_pedido, id_variante, cantidad, precio_unitario) VALUES (264, 115, 59, 2, 117.05);
INSERT INTO [dbo].[Detalle_Pedido] (id_detalle, id_pedido, id_variante, cantidad, precio_unitario) VALUES (265, 115, 64, 1, 90.31);
INSERT INTO [dbo].[Detalle_Pedido] (id_detalle, id_pedido, id_variante, cantidad, precio_unitario) VALUES (266, 115, 189, 1, 262.57);
INSERT INTO [dbo].[Detalle_Pedido] (id_detalle, id_pedido, id_variante, cantidad, precio_unitario) VALUES (267, 116, 221, 2, 62.26);
INSERT INTO [dbo].[Detalle_Pedido] (id_detalle, id_pedido, id_variante, cantidad, precio_unitario) VALUES (268, 116, 84, 2, 80.61);
INSERT INTO [dbo].[Detalle_Pedido] (id_detalle, id_pedido, id_variante, cantidad, precio_unitario) VALUES (269, 116, 222, 2, 84.85);
INSERT INTO [dbo].[Detalle_Pedido] (id_detalle, id_pedido, id_variante, cantidad, precio_unitario) VALUES (270, 117, 152, 3, 16.02);
INSERT INTO [dbo].[Detalle_Pedido] (id_detalle, id_pedido, id_variante, cantidad, precio_unitario) VALUES (271, 117, 153, 2, 315.4);
INSERT INTO [dbo].[Detalle_Pedido] (id_detalle, id_pedido, id_variante, cantidad, precio_unitario) VALUES (272, 118, 233, 1, 22.62);
INSERT INTO [dbo].[Detalle_Pedido] (id_detalle, id_pedido, id_variante, cantidad, precio_unitario) VALUES (273, 118, 89, 2, 64.13);
INSERT INTO [dbo].[Detalle_Pedido] (id_detalle, id_pedido, id_variante, cantidad, precio_unitario) VALUES (274, 118, 124, 2, 40.06);
INSERT INTO [dbo].[Detalle_Pedido] (id_detalle, id_pedido, id_variante, cantidad, precio_unitario) VALUES (275, 119, 3, 2, 22.92);
INSERT INTO [dbo].[Detalle_Pedido] (id_detalle, id_pedido, id_variante, cantidad, precio_unitario) VALUES (276, 119, 1, 2, 40.71);
INSERT INTO [dbo].[Detalle_Pedido] (id_detalle, id_pedido, id_variante, cantidad, precio_unitario) VALUES (277, 119, 134, 1, 16.61);
INSERT INTO [dbo].[Detalle_Pedido] (id_detalle, id_pedido, id_variante, cantidad, precio_unitario) VALUES (278, 120, 77, 3, 116.26);
INSERT INTO [dbo].[Detalle_Pedido] (id_detalle, id_pedido, id_variante, cantidad, precio_unitario) VALUES (279, 120, 3, 1, 22.92);
INSERT INTO [dbo].[Detalle_Pedido] (id_detalle, id_pedido, id_variante, cantidad, precio_unitario) VALUES (280, 120, 197, 2, 67.01);
INSERT INTO [dbo].[Detalle_Pedido] (id_detalle, id_pedido, id_variante, cantidad, precio_unitario) VALUES (281, 120, 111, 2, 309.53);
INSERT INTO [dbo].[Detalle_Pedido] (id_detalle, id_pedido, id_variante, cantidad, precio_unitario) VALUES (282, 121, 184, 2, 53.24);
INSERT INTO [dbo].[Detalle_Pedido] (id_detalle, id_pedido, id_variante, cantidad, precio_unitario) VALUES (283, 121, 189, 2, 237.57);
INSERT INTO [dbo].[Detalle_Pedido] (id_detalle, id_pedido, id_variante, cantidad, precio_unitario) VALUES (284, 122, 133, 3, 33.14);
INSERT INTO [dbo].[Detalle_Pedido] (id_detalle, id_pedido, id_variante, cantidad, precio_unitario) VALUES (285, 122, 196, 2, 45.13);
INSERT INTO [dbo].[Detalle_Pedido] (id_detalle, id_pedido, id_variante, cantidad, precio_unitario) VALUES (286, 123, 106, 1, 159.21);
INSERT INTO [dbo].[Detalle_Pedido] (id_detalle, id_pedido, id_variante, cantidad, precio_unitario) VALUES (287, 123, 49, 2, 273.24);
INSERT INTO [dbo].[Detalle_Pedido] (id_detalle, id_pedido, id_variante, cantidad, precio_unitario) VALUES (288, 123, 219, 3, 91.99);
INSERT INTO [dbo].[Detalle_Pedido] (id_detalle, id_pedido, id_variante, cantidad, precio_unitario) VALUES (289, 124, 49, 3, 258.86);
INSERT INTO [dbo].[Detalle_Pedido] (id_detalle, id_pedido, id_variante, cantidad, precio_unitario) VALUES (290, 124, 83, 1, 69.09);
INSERT INTO [dbo].[Detalle_Pedido] (id_detalle, id_pedido, id_variante, cantidad, precio_unitario) VALUES (291, 124, 5, 2, 35.49);
INSERT INTO [dbo].[Detalle_Pedido] (id_detalle, id_pedido, id_variante, cantidad, precio_unitario) VALUES (292, 124, 39, 1, 83.82);
INSERT INTO [dbo].[Detalle_Pedido] (id_detalle, id_pedido, id_variante, cantidad, precio_unitario) VALUES (293, 125, 60, 1, 93.04);
INSERT INTO [dbo].[Detalle_Pedido] (id_detalle, id_pedido, id_variante, cantidad, precio_unitario) VALUES (294, 126, 108, 2, 274.39);
INSERT INTO [dbo].[Detalle_Pedido] (id_detalle, id_pedido, id_variante, cantidad, precio_unitario) VALUES (295, 126, 80, 3, 56.89);
INSERT INTO [dbo].[Detalle_Pedido] (id_detalle, id_pedido, id_variante, cantidad, precio_unitario) VALUES (296, 126, 202, 2, 88.51);
INSERT INTO [dbo].[Detalle_Pedido] (id_detalle, id_pedido, id_variante, cantidad, precio_unitario) VALUES (297, 127, 69, 1, 122.26);
INSERT INTO [dbo].[Detalle_Pedido] (id_detalle, id_pedido, id_variante, cantidad, precio_unitario) VALUES (298, 128, 230, 2, 21.74);
INSERT INTO [dbo].[Detalle_Pedido] (id_detalle, id_pedido, id_variante, cantidad, precio_unitario) VALUES (299, 128, 216, 1, 89.24);
INSERT INTO [dbo].[Detalle_Pedido] (id_detalle, id_pedido, id_variante, cantidad, precio_unitario) VALUES (300, 129, 198, 1, 57.44);
INSERT INTO [dbo].[Detalle_Pedido] (id_detalle, id_pedido, id_variante, cantidad, precio_unitario) VALUES (301, 129, 114, 3, 171.13);
INSERT INTO [dbo].[Detalle_Pedido] (id_detalle, id_pedido, id_variante, cantidad, precio_unitario) VALUES (302, 129, 64, 3, 85.55);
INSERT INTO [dbo].[Detalle_Pedido] (id_detalle, id_pedido, id_variante, cantidad, precio_unitario) VALUES (303, 129, 189, 2, 237.57);
INSERT INTO [dbo].[Detalle_Pedido] (id_detalle, id_pedido, id_variante, cantidad, precio_unitario) VALUES (304, 130, 41, 3, 26.69);
INSERT INTO [dbo].[Detalle_Pedido] (id_detalle, id_pedido, id_variante, cantidad, precio_unitario) VALUES (305, 130, 162, 3, 35.52);
INSERT INTO [dbo].[Detalle_Pedido] (id_detalle, id_pedido, id_variante, cantidad, precio_unitario) VALUES (306, 130, 187, 2, 224.12);
INSERT INTO [dbo].[Detalle_Pedido] (id_detalle, id_pedido, id_variante, cantidad, precio_unitario) VALUES (307, 131, 93, 3, 46.98);
INSERT INTO [dbo].[Detalle_Pedido] (id_detalle, id_pedido, id_variante, cantidad, precio_unitario) VALUES (308, 131, 228, 1, 29.3);
INSERT INTO [dbo].[Detalle_Pedido] (id_detalle, id_pedido, id_variante, cantidad, precio_unitario) VALUES (309, 132, 4, 3, 24.13);
INSERT INTO [dbo].[Detalle_Pedido] (id_detalle, id_pedido, id_variante, cantidad, precio_unitario) VALUES (310, 132, 43, 2, 26.69);
INSERT INTO [dbo].[Detalle_Pedido] (id_detalle, id_pedido, id_variante, cantidad, precio_unitario) VALUES (311, 132, 204, 1, 55.59);
INSERT INTO [dbo].[Detalle_Pedido] (id_detalle, id_pedido, id_variante, cantidad, precio_unitario) VALUES (312, 133, 177, 1, 106.51);
INSERT INTO [dbo].[Detalle_Pedido] (id_detalle, id_pedido, id_variante, cantidad, precio_unitario) VALUES (313, 133, 153, 2, 285.36);
INSERT INTO [dbo].[Detalle_Pedido] (id_detalle, id_pedido, id_variante, cantidad, precio_unitario) VALUES (314, 133, 40, 3, 75.44);
INSERT INTO [dbo].[Detalle_Pedido] (id_detalle, id_pedido, id_variante, cantidad, precio_unitario) VALUES (315, 133, 96, 2, 22.43);
INSERT INTO [dbo].[Detalle_Pedido] (id_detalle, id_pedido, id_variante, cantidad, precio_unitario) VALUES (316, 134, 92, 3, 92.52);
INSERT INTO [dbo].[Detalle_Pedido] (id_detalle, id_pedido, id_variante, cantidad, precio_unitario) VALUES (317, 135, 125, 3, 63.01);
INSERT INTO [dbo].[Detalle_Pedido] (id_detalle, id_pedido, id_variante, cantidad, precio_unitario) VALUES (318, 135, 60, 2, 103.38);
INSERT INTO [dbo].[Detalle_Pedido] (id_detalle, id_pedido, id_variante, cantidad, precio_unitario) VALUES (319, 136, 92, 2, 87.65);
INSERT INTO [dbo].[Detalle_Pedido] (id_detalle, id_pedido, id_variante, cantidad, precio_unitario) VALUES (320, 136, 186, 3, 249.02);
INSERT INTO [dbo].[Detalle_Pedido] (id_detalle, id_pedido, id_variante, cantidad, precio_unitario) VALUES (321, 136, 35, 3, 130.32);
INSERT INTO [dbo].[Detalle_Pedido] (id_detalle, id_pedido, id_variante, cantidad, precio_unitario) VALUES (322, 136, 65, 1, 95.06);
INSERT INTO [dbo].[Detalle_Pedido] (id_detalle, id_pedido, id_variante, cantidad, precio_unitario) VALUES (323, 137, 83, 3, 76.77);
INSERT INTO [dbo].[Detalle_Pedido] (id_detalle, id_pedido, id_variante, cantidad, precio_unitario) VALUES (324, 137, 188, 1, 262.57);
INSERT INTO [dbo].[Detalle_Pedido] (id_detalle, id_pedido, id_variante, cantidad, precio_unitario) VALUES (325, 137, 120, 3, 43.4);
INSERT INTO [dbo].[Detalle_Pedido] (id_detalle, id_pedido, id_variante, cantidad, precio_unitario) VALUES (326, 138, 139, 3, 121.08);
INSERT INTO [dbo].[Detalle_Pedido] (id_detalle, id_pedido, id_variante, cantidad, precio_unitario) VALUES (327, 138, 94, 2, 54.81);
INSERT INTO [dbo].[Detalle_Pedido] (id_detalle, id_pedido, id_variante, cantidad, precio_unitario) VALUES (328, 138, 117, 1, 76.04);
INSERT INTO [dbo].[Detalle_Pedido] (id_detalle, id_pedido, id_variante, cantidad, precio_unitario) VALUES (329, 139, 83, 3, 69.09);
INSERT INTO [dbo].[Detalle_Pedido] (id_detalle, id_pedido, id_variante, cantidad, precio_unitario) VALUES (330, 139, 185, 2, 261.47);
INSERT INTO [dbo].[Detalle_Pedido] (id_detalle, id_pedido, id_variante, cantidad, precio_unitario) VALUES (331, 140, 197, 2, 63.82);
INSERT INTO [dbo].[Detalle_Pedido] (id_detalle, id_pedido, id_variante, cantidad, precio_unitario) VALUES (332, 140, 142, 3, 68.07);
INSERT INTO [dbo].[Detalle_Pedido] (id_detalle, id_pedido, id_variante, cantidad, precio_unitario) VALUES (333, 140, 40, 1, 83.82);
INSERT INTO [dbo].[Detalle_Pedido] (id_detalle, id_pedido, id_variante, cantidad, precio_unitario) VALUES (334, 140, 157, 3, 76.53);
INSERT INTO [dbo].[Detalle_Pedido] (id_detalle, id_pedido, id_variante, cantidad, precio_unitario) VALUES (335, 141, 46, 1, 61.65);
INSERT INTO [dbo].[Detalle_Pedido] (id_detalle, id_pedido, id_variante, cantidad, precio_unitario) VALUES (336, 141, 224, 2, 72.73);
INSERT INTO [dbo].[Detalle_Pedido] (id_detalle, id_pedido, id_variante, cantidad, precio_unitario) VALUES (337, 142, 169, 2, 18.35);
INSERT INTO [dbo].[Detalle_Pedido] (id_detalle, id_pedido, id_variante, cantidad, precio_unitario) VALUES (338, 142, 126, 2, 56.71);
INSERT INTO [dbo].[Detalle_Pedido] (id_detalle, id_pedido, id_variante, cantidad, precio_unitario) VALUES (339, 142, 135, 3, 15.03);
INSERT INTO [dbo].[Detalle_Pedido] (id_detalle, id_pedido, id_variante, cantidad, precio_unitario) VALUES (340, 142, 160, 1, 100.99);
INSERT INTO [dbo].[Detalle_Pedido] (id_detalle, id_pedido, id_variante, cantidad, precio_unitario) VALUES (341, 143, 120, 2, 43.4);
INSERT INTO [dbo].[Detalle_Pedido] (id_detalle, id_pedido, id_variante, cantidad, precio_unitario) VALUES (342, 144, 204, 2, 61.45);
INSERT INTO [dbo].[Detalle_Pedido] (id_detalle, id_pedido, id_variante, cantidad, precio_unitario) VALUES (343, 144, 182, 1, 55.9);
INSERT INTO [dbo].[Detalle_Pedido] (id_detalle, id_pedido, id_variante, cantidad, precio_unitario) VALUES (344, 144, 15, 2, 38.49);
INSERT INTO [dbo].[Detalle_Pedido] (id_detalle, id_pedido, id_variante, cantidad, precio_unitario) VALUES (345, 145, 26, 3, 52.16);
INSERT INTO [dbo].[Detalle_Pedido] (id_detalle, id_pedido, id_variante, cantidad, precio_unitario) VALUES (346, 146, 146, 3, 96.98);
INSERT INTO [dbo].[Detalle_Pedido] (id_detalle, id_pedido, id_variante, cantidad, precio_unitario) VALUES (347, 146, 161, 2, 35.52);
INSERT INTO [dbo].[Detalle_Pedido] (id_detalle, id_pedido, id_variante, cantidad, precio_unitario) VALUES (348, 147, 173, 1, 86.35);
INSERT INTO [dbo].[Detalle_Pedido] (id_detalle, id_pedido, id_variante, cantidad, precio_unitario) VALUES (349, 147, 118, 1, 76.04);
INSERT INTO [dbo].[Detalle_Pedido] (id_detalle, id_pedido, id_variante, cantidad, precio_unitario) VALUES (350, 147, 180, 2, 66.49);
INSERT INTO [dbo].[Detalle_Pedido] (id_detalle, id_pedido, id_variante, cantidad, precio_unitario) VALUES (351, 148, 137, 2, 27.12);
INSERT INTO [dbo].[Detalle_Pedido] (id_detalle, id_pedido, id_variante, cantidad, precio_unitario) VALUES (352, 148, 154, 3, 300.38);
INSERT INTO [dbo].[Detalle_Pedido] (id_detalle, id_pedido, id_variante, cantidad, precio_unitario) VALUES (353, 149, 196, 3, 45.13);
INSERT INTO [dbo].[Detalle_Pedido] (id_detalle, id_pedido, id_variante, cantidad, precio_unitario) VALUES (354, 149, 163, 3, 32.14);
INSERT INTO [dbo].[Detalle_Pedido] (id_detalle, id_pedido, id_variante, cantidad, precio_unitario) VALUES (355, 149, 111, 1, 342.11);
INSERT INTO [dbo].[Detalle_Pedido] (id_detalle, id_pedido, id_variante, cantidad, precio_unitario) VALUES (356, 149, 212, 3, 189.36);
INSERT INTO [dbo].[Detalle_Pedido] (id_detalle, id_pedido, id_variante, cantidad, precio_unitario) VALUES (357, 150, 115, 2, 154.02);
INSERT INTO [dbo].[Detalle_Pedido] (id_detalle, id_pedido, id_variante, cantidad, precio_unitario) VALUES (358, 150, 102, 1, 34.08);
INSERT INTO [dbo].[Detalle_Pedido] (id_detalle, id_pedido, id_variante, cantidad, precio_unitario) VALUES (359, 150, 1, 1, 42.75);
INSERT INTO [dbo].[Detalle_Pedido] (id_detalle, id_pedido, id_variante, cantidad, precio_unitario) VALUES (360, 150, 186, 1, 249.02);
INSERT INTO [dbo].[Detalle_Pedido] (id_detalle, id_pedido, id_variante, cantidad, precio_unitario) VALUES (361, 151, 6, 3, 39.43);
INSERT INTO [dbo].[Detalle_Pedido] (id_detalle, id_pedido, id_variante, cantidad, precio_unitario) VALUES (362, 151, 198, 3, 67.01);
INSERT INTO [dbo].[Detalle_Pedido] (id_detalle, id_pedido, id_variante, cantidad, precio_unitario) VALUES (363, 151, 211, 3, 198.83);
INSERT INTO [dbo].[Detalle_Pedido] (id_detalle, id_pedido, id_variante, cantidad, precio_unitario) VALUES (364, 152, 92, 3, 97.39);
INSERT INTO [dbo].[Detalle_Pedido] (id_detalle, id_pedido, id_variante, cantidad, precio_unitario) VALUES (365, 152, 40, 1, 79.63);
INSERT INTO [dbo].[Detalle_Pedido] (id_detalle, id_pedido, id_variante, cantidad, precio_unitario) VALUES (366, 152, 36, 2, 130.32);
INSERT INTO [dbo].[Detalle_Pedido] (id_detalle, id_pedido, id_variante, cantidad, precio_unitario) VALUES (367, 152, 68, 3, 59.67);
INSERT INTO [dbo].[Detalle_Pedido] (id_detalle, id_pedido, id_variante, cantidad, precio_unitario) VALUES (368, 153, 186, 2, 249.02);
INSERT INTO [dbo].[Detalle_Pedido] (id_detalle, id_pedido, id_variante, cantidad, precio_unitario) VALUES (369, 154, 153, 1, 300.38);
INSERT INTO [dbo].[Detalle_Pedido] (id_detalle, id_pedido, id_variante, cantidad, precio_unitario) VALUES (370, 155, 21, 2, 107.97);
INSERT INTO [dbo].[Detalle_Pedido] (id_detalle, id_pedido, id_variante, cantidad, precio_unitario) VALUES (371, 155, 200, 2, 98.34);
INSERT INTO [dbo].[Detalle_Pedido] (id_detalle, id_pedido, id_variante, cantidad, precio_unitario) VALUES (372, 155, 15, 1, 38.49);
INSERT INTO [dbo].[Detalle_Pedido] (id_detalle, id_pedido, id_variante, cantidad, precio_unitario) VALUES (373, 155, 198, 1, 67.01);
INSERT INTO [dbo].[Detalle_Pedido] (id_detalle, id_pedido, id_variante, cantidad, precio_unitario) VALUES (374, 156, 14, 3, 25.73);
INSERT INTO [dbo].[Detalle_Pedido] (id_detalle, id_pedido, id_variante, cantidad, precio_unitario) VALUES (375, 156, 79, 1, 59.73);
INSERT INTO [dbo].[Detalle_Pedido] (id_detalle, id_pedido, id_variante, cantidad, precio_unitario) VALUES (376, 156, 135, 3, 15.82);
INSERT INTO [dbo].[Detalle_Pedido] (id_detalle, id_pedido, id_variante, cantidad, precio_unitario) VALUES (377, 156, 11, 1, 83.88);
INSERT INTO [dbo].[Detalle_Pedido] (id_detalle, id_pedido, id_variante, cantidad, precio_unitario) VALUES (378, 157, 115, 1, 179.69);
INSERT INTO [dbo].[Detalle_Pedido] (id_detalle, id_pedido, id_variante, cantidad, precio_unitario) VALUES (379, 157, 193, 2, 75.65);
INSERT INTO [dbo].[Detalle_Pedido] (id_detalle, id_pedido, id_variante, cantidad, precio_unitario) VALUES (380, 157, 153, 2, 300.38);
INSERT INTO [dbo].[Detalle_Pedido] (id_detalle, id_pedido, id_variante, cantidad, precio_unitario) VALUES (381, 157, 148, 1, 93.55);
INSERT INTO [dbo].[Detalle_Pedido] (id_detalle, id_pedido, id_variante, cantidad, precio_unitario) VALUES (382, 158, 141, 2, 134.53);
INSERT INTO [dbo].[Detalle_Pedido] (id_detalle, id_pedido, id_variante, cantidad, precio_unitario) VALUES (383, 159, 199, 2, 60.63);
INSERT INTO [dbo].[Detalle_Pedido] (id_detalle, id_pedido, id_variante, cantidad, precio_unitario) VALUES (384, 159, 179, 1, 124.26);
INSERT INTO [dbo].[Detalle_Pedido] (id_detalle, id_pedido, id_variante, cantidad, precio_unitario) VALUES (385, 159, 34, 2, 103.5);
INSERT INTO [dbo].[Detalle_Pedido] (id_detalle, id_pedido, id_variante, cantidad, precio_unitario) VALUES (386, 159, 196, 1, 47.39);
INSERT INTO [dbo].[Detalle_Pedido] (id_detalle, id_pedido, id_variante, cantidad, precio_unitario) VALUES (387, 160, 63, 2, 95.06);
INSERT INTO [dbo].[Detalle_Pedido] (id_detalle, id_pedido, id_variante, cantidad, precio_unitario) VALUES (388, 160, 19, 3, 341.93);
INSERT INTO [dbo].[Detalle_Pedido] (id_detalle, id_pedido, id_variante, cantidad, precio_unitario) VALUES (389, 161, 109, 2, 274.39);
INSERT INTO [dbo].[Detalle_Pedido] (id_detalle, id_pedido, id_variante, cantidad, precio_unitario) VALUES (390, 161, 94, 3, 54.81);
INSERT INTO [dbo].[Detalle_Pedido] (id_detalle, id_pedido, id_variante, cantidad, precio_unitario) VALUES (391, 161, 90, 2, 64.46);
INSERT INTO [dbo].[Detalle_Pedido] (id_detalle, id_pedido, id_variante, cantidad, precio_unitario) VALUES (392, 161, 49, 2, 273.24);
INSERT INTO [dbo].[Detalle_Pedido] (id_detalle, id_pedido, id_variante, cantidad, precio_unitario) VALUES (393, 162, 113, 1, 99.17);
INSERT INTO [dbo].[Detalle_Pedido] (id_detalle, id_pedido, id_variante, cantidad, precio_unitario) VALUES (394, 162, 12, 1, 25.73);
INSERT INTO [dbo].[Detalle_Pedido] (id_detalle, id_pedido, id_variante, cantidad, precio_unitario) VALUES (395, 163, 190, 1, 225.06);
INSERT INTO [dbo].[Detalle_Pedido] (id_detalle, id_pedido, id_variante, cantidad, precio_unitario) VALUES (396, 164, 4, 2, 21.72);
INSERT INTO [dbo].[Detalle_Pedido] (id_detalle, id_pedido, id_variante, cantidad, precio_unitario) VALUES (397, 164, 88, 2, 71.26);
INSERT INTO [dbo].[Detalle_Pedido] (id_detalle, id_pedido, id_variante, cantidad, precio_unitario) VALUES (398, 164, 178, 2, 106.51);
INSERT INTO [dbo].[Detalle_Pedido] (id_detalle, id_pedido, id_variante, cantidad, precio_unitario) VALUES (399, 165, 53, 2, 90.75);
INSERT INTO [dbo].[Detalle_Pedido] (id_detalle, id_pedido, id_variante, cantidad, precio_unitario) VALUES (400, 165, 140, 2, 141.26);
INSERT INTO [dbo].[Detalle_Pedido] (id_detalle, id_pedido, id_variante, cantidad, precio_unitario) VALUES (401, 166, 97, 3, 22.43);
INSERT INTO [dbo].[Detalle_Pedido] (id_detalle, id_pedido, id_variante, cantidad, precio_unitario) VALUES (402, 167, 16, 3, 40.63);
INSERT INTO [dbo].[Detalle_Pedido] (id_detalle, id_pedido, id_variante, cantidad, precio_unitario) VALUES (403, 167, 73, 2, 105.71);
INSERT INTO [dbo].[Detalle_Pedido] (id_detalle, id_pedido, id_variante, cantidad, precio_unitario) VALUES (404, 168, 18, 3, 341.93);
INSERT INTO [dbo].[Detalle_Pedido] (id_detalle, id_pedido, id_variante, cantidad, precio_unitario) VALUES (405, 169, 222, 3, 80.81);
INSERT INTO [dbo].[Detalle_Pedido] (id_detalle, id_pedido, id_variante, cantidad, precio_unitario) VALUES (406, 169, 28, 1, 52.3);
INSERT INTO [dbo].[Detalle_Pedido] (id_detalle, id_pedido, id_variante, cantidad, precio_unitario) VALUES (407, 169, 5, 3, 39.43);
INSERT INTO [dbo].[Detalle_Pedido] (id_detalle, id_pedido, id_variante, cantidad, precio_unitario) VALUES (408, 170, 222, 1, 76.77);
INSERT INTO [dbo].[Detalle_Pedido] (id_detalle, id_pedido, id_variante, cantidad, precio_unitario) VALUES (409, 170, 153, 2, 315.4);
INSERT INTO [dbo].[Detalle_Pedido] (id_detalle, id_pedido, id_variante, cantidad, precio_unitario) VALUES (410, 170, 137, 3, 28.48);
INSERT INTO [dbo].[Detalle_Pedido] (id_detalle, id_pedido, id_variante, cantidad, precio_unitario) VALUES (411, 170, 23, 1, 17.83);
INSERT INTO [dbo].[Detalle_Pedido] (id_detalle, id_pedido, id_variante, cantidad, precio_unitario) VALUES (412, 171, 86, 1, 84.85);
INSERT INTO [dbo].[Detalle_Pedido] (id_detalle, id_pedido, id_variante, cantidad, precio_unitario) VALUES (413, 171, 126, 3, 63.01);
INSERT INTO [dbo].[Detalle_Pedido] (id_detalle, id_pedido, id_variante, cantidad, precio_unitario) VALUES (414, 171, 101, 2, 25.28);
INSERT INTO [dbo].[Detalle_Pedido] (id_detalle, id_pedido, id_variante, cantidad, precio_unitario) VALUES (415, 172, 208, 2, 108.73);
INSERT INTO [dbo].[Detalle_Pedido] (id_detalle, id_pedido, id_variante, cantidad, precio_unitario) VALUES (416, 172, 16, 3, 38.49);
INSERT INTO [dbo].[Detalle_Pedido] (id_detalle, id_pedido, id_variante, cantidad, precio_unitario) VALUES (417, 172, 161, 1, 33.83);
INSERT INTO [dbo].[Detalle_Pedido] (id_detalle, id_pedido, id_variante, cantidad, precio_unitario) VALUES (418, 173, 23, 3, 19.81);
INSERT INTO [dbo].[Detalle_Pedido] (id_detalle, id_pedido, id_variante, cantidad, precio_unitario) VALUES (419, 173, 187, 3, 261.47);
INSERT INTO [dbo].[Detalle_Pedido] (id_detalle, id_pedido, id_variante, cantidad, precio_unitario) VALUES (420, 174, 147, 2, 98.47);
INSERT INTO [dbo].[Detalle_Pedido] (id_detalle, id_pedido, id_variante, cantidad, precio_unitario) VALUES (421, 174, 40, 2, 88.01);
INSERT INTO [dbo].[Detalle_Pedido] (id_detalle, id_pedido, id_variante, cantidad, precio_unitario) VALUES (422, 175, 168, 3, 18.35);
INSERT INTO [dbo].[Detalle_Pedido] (id_detalle, id_pedido, id_variante, cantidad, precio_unitario) VALUES (423, 175, 36, 1, 123.8);
INSERT INTO [dbo].[Detalle_Pedido] (id_detalle, id_pedido, id_variante, cantidad, precio_unitario) VALUES (424, 176, 111, 3, 309.53);
INSERT INTO [dbo].[Detalle_Pedido] (id_detalle, id_pedido, id_variante, cantidad, precio_unitario) VALUES (425, 176, 233, 1, 22.62);
INSERT INTO [dbo].[Detalle_Pedido] (id_detalle, id_pedido, id_variante, cantidad, precio_unitario) VALUES (426, 177, 48, 1, 287.62);
INSERT INTO [dbo].[Detalle_Pedido] (id_detalle, id_pedido, id_variante, cantidad, precio_unitario) VALUES (427, 178, 106, 1, 176.9);
INSERT INTO [dbo].[Detalle_Pedido] (id_detalle, id_pedido, id_variante, cantidad, precio_unitario) VALUES (428, 178, 78, 1, 54.05);
INSERT INTO [dbo].[Detalle_Pedido] (id_detalle, id_pedido, id_variante, cantidad, precio_unitario) VALUES (429, 178, 114, 1, 162.57);
INSERT INTO [dbo].[Detalle_Pedido] (id_detalle, id_pedido, id_variante, cantidad, precio_unitario) VALUES (430, 178, 191, 3, 25.53);
INSERT INTO [dbo].[Detalle_Pedido] (id_detalle, id_pedido, id_variante, cantidad, precio_unitario) VALUES (431, 179, 153, 3, 285.36);
INSERT INTO [dbo].[Detalle_Pedido] (id_detalle, id_pedido, id_variante, cantidad, precio_unitario) VALUES (432, 179, 60, 2, 93.04);
INSERT INTO [dbo].[Detalle_Pedido] (id_detalle, id_pedido, id_variante, cantidad, precio_unitario) VALUES (433, 180, 129, 2, 366.27);
INSERT INTO [dbo].[Detalle_Pedido] (id_detalle, id_pedido, id_variante, cantidad, precio_unitario) VALUES (434, 180, 217, 1, 114.75);
INSERT INTO [dbo].[Detalle_Pedido] (id_detalle, id_pedido, id_variante, cantidad, precio_unitario) VALUES (435, 181, 42, 1, 28.18);
INSERT INTO [dbo].[Detalle_Pedido] (id_detalle, id_pedido, id_variante, cantidad, precio_unitario) VALUES (436, 181, 50, 1, 77.57);
INSERT INTO [dbo].[Detalle_Pedido] (id_detalle, id_pedido, id_variante, cantidad, precio_unitario) VALUES (437, 182, 194, 1, 71.67);
INSERT INTO [dbo].[Detalle_Pedido] (id_detalle, id_pedido, id_variante, cantidad, precio_unitario) VALUES (438, 182, 53, 3, 86.43);
INSERT INTO [dbo].[Detalle_Pedido] (id_detalle, id_pedido, id_variante, cantidad, precio_unitario) VALUES (439, 183, 110, 3, 293.24);
INSERT INTO [dbo].[Detalle_Pedido] (id_detalle, id_pedido, id_variante, cantidad, precio_unitario) VALUES (440, 183, 104, 3, 32.29);
INSERT INTO [dbo].[Detalle_Pedido] (id_detalle, id_pedido, id_variante, cantidad, precio_unitario) VALUES (441, 184, 134, 2, 14.24);
INSERT INTO [dbo].[Detalle_Pedido] (id_detalle, id_pedido, id_variante, cantidad, precio_unitario) VALUES (442, 185, 189, 3, 262.57);
INSERT INTO [dbo].[Detalle_Pedido] (id_detalle, id_pedido, id_variante, cantidad, precio_unitario) VALUES (443, 185, 11, 1, 79.47);
INSERT INTO [dbo].[Detalle_Pedido] (id_detalle, id_pedido, id_variante, cantidad, precio_unitario) VALUES (444, 185, 143, 2, 68.07);
INSERT INTO [dbo].[Detalle_Pedido] (id_detalle, id_pedido, id_variante, cantidad, precio_unitario) VALUES (445, 185, 100, 2, 25.28);
INSERT INTO [dbo].[Detalle_Pedido] (id_detalle, id_pedido, id_variante, cantidad, precio_unitario) VALUES (446, 186, 43, 3, 26.69);
INSERT INTO [dbo].[Detalle_Pedido] (id_detalle, id_pedido, id_variante, cantidad, precio_unitario) VALUES (447, 186, 109, 1, 288.11);
INSERT INTO [dbo].[Detalle_Pedido] (id_detalle, id_pedido, id_variante, cantidad, precio_unitario) VALUES (448, 186, 76, 3, 116.26);
INSERT INTO [dbo].[Detalle_Pedido] (id_detalle, id_pedido, id_variante, cantidad, precio_unitario) VALUES (449, 186, 157, 1, 85.03);
INSERT INTO [dbo].[Detalle_Pedido] (id_detalle, id_pedido, id_variante, cantidad, precio_unitario) VALUES (450, 187, 200, 1, 103.26);
INSERT INTO [dbo].[Detalle_Pedido] (id_detalle, id_pedido, id_variante, cantidad, precio_unitario) VALUES (451, 187, 150, 2, 16.02);
INSERT INTO [dbo].[Detalle_Pedido] (id_detalle, id_pedido, id_variante, cantidad, precio_unitario) VALUES (452, 188, 117, 2, 76.04);
INSERT INTO [dbo].[Detalle_Pedido] (id_detalle, id_pedido, id_variante, cantidad, precio_unitario) VALUES (453, 188, 152, 2, 14.42);
INSERT INTO [dbo].[Detalle_Pedido] (id_detalle, id_pedido, id_variante, cantidad, precio_unitario) VALUES (454, 189, 184, 1, 47.92);
INSERT INTO [dbo].[Detalle_Pedido] (id_detalle, id_pedido, id_variante, cantidad, precio_unitario) VALUES (455, 189, 188, 3, 225.06);
INSERT INTO [dbo].[Detalle_Pedido] (id_detalle, id_pedido, id_variante, cantidad, precio_unitario) VALUES (456, 190, 135, 3, 15.82);
INSERT INTO [dbo].[Detalle_Pedido] (id_detalle, id_pedido, id_variante, cantidad, precio_unitario) VALUES (457, 191, 141, 2, 127.8);
INSERT INTO [dbo].[Detalle_Pedido] (id_detalle, id_pedido, id_variante, cantidad, precio_unitario) VALUES (458, 191, 98, 3, 36.72);
INSERT INTO [dbo].[Detalle_Pedido] (id_detalle, id_pedido, id_variante, cantidad, precio_unitario) VALUES (459, 191, 12, 1, 24.44);
INSERT INTO [dbo].[Detalle_Pedido] (id_detalle, id_pedido, id_variante, cantidad, precio_unitario) VALUES (460, 191, 197, 1, 60.63);
INSERT INTO [dbo].[Detalle_Pedido] (id_detalle, id_pedido, id_variante, cantidad, precio_unitario) VALUES (461, 192, 79, 2, 56.89);
INSERT INTO [dbo].[Detalle_Pedido] (id_detalle, id_pedido, id_variante, cantidad, precio_unitario) VALUES (462, 192, 80, 1, 54.05);
INSERT INTO [dbo].[Detalle_Pedido] (id_detalle, id_pedido, id_variante, cantidad, precio_unitario) VALUES (463, 192, 187, 1, 236.57);
INSERT INTO [dbo].[Detalle_Pedido] (id_detalle, id_pedido, id_variante, cantidad, precio_unitario) VALUES (464, 192, 197, 3, 57.44);
INSERT INTO [dbo].[Detalle_Pedido] (id_detalle, id_pedido, id_variante, cantidad, precio_unitario) VALUES (465, 193, 128, 3, 313.95);
INSERT INTO [dbo].[Detalle_Pedido] (id_detalle, id_pedido, id_variante, cantidad, precio_unitario) VALUES (466, 193, 219, 1, 102.21);
INSERT INTO [dbo].[Detalle_Pedido] (id_detalle, id_pedido, id_variante, cantidad, precio_unitario) VALUES (467, 193, 140, 3, 127.8);
INSERT INTO [dbo].[Detalle_Pedido] (id_detalle, id_pedido, id_variante, cantidad, precio_unitario) VALUES (468, 193, 207, 2, 66.91);
INSERT INTO [dbo].[Detalle_Pedido] (id_detalle, id_pedido, id_variante, cantidad, precio_unitario) VALUES (469, 194, 63, 2, 99.81);
INSERT INTO [dbo].[Detalle_Pedido] (id_detalle, id_pedido, id_variante, cantidad, precio_unitario) VALUES (470, 195, 13, 1, 24.44);
INSERT INTO [dbo].[Detalle_Pedido] (id_detalle, id_pedido, id_variante, cantidad, precio_unitario) VALUES (471, 195, 48, 1, 287.62);
INSERT INTO [dbo].[Detalle_Pedido] (id_detalle, id_pedido, id_variante, cantidad, precio_unitario) VALUES (472, 196, 85, 2, 80.39);
INSERT INTO [dbo].[Detalle_Pedido] (id_detalle, id_pedido, id_variante, cantidad, precio_unitario) VALUES (473, 196, 23, 1, 18.82);
INSERT INTO [dbo].[Detalle_Pedido] (id_detalle, id_pedido, id_variante, cantidad, precio_unitario) VALUES (474, 196, 13, 3, 25.73);
INSERT INTO [dbo].[Detalle_Pedido] (id_detalle, id_pedido, id_variante, cantidad, precio_unitario) VALUES (475, 197, 117, 2, 84.04);
INSERT INTO [dbo].[Detalle_Pedido] (id_detalle, id_pedido, id_variante, cantidad, precio_unitario) VALUES (476, 197, 192, 1, 25.53);
INSERT INTO [dbo].[Detalle_Pedido] (id_detalle, id_pedido, id_variante, cantidad, precio_unitario) VALUES (477, 198, 230, 2, 19.57);
INSERT INTO [dbo].[Detalle_Pedido] (id_detalle, id_pedido, id_variante, cantidad, precio_unitario) VALUES (478, 198, 98, 1, 36.72);
INSERT INTO [dbo].[Detalle_Pedido] (id_detalle, id_pedido, id_variante, cantidad, precio_unitario) VALUES (479, 198, 210, 2, 108.73);
INSERT INTO [dbo].[Detalle_Pedido] (id_detalle, id_pedido, id_variante, cantidad, precio_unitario) VALUES (480, 199, 85, 1, 93.79);
INSERT INTO [dbo].[Detalle_Pedido] (id_detalle, id_pedido, id_variante, cantidad, precio_unitario) VALUES (481, 199, 135, 3, 15.03);
INSERT INTO [dbo].[Detalle_Pedido] (id_detalle, id_pedido, id_variante, cantidad, precio_unitario) VALUES (482, 199, 106, 1, 159.21);
INSERT INTO [dbo].[Detalle_Pedido] (id_detalle, id_pedido, id_variante, cantidad, precio_unitario) VALUES (483, 200, 124, 3, 42.06);
INSERT INTO [dbo].[Detalle_Pedido] (id_detalle, id_pedido, id_variante, cantidad, precio_unitario) VALUES (484, 201, 67, 2, 69.61);
INSERT INTO [dbo].[Detalle_Pedido] (id_detalle, id_pedido, id_variante, cantidad, precio_unitario) VALUES (485, 201, 135, 3, 15.03);
INSERT INTO [dbo].[Detalle_Pedido] (id_detalle, id_pedido, id_variante, cantidad, precio_unitario) VALUES (486, 201, 148, 2, 103.39);
INSERT INTO [dbo].[Detalle_Pedido] (id_detalle, id_pedido, id_variante, cantidad, precio_unitario) VALUES (487, 202, 127, 1, 366.27);
INSERT INTO [dbo].[Detalle_Pedido] (id_detalle, id_pedido, id_variante, cantidad, precio_unitario) VALUES (488, 202, 207, 1, 66.91);
INSERT INTO [dbo].[Detalle_Pedido] (id_detalle, id_pedido, id_variante, cantidad, precio_unitario) VALUES (489, 202, 47, 1, 258.86);
INSERT INTO [dbo].[Detalle_Pedido] (id_detalle, id_pedido, id_variante, cantidad, precio_unitario) VALUES (490, 202, 227, 2, 27.76);
INSERT INTO [dbo].[Detalle_Pedido] (id_detalle, id_pedido, id_variante, cantidad, precio_unitario) VALUES (491, 203, 205, 2, 58.52);
INSERT INTO [dbo].[Detalle_Pedido] (id_detalle, id_pedido, id_variante, cantidad, precio_unitario) VALUES (492, 203, 158, 2, 76.53);
INSERT INTO [dbo].[Detalle_Pedido] (id_detalle, id_pedido, id_variante, cantidad, precio_unitario) VALUES (493, 204, 3, 3, 22.92);
INSERT INTO [dbo].[Detalle_Pedido] (id_detalle, id_pedido, id_variante, cantidad, precio_unitario) VALUES (494, 204, 164, 2, 43.01);
INSERT INTO [dbo].[Detalle_Pedido] (id_detalle, id_pedido, id_variante, cantidad, precio_unitario) VALUES (495, 205, 197, 2, 63.82);
INSERT INTO [dbo].[Detalle_Pedido] (id_detalle, id_pedido, id_variante, cantidad, precio_unitario) VALUES (496, 205, 2, 3, 24.13);
INSERT INTO [dbo].[Detalle_Pedido] (id_detalle, id_pedido, id_variante, cantidad, precio_unitario) VALUES (497, 205, 30, 3, 74.63);
INSERT INTO [dbo].[Detalle_Pedido] (id_detalle, id_pedido, id_variante, cantidad, precio_unitario) VALUES (498, 206, 85, 3, 89.32);
INSERT INTO [dbo].[Detalle_Pedido] (id_detalle, id_pedido, id_variante, cantidad, precio_unitario) VALUES (499, 206, 214, 2, 99.15);
INSERT INTO [dbo].[Detalle_Pedido] (id_detalle, id_pedido, id_variante, cantidad, precio_unitario) VALUES (500, 207, 40, 2, 88.01);
INSERT INTO [dbo].[Detalle_Pedido] (id_detalle, id_pedido, id_variante, cantidad, precio_unitario) VALUES (501, 207, 161, 2, 33.83);
INSERT INTO [dbo].[Detalle_Pedido] (id_detalle, id_pedido, id_variante, cantidad, precio_unitario) VALUES (502, 207, 118, 3, 72.04);
INSERT INTO [dbo].[Detalle_Pedido] (id_detalle, id_pedido, id_variante, cantidad, precio_unitario) VALUES (503, 207, 229, 3, 21.74);
INSERT INTO [dbo].[Detalle_Pedido] (id_detalle, id_pedido, id_variante, cantidad, precio_unitario) VALUES (504, 208, 54, 3, 90.75);
INSERT INTO [dbo].[Detalle_Pedido] (id_detalle, id_pedido, id_variante, cantidad, precio_unitario) VALUES (505, 209, 39, 1, 83.82);
INSERT INTO [dbo].[Detalle_Pedido] (id_detalle, id_pedido, id_variante, cantidad, precio_unitario) VALUES (506, 210, 147, 1, 98.47);
INSERT INTO [dbo].[Detalle_Pedido] (id_detalle, id_pedido, id_variante, cantidad, precio_unitario) VALUES (507, 210, 156, 1, 20.36);
INSERT INTO [dbo].[Detalle_Pedido] (id_detalle, id_pedido, id_variante, cantidad, precio_unitario) VALUES (508, 211, 182, 1, 53.24);
INSERT INTO [dbo].[Detalle_Pedido] (id_detalle, id_pedido, id_variante, cantidad, precio_unitario) VALUES (509, 211, 9, 1, 59.05);
INSERT INTO [dbo].[Detalle_Pedido] (id_detalle, id_pedido, id_variante, cantidad, precio_unitario) VALUES (510, 211, 70, 2, 122.26);
INSERT INTO [dbo].[Detalle_Pedido] (id_detalle, id_pedido, id_variante, cantidad, precio_unitario) VALUES (511, 212, 45, 1, 61.65);
INSERT INTO [dbo].[Detalle_Pedido] (id_detalle, id_pedido, id_variante, cantidad, precio_unitario) VALUES (512, 212, 29, 2, 47.07);
INSERT INTO [dbo].[Detalle_Pedido] (id_detalle, id_pedido, id_variante, cantidad, precio_unitario) VALUES (513, 212, 96, 1, 22.43);
INSERT INTO [dbo].[Detalle_Pedido] (id_detalle, id_pedido, id_variante, cantidad, precio_unitario) VALUES (514, 213, 49, 3, 287.62);
INSERT INTO [dbo].[Detalle_Pedido] (id_detalle, id_pedido, id_variante, cantidad, precio_unitario) VALUES (515, 213, 88, 2, 74.82);
INSERT INTO [dbo].[Detalle_Pedido] (id_detalle, id_pedido, id_variante, cantidad, precio_unitario) VALUES (516, 214, 211, 3, 198.83);
INSERT INTO [dbo].[Detalle_Pedido] (id_detalle, id_pedido, id_variante, cantidad, precio_unitario) VALUES (517, 215, 118, 3, 80.04);
INSERT INTO [dbo].[Detalle_Pedido] (id_detalle, id_pedido, id_variante, cantidad, precio_unitario) VALUES (518, 216, 12, 1, 27.02);
INSERT INTO [dbo].[Detalle_Pedido] (id_detalle, id_pedido, id_variante, cantidad, precio_unitario) VALUES (519, 216, 176, 2, 77.64);
INSERT INTO [dbo].[Detalle_Pedido] (id_detalle, id_pedido, id_variante, cantidad, precio_unitario) VALUES (520, 216, 218, 1, 91.99);
INSERT INTO [dbo].[Detalle_Pedido] (id_detalle, id_pedido, id_variante, cantidad, precio_unitario) VALUES (521, 217, 6, 3, 39.43);
INSERT INTO [dbo].[Detalle_Pedido] (id_detalle, id_pedido, id_variante, cantidad, precio_unitario) VALUES (522, 217, 148, 2, 93.55);
INSERT INTO [dbo].[Detalle_Pedido] (id_detalle, id_pedido, id_variante, cantidad, precio_unitario) VALUES (523, 217, 195, 1, 42.87);
INSERT INTO [dbo].[Detalle_Pedido] (id_detalle, id_pedido, id_variante, cantidad, precio_unitario) VALUES (524, 218, 198, 2, 57.44);
INSERT INTO [dbo].[Detalle_Pedido] (id_detalle, id_pedido, id_variante, cantidad, precio_unitario) VALUES (525, 218, 113, 1, 99.17);
INSERT INTO [dbo].[Detalle_Pedido] (id_detalle, id_pedido, id_variante, cantidad, precio_unitario) VALUES (526, 218, 172, 1, 86.35);
INSERT INTO [dbo].[Detalle_Pedido] (id_detalle, id_pedido, id_variante, cantidad, precio_unitario) VALUES (527, 219, 53, 2, 90.75);
INSERT INTO [dbo].[Detalle_Pedido] (id_detalle, id_pedido, id_variante, cantidad, precio_unitario) VALUES (528, 220, 181, 3, 63.32);
INSERT INTO [dbo].[Detalle_Pedido] (id_detalle, id_pedido, id_variante, cantidad, precio_unitario) VALUES (529, 220, 206, 1, 55.59);
INSERT INTO [dbo].[Detalle_Pedido] (id_detalle, id_pedido, id_variante, cantidad, precio_unitario) VALUES (530, 221, 139, 1, 127.8);
INSERT INTO [dbo].[Detalle_Pedido] (id_detalle, id_pedido, id_variante, cantidad, precio_unitario) VALUES (531, 221, 114, 3, 171.13);
INSERT INTO [dbo].[Detalle_Pedido] (id_detalle, id_pedido, id_variante, cantidad, precio_unitario) VALUES (532, 221, 13, 1, 23.16);
INSERT INTO [dbo].[Detalle_Pedido] (id_detalle, id_pedido, id_variante, cantidad, precio_unitario) VALUES (533, 222, 101, 3, 26.54);
INSERT INTO [dbo].[Detalle_Pedido] (id_detalle, id_pedido, id_variante, cantidad, precio_unitario) VALUES (534, 222, 46, 3, 68.5);
INSERT INTO [dbo].[Detalle_Pedido] (id_detalle, id_pedido, id_variante, cantidad, precio_unitario) VALUES (535, 222, 181, 2, 63.32);
INSERT INTO [dbo].[Detalle_Pedido] (id_detalle, id_pedido, id_variante, cantidad, precio_unitario) VALUES (536, 222, 153, 1, 300.38);
INSERT INTO [dbo].[Detalle_Pedido] (id_detalle, id_pedido, id_variante, cantidad, precio_unitario) VALUES (537, 223, 194, 3, 79.63);
INSERT INTO [dbo].[Detalle_Pedido] (id_detalle, id_pedido, id_variante, cantidad, precio_unitario) VALUES (538, 224, 25, 2, 54.91);
INSERT INTO [dbo].[Detalle_Pedido] (id_detalle, id_pedido, id_variante, cantidad, precio_unitario) VALUES (539, 224, 117, 1, 76.04);
INSERT INTO [dbo].[Detalle_Pedido] (id_detalle, id_pedido, id_variante, cantidad, precio_unitario) VALUES (540, 224, 80, 3, 54.05);
INSERT INTO [dbo].[Detalle_Pedido] (id_detalle, id_pedido, id_variante, cantidad, precio_unitario) VALUES (541, 224, 176, 2, 77.64);
INSERT INTO [dbo].[Detalle_Pedido] (id_detalle, id_pedido, id_variante, cantidad, precio_unitario) VALUES (542, 225, 202, 2, 98.34);
INSERT INTO [dbo].[Detalle_Pedido] (id_detalle, id_pedido, id_variante, cantidad, precio_unitario) VALUES (543, 225, 221, 1, 62.26);
INSERT INTO [dbo].[Detalle_Pedido] (id_detalle, id_pedido, id_variante, cantidad, precio_unitario) VALUES (544, 225, 226, 2, 35.66);
INSERT INTO [dbo].[Detalle_Pedido] (id_detalle, id_pedido, id_variante, cantidad, precio_unitario) VALUES (545, 226, 217, 3, 114.75);
INSERT INTO [dbo].[Detalle_Pedido] (id_detalle, id_pedido, id_variante, cantidad, precio_unitario) VALUES (546, 226, 44, 1, 62.99);
INSERT INTO [dbo].[Detalle_Pedido] (id_detalle, id_pedido, id_variante, cantidad, precio_unitario) VALUES (547, 226, 73, 1, 105.71);
INSERT INTO [dbo].[Detalle_Pedido] (id_detalle, id_pedido, id_variante, cantidad, precio_unitario) VALUES (548, 226, 197, 3, 63.82);
INSERT INTO [dbo].[Detalle_Pedido] (id_detalle, id_pedido, id_variante, cantidad, precio_unitario) VALUES (549, 227, 203, 3, 84.7);
INSERT INTO [dbo].[Detalle_Pedido] (id_detalle, id_pedido, id_variante, cantidad, precio_unitario) VALUES (550, 228, 62, 2, 98.21);
INSERT INTO [dbo].[Detalle_Pedido] (id_detalle, id_pedido, id_variante, cantidad, precio_unitario) VALUES (551, 228, 159, 1, 112.21);
INSERT INTO [dbo].[Detalle_Pedido] (id_detalle, id_pedido, id_variante, cantidad, precio_unitario) VALUES (552, 228, 63, 1, 95.06);
INSERT INTO [dbo].[Detalle_Pedido] (id_detalle, id_pedido, id_variante, cantidad, precio_unitario) VALUES (553, 228, 141, 2, 141.26);
INSERT INTO [dbo].[Detalle_Pedido] (id_detalle, id_pedido, id_variante, cantidad, precio_unitario) VALUES (554, 229, 45, 3, 61.65);
INSERT INTO [dbo].[Detalle_Pedido] (id_detalle, id_pedido, id_variante, cantidad, precio_unitario) VALUES (555, 229, 170, 2, 122.35);
INSERT INTO [dbo].[Detalle_Pedido] (id_detalle, id_pedido, id_variante, cantidad, precio_unitario) VALUES (556, 230, 84, 1, 76.77);
INSERT INTO [dbo].[Detalle_Pedido] (id_detalle, id_pedido, id_variante, cantidad, precio_unitario) VALUES (557, 230, 143, 2, 68.07);
INSERT INTO [dbo].[Detalle_Pedido] (id_detalle, id_pedido, id_variante, cantidad, precio_unitario) VALUES (558, 230, 25, 3, 49.42);
INSERT INTO [dbo].[Detalle_Pedido] (id_detalle, id_pedido, id_variante, cantidad, precio_unitario) VALUES (559, 230, 211, 3, 170.42);
INSERT INTO [dbo].[Detalle_Pedido] (id_detalle, id_pedido, id_variante, cantidad, precio_unitario) VALUES (560, 231, 127, 1, 313.95);
INSERT INTO [dbo].[Detalle_Pedido] (id_detalle, id_pedido, id_variante, cantidad, precio_unitario) VALUES (561, 231, 166, 1, 40.86);
INSERT INTO [dbo].[Detalle_Pedido] (id_detalle, id_pedido, id_variante, cantidad, precio_unitario) VALUES (562, 231, 170, 3, 122.35);
INSERT INTO [dbo].[Detalle_Pedido] (id_detalle, id_pedido, id_variante, cantidad, precio_unitario) VALUES (563, 232, 116, 2, 80.04);
INSERT INTO [dbo].[Detalle_Pedido] (id_detalle, id_pedido, id_variante, cantidad, precio_unitario) VALUES (564, 232, 137, 3, 28.48);
INSERT INTO [dbo].[Detalle_Pedido] (id_detalle, id_pedido, id_variante, cantidad, precio_unitario) VALUES (565, 233, 77, 2, 116.26);
INSERT INTO [dbo].[Detalle_Pedido] (id_detalle, id_pedido, id_variante, cantidad, precio_unitario) VALUES (566, 233, 146, 1, 102.08);
INSERT INTO [dbo].[Detalle_Pedido] (id_detalle, id_pedido, id_variante, cantidad, precio_unitario) VALUES (567, 233, 204, 1, 61.45);
INSERT INTO [dbo].[Detalle_Pedido] (id_detalle, id_pedido, id_variante, cantidad, precio_unitario) VALUES (568, 234, 219, 2, 91.99);
INSERT INTO [dbo].[Detalle_Pedido] (id_detalle, id_pedido, id_variante, cantidad, precio_unitario) VALUES (569, 234, 76, 1, 122.07);
INSERT INTO [dbo].[Detalle_Pedido] (id_detalle, id_pedido, id_variante, cantidad, precio_unitario) VALUES (570, 235, 29, 1, 47.07);
INSERT INTO [dbo].[Detalle_Pedido] (id_detalle, id_pedido, id_variante, cantidad, precio_unitario) VALUES (571, 235, 221, 3, 62.26);
INSERT INTO [dbo].[Detalle_Pedido] (id_detalle, id_pedido, id_variante, cantidad, precio_unitario) VALUES (572, 235, 73, 2, 105.71);
INSERT INTO [dbo].[Detalle_Pedido] (id_detalle, id_pedido, id_variante, cantidad, precio_unitario) VALUES (573, 236, 98, 2, 33.22);
INSERT INTO [dbo].[Detalle_Pedido] (id_detalle, id_pedido, id_variante, cantidad, precio_unitario) VALUES (574, 236, 112, 1, 99.17);
INSERT INTO [dbo].[Detalle_Pedido] (id_detalle, id_pedido, id_variante, cantidad, precio_unitario) VALUES (575, 236, 140, 2, 141.26);
INSERT INTO [dbo].[Detalle_Pedido] (id_detalle, id_pedido, id_variante, cantidad, precio_unitario) VALUES (576, 236, 55, 2, 83.47);
INSERT INTO [dbo].[Detalle_Pedido] (id_detalle, id_pedido, id_variante, cantidad, precio_unitario) VALUES (577, 237, 35, 3, 117.29);
INSERT INTO [dbo].[Detalle_Pedido] (id_detalle, id_pedido, id_variante, cantidad, precio_unitario) VALUES (578, 237, 3, 1, 21.72);
INSERT INTO [dbo].[Detalle_Pedido] (id_detalle, id_pedido, id_variante, cantidad, precio_unitario) VALUES (579, 238, 35, 2, 130.32);
INSERT INTO [dbo].[Detalle_Pedido] (id_detalle, id_pedido, id_variante, cantidad, precio_unitario) VALUES (580, 238, 22, 2, 113.37);
INSERT INTO [dbo].[Detalle_Pedido] (id_detalle, id_pedido, id_variante, cantidad, precio_unitario) VALUES (581, 238, 36, 1, 136.84);
INSERT INTO [dbo].[Detalle_Pedido] (id_detalle, id_pedido, id_variante, cantidad, precio_unitario) VALUES (582, 238, 165, 3, 43.01);
INSERT INTO [dbo].[Detalle_Pedido] (id_detalle, id_pedido, id_variante, cantidad, precio_unitario) VALUES (583, 239, 58, 1, 122.9);
INSERT INTO [dbo].[Detalle_Pedido] (id_detalle, id_pedido, id_variante, cantidad, precio_unitario) VALUES (584, 239, 48, 2, 302.0);
INSERT INTO [dbo].[Detalle_Pedido] (id_detalle, id_pedido, id_variante, cantidad, precio_unitario) VALUES (585, 239, 109, 3, 260.67);
INSERT INTO [dbo].[Detalle_Pedido] (id_detalle, id_pedido, id_variante, cantidad, precio_unitario) VALUES (586, 240, 9, 3, 59.05);
INSERT INTO [dbo].[Detalle_Pedido] (id_detalle, id_pedido, id_variante, cantidad, precio_unitario) VALUES (587, 240, 10, 1, 88.3);
INSERT INTO [dbo].[Detalle_Pedido] (id_detalle, id_pedido, id_variante, cantidad, precio_unitario) VALUES (588, 240, 146, 2, 107.18);
INSERT INTO [dbo].[Detalle_Pedido] (id_detalle, id_pedido, id_variante, cantidad, precio_unitario) VALUES (589, 241, 120, 3, 50.63);
INSERT INTO [dbo].[Detalle_Pedido] (id_detalle, id_pedido, id_variante, cantidad, precio_unitario) VALUES (590, 241, 133, 1, 28.4);
INSERT INTO [dbo].[Detalle_Pedido] (id_detalle, id_pedido, id_variante, cantidad, precio_unitario) VALUES (591, 241, 21, 3, 107.97);
INSERT INTO [dbo].[Detalle_Pedido] (id_detalle, id_pedido, id_variante, cantidad, precio_unitario) VALUES (592, 242, 176, 3, 81.52);
INSERT INTO [dbo].[Detalle_Pedido] (id_detalle, id_pedido, id_variante, cantidad, precio_unitario) VALUES (593, 243, 137, 2, 27.12);
INSERT INTO [dbo].[Detalle_Pedido] (id_detalle, id_pedido, id_variante, cantidad, precio_unitario) VALUES (594, 243, 200, 2, 103.26);
INSERT INTO [dbo].[Detalle_Pedido] (id_detalle, id_pedido, id_variante, cantidad, precio_unitario) VALUES (595, 243, 3, 3, 25.34);
INSERT INTO [dbo].[Detalle_Pedido] (id_detalle, id_pedido, id_variante, cantidad, precio_unitario) VALUES (596, 244, 75, 3, 120.14);
INSERT INTO [dbo].[Detalle_Pedido] (id_detalle, id_pedido, id_variante, cantidad, precio_unitario) VALUES (597, 244, 43, 3, 29.66);
INSERT INTO [dbo].[Detalle_Pedido] (id_detalle, id_pedido, id_variante, cantidad, precio_unitario) VALUES (598, 244, 10, 2, 92.72);
INSERT INTO [dbo].[Detalle_Pedido] (id_detalle, id_pedido, id_variante, cantidad, precio_unitario) VALUES (599, 245, 147, 3, 98.47);
INSERT INTO [dbo].[Detalle_Pedido] (id_detalle, id_pedido, id_variante, cantidad, precio_unitario) VALUES (600, 245, 14, 1, 27.02);
INSERT INTO [dbo].[Detalle_Pedido] (id_detalle, id_pedido, id_variante, cantidad, precio_unitario) VALUES (601, 246, 130, 2, 89.74);
INSERT INTO [dbo].[Detalle_Pedido] (id_detalle, id_pedido, id_variante, cantidad, precio_unitario) VALUES (602, 246, 20, 3, 324.83);
INSERT INTO [dbo].[Detalle_Pedido] (id_detalle, id_pedido, id_variante, cantidad, precio_unitario) VALUES (603, 247, 190, 3, 225.06);
INSERT INTO [dbo].[Detalle_Pedido] (id_detalle, id_pedido, id_variante, cantidad, precio_unitario) VALUES (604, 248, 169, 1, 17.48);
INSERT INTO [dbo].[Detalle_Pedido] (id_detalle, id_pedido, id_variante, cantidad, precio_unitario) VALUES (605, 248, 115, 3, 171.13);
INSERT INTO [dbo].[Detalle_Pedido] (id_detalle, id_pedido, id_variante, cantidad, precio_unitario) VALUES (606, 249, 88, 1, 64.13);
INSERT INTO [dbo].[Detalle_Pedido] (id_detalle, id_pedido, id_variante, cantidad, precio_unitario) VALUES (607, 250, 193, 3, 75.65);
INSERT INTO [dbo].[Detalle_Pedido] (id_detalle, id_pedido, id_variante, cantidad, precio_unitario) VALUES (608, 250, 106, 3, 176.9);
INSERT INTO [dbo].[Detalle_Pedido] (id_detalle, id_pedido, id_variante, cantidad, precio_unitario) VALUES (609, 250, 198, 1, 60.63);
INSERT INTO [dbo].[Detalle_Pedido] (id_detalle, id_pedido, id_variante, cantidad, precio_unitario) VALUES (610, 250, 99, 3, 26.54);
INSERT INTO [dbo].[Detalle_Pedido] (id_detalle, id_pedido, id_variante, cantidad, precio_unitario) VALUES (611, 251, 194, 1, 71.67);
INSERT INTO [dbo].[Detalle_Pedido] (id_detalle, id_pedido, id_variante, cantidad, precio_unitario) VALUES (612, 251, 210, 2, 108.73);
INSERT INTO [dbo].[Detalle_Pedido] (id_detalle, id_pedido, id_variante, cantidad, precio_unitario) VALUES (613, 251, 30, 2, 71.08);
INSERT INTO [dbo].[Detalle_Pedido] (id_detalle, id_pedido, id_variante, cantidad, precio_unitario) VALUES (614, 252, 98, 2, 34.97);
INSERT INTO [dbo].[Detalle_Pedido] (id_detalle, id_pedido, id_variante, cantidad, precio_unitario) VALUES (615, 252, 175, 1, 77.64);
INSERT INTO [dbo].[Detalle_Pedido] (id_detalle, id_pedido, id_variante, cantidad, precio_unitario) VALUES (616, 253, 74, 2, 114.42);
INSERT INTO [dbo].[Detalle_Pedido] (id_detalle, id_pedido, id_variante, cantidad, precio_unitario) VALUES (617, 254, 25, 3, 57.66);
INSERT INTO [dbo].[Detalle_Pedido] (id_detalle, id_pedido, id_variante, cantidad, precio_unitario) VALUES (618, 255, 86, 2, 80.39);
INSERT INTO [dbo].[Detalle_Pedido] (id_detalle, id_pedido, id_variante, cantidad, precio_unitario) VALUES (619, 255, 70, 2, 128.37);
INSERT INTO [dbo].[Detalle_Pedido] (id_detalle, id_pedido, id_variante, cantidad, precio_unitario) VALUES (620, 255, 69, 3, 122.26);
INSERT INTO [dbo].[Detalle_Pedido] (id_detalle, id_pedido, id_variante, cantidad, precio_unitario) VALUES (621, 256, 134, 2, 15.03);
INSERT INTO [dbo].[Detalle_Pedido] (id_detalle, id_pedido, id_variante, cantidad, precio_unitario) VALUES (622, 256, 87, 1, 74.82);
INSERT INTO [dbo].[Detalle_Pedido] (id_detalle, id_pedido, id_variante, cantidad, precio_unitario) VALUES (623, 257, 106, 3, 159.21);
INSERT INTO [dbo].[Detalle_Pedido] (id_detalle, id_pedido, id_variante, cantidad, precio_unitario) VALUES (624, 258, 57, 1, 83.47);
INSERT INTO [dbo].[Detalle_Pedido] (id_detalle, id_pedido, id_variante, cantidad, precio_unitario) VALUES (625, 258, 186, 1, 224.12);
INSERT INTO [dbo].[Detalle_Pedido] (id_detalle, id_pedido, id_variante, cantidad, precio_unitario) VALUES (626, 258, 73, 1, 105.71);
INSERT INTO [dbo].[Detalle_Pedido] (id_detalle, id_pedido, id_variante, cantidad, precio_unitario) VALUES (627, 259, 154, 3, 270.34);
INSERT INTO [dbo].[Detalle_Pedido] (id_detalle, id_pedido, id_variante, cantidad, precio_unitario) VALUES (628, 259, 164, 1, 38.71);
INSERT INTO [dbo].[Detalle_Pedido] (id_detalle, id_pedido, id_variante, cantidad, precio_unitario) VALUES (629, 260, 230, 2, 20.65);
INSERT INTO [dbo].[Detalle_Pedido] (id_detalle, id_pedido, id_variante, cantidad, precio_unitario) VALUES (630, 260, 29, 2, 52.3);
INSERT INTO [dbo].[Detalle_Pedido] (id_detalle, id_pedido, id_variante, cantidad, precio_unitario) VALUES (631, 261, 71, 2, 122.26);
INSERT INTO [dbo].[Detalle_Pedido] (id_detalle, id_pedido, id_variante, cantidad, precio_unitario) VALUES (632, 261, 197, 1, 60.63);
INSERT INTO [dbo].[Detalle_Pedido] (id_detalle, id_pedido, id_variante, cantidad, precio_unitario) VALUES (633, 261, 110, 1, 325.82);
INSERT INTO [dbo].[Detalle_Pedido] (id_detalle, id_pedido, id_variante, cantidad, precio_unitario) VALUES (634, 261, 178, 2, 118.34);
INSERT INTO [dbo].[Detalle_Pedido] (id_detalle, id_pedido, id_variante, cantidad, precio_unitario) VALUES (635, 262, 46, 1, 68.5);
INSERT INTO [dbo].[Detalle_Pedido] (id_detalle, id_pedido, id_variante, cantidad, precio_unitario) VALUES (636, 262, 113, 2, 109.61);
INSERT INTO [dbo].[Detalle_Pedido] (id_detalle, id_pedido, id_variante, cantidad, precio_unitario) VALUES (637, 262, 18, 3, 324.83);
INSERT INTO [dbo].[Detalle_Pedido] (id_detalle, id_pedido, id_variante, cantidad, precio_unitario) VALUES (638, 263, 56, 3, 83.47);
INSERT INTO [dbo].[Detalle_Pedido] (id_detalle, id_pedido, id_variante, cantidad, precio_unitario) VALUES (639, 263, 158, 1, 85.03);
INSERT INTO [dbo].[Detalle_Pedido] (id_detalle, id_pedido, id_variante, cantidad, precio_unitario) VALUES (640, 263, 165, 1, 38.71);
INSERT INTO [dbo].[Detalle_Pedido] (id_detalle, id_pedido, id_variante, cantidad, precio_unitario) VALUES (641, 263, 28, 3, 47.07);
INSERT INTO [dbo].[Detalle_Pedido] (id_detalle, id_pedido, id_variante, cantidad, precio_unitario) VALUES (642, 264, 230, 1, 21.74);
INSERT INTO [dbo].[Detalle_Pedido] (id_detalle, id_pedido, id_variante, cantidad, precio_unitario) VALUES (643, 265, 171, 2, 116.52);
INSERT INTO [dbo].[Detalle_Pedido] (id_detalle, id_pedido, id_variante, cantidad, precio_unitario) VALUES (644, 266, 148, 2, 98.47);
INSERT INTO [dbo].[Detalle_Pedido] (id_detalle, id_pedido, id_variante, cantidad, precio_unitario) VALUES (645, 266, 1, 2, 40.71);
INSERT INTO [dbo].[Detalle_Pedido] (id_detalle, id_pedido, id_variante, cantidad, precio_unitario) VALUES (646, 266, 132, 3, 28.4);
INSERT INTO [dbo].[Detalle_Pedido] (id_detalle, id_pedido, id_variante, cantidad, precio_unitario) VALUES (647, 266, 182, 1, 50.58);
INSERT INTO [dbo].[Detalle_Pedido] (id_detalle, id_pedido, id_variante, cantidad, precio_unitario) VALUES (648, 267, 146, 2, 107.18);
INSERT INTO [dbo].[Detalle_Pedido] (id_detalle, id_pedido, id_variante, cantidad, precio_unitario) VALUES (649, 268, 15, 3, 42.77);
INSERT INTO [dbo].[Detalle_Pedido] (id_detalle, id_pedido, id_variante, cantidad, precio_unitario) VALUES (650, 268, 162, 1, 33.83);
INSERT INTO [dbo].[Detalle_Pedido] (id_detalle, id_pedido, id_variante, cantidad, precio_unitario) VALUES (651, 268, 166, 2, 43.01);
INSERT INTO [dbo].[Detalle_Pedido] (id_detalle, id_pedido, id_variante, cantidad, precio_unitario) VALUES (652, 268, 24, 1, 18.82);
INSERT INTO [dbo].[Detalle_Pedido] (id_detalle, id_pedido, id_variante, cantidad, precio_unitario) VALUES (653, 269, 77, 1, 116.26);
INSERT INTO [dbo].[Detalle_Pedido] (id_detalle, id_pedido, id_variante, cantidad, precio_unitario) VALUES (654, 269, 179, 2, 118.34);
INSERT INTO [dbo].[Detalle_Pedido] (id_detalle, id_pedido, id_variante, cantidad, precio_unitario) VALUES (655, 270, 189, 1, 237.57);
INSERT INTO [dbo].[Detalle_Pedido] (id_detalle, id_pedido, id_variante, cantidad, precio_unitario) VALUES (656, 270, 49, 1, 302.0);
INSERT INTO [dbo].[Detalle_Pedido] (id_detalle, id_pedido, id_variante, cantidad, precio_unitario) VALUES (657, 270, 36, 2, 130.32);
INSERT INTO [dbo].[Detalle_Pedido] (id_detalle, id_pedido, id_variante, cantidad, precio_unitario) VALUES (658, 270, 10, 3, 79.47);
INSERT INTO [dbo].[Detalle_Pedido] (id_detalle, id_pedido, id_variante, cantidad, precio_unitario) VALUES (659, 271, 5, 3, 39.43);
INSERT INTO [dbo].[Detalle_Pedido] (id_detalle, id_pedido, id_variante, cantidad, precio_unitario) VALUES (660, 271, 10, 2, 79.47);
INSERT INTO [dbo].[Detalle_Pedido] (id_detalle, id_pedido, id_variante, cantidad, precio_unitario) VALUES (661, 271, 87, 1, 64.13);
INSERT INTO [dbo].[Detalle_Pedido] (id_detalle, id_pedido, id_variante, cantidad, precio_unitario) VALUES (662, 271, 15, 2, 44.91);
INSERT INTO [dbo].[Detalle_Pedido] (id_detalle, id_pedido, id_variante, cantidad, precio_unitario) VALUES (663, 272, 190, 1, 237.57);
INSERT INTO [dbo].[Detalle_Pedido] (id_detalle, id_pedido, id_variante, cantidad, precio_unitario) VALUES (664, 272, 149, 3, 88.62);
INSERT INTO [dbo].[Detalle_Pedido] (id_detalle, id_pedido, id_variante, cantidad, precio_unitario) VALUES (665, 273, 121, 1, 50.63);
INSERT INTO [dbo].[Detalle_Pedido] (id_detalle, id_pedido, id_variante, cantidad, precio_unitario) VALUES (666, 274, 4, 2, 21.72);
INSERT INTO [dbo].[Detalle_Pedido] (id_detalle, id_pedido, id_variante, cantidad, precio_unitario) VALUES (667, 274, 45, 2, 61.65);
INSERT INTO [dbo].[Detalle_Pedido] (id_detalle, id_pedido, id_variante, cantidad, precio_unitario) VALUES (668, 275, 210, 1, 97.86);
INSERT INTO [dbo].[Detalle_Pedido] (id_detalle, id_pedido, id_variante, cantidad, precio_unitario) VALUES (669, 276, 17, 2, 40.63);
INSERT INTO [dbo].[Detalle_Pedido] (id_detalle, id_pedido, id_variante, cantidad, precio_unitario) VALUES (670, 276, 206, 3, 58.52);
INSERT INTO [dbo].[Detalle_Pedido] (id_detalle, id_pedido, id_variante, cantidad, precio_unitario) VALUES (671, 277, 176, 3, 81.52);
INSERT INTO [dbo].[Detalle_Pedido] (id_detalle, id_pedido, id_variante, cantidad, precio_unitario) VALUES (672, 278, 152, 2, 15.22);
INSERT INTO [dbo].[Detalle_Pedido] (id_detalle, id_pedido, id_variante, cantidad, precio_unitario) VALUES (673, 279, 194, 3, 75.65);
INSERT INTO [dbo].[Detalle_Pedido] (id_detalle, id_pedido, id_variante, cantidad, precio_unitario) VALUES (674, 279, 107, 3, 46.15);
INSERT INTO [dbo].[Detalle_Pedido] (id_detalle, id_pedido, id_variante, cantidad, precio_unitario) VALUES (675, 280, 35, 3, 117.29);
INSERT INTO [dbo].[Detalle_Pedido] (id_detalle, id_pedido, id_variante, cantidad, precio_unitario) VALUES (676, 281, 226, 1, 39.62);
INSERT INTO [dbo].[Detalle_Pedido] (id_detalle, id_pedido, id_variante, cantidad, precio_unitario) VALUES (677, 282, 181, 2, 66.49);
INSERT INTO [dbo].[Detalle_Pedido] (id_detalle, id_pedido, id_variante, cantidad, precio_unitario) VALUES (678, 283, 53, 3, 86.43);
INSERT INTO [dbo].[Detalle_Pedido] (id_detalle, id_pedido, id_variante, cantidad, precio_unitario) VALUES (679, 283, 37, 2, 130.32);
INSERT INTO [dbo].[Detalle_Pedido] (id_detalle, id_pedido, id_variante, cantidad, precio_unitario) VALUES (680, 284, 153, 3, 285.36);
INSERT INTO [dbo].[Detalle_Pedido] (id_detalle, id_pedido, id_variante, cantidad, precio_unitario) VALUES (681, 285, 90, 1, 75.2);
INSERT INTO [dbo].[Detalle_Pedido] (id_detalle, id_pedido, id_variante, cantidad, precio_unitario) VALUES (682, 285, 108, 1, 260.67);
INSERT INTO [dbo].[Detalle_Pedido] (id_detalle, id_pedido, id_variante, cantidad, precio_unitario) VALUES (683, 285, 2, 1, 25.34);
INSERT INTO [dbo].[Detalle_Pedido] (id_detalle, id_pedido, id_variante, cantidad, precio_unitario) VALUES (684, 286, 119, 2, 45.81);
INSERT INTO [dbo].[Detalle_Pedido] (id_detalle, id_pedido, id_variante, cantidad, precio_unitario) VALUES (685, 286, 198, 1, 57.44);
INSERT INTO [dbo].[Detalle_Pedido] (id_detalle, id_pedido, id_variante, cantidad, precio_unitario) VALUES (686, 287, 128, 1, 313.95);
INSERT INTO [dbo].[Detalle_Pedido] (id_detalle, id_pedido, id_variante, cantidad, precio_unitario) VALUES (687, 287, 46, 2, 68.5);
INSERT INTO [dbo].[Detalle_Pedido] (id_detalle, id_pedido, id_variante, cantidad, precio_unitario) VALUES (688, 287, 41, 2, 28.18);
INSERT INTO [dbo].[Detalle_Pedido] (id_detalle, id_pedido, id_variante, cantidad, precio_unitario) VALUES (689, 287, 172, 2, 86.35);
INSERT INTO [dbo].[Detalle_Pedido] (id_detalle, id_pedido, id_variante, cantidad, precio_unitario) VALUES (690, 288, 27, 3, 47.07);
INSERT INTO [dbo].[Detalle_Pedido] (id_detalle, id_pedido, id_variante, cantidad, precio_unitario) VALUES (691, 289, 132, 3, 29.98);
INSERT INTO [dbo].[Detalle_Pedido] (id_detalle, id_pedido, id_variante, cantidad, precio_unitario) VALUES (692, 289, 30, 3, 71.08);
INSERT INTO [dbo].[Detalle_Pedido] (id_detalle, id_pedido, id_variante, cantidad, precio_unitario) VALUES (693, 289, 19, 2, 359.03);
INSERT INTO [dbo].[Detalle_Pedido] (id_detalle, id_pedido, id_variante, cantidad, precio_unitario) VALUES (694, 289, 230, 1, 21.74);
INSERT INTO [dbo].[Detalle_Pedido] (id_detalle, id_pedido, id_variante, cantidad, precio_unitario) VALUES (695, 290, 200, 1, 98.34);
INSERT INTO [dbo].[Detalle_Pedido] (id_detalle, id_pedido, id_variante, cantidad, precio_unitario) VALUES (696, 290, 29, 1, 47.07);
INSERT INTO [dbo].[Detalle_Pedido] (id_detalle, id_pedido, id_variante, cantidad, precio_unitario) VALUES (697, 291, 229, 2, 22.83);
INSERT INTO [dbo].[Detalle_Pedido] (id_detalle, id_pedido, id_variante, cantidad, precio_unitario) VALUES (698, 291, 57, 2, 75.12);
INSERT INTO [dbo].[Detalle_Pedido] (id_detalle, id_pedido, id_variante, cantidad, precio_unitario) VALUES (699, 291, 19, 1, 324.83);
INSERT INTO [dbo].[Detalle_Pedido] (id_detalle, id_pedido, id_variante, cantidad, precio_unitario) VALUES (700, 291, 121, 2, 50.63);
INSERT INTO [dbo].[Detalle_Pedido] (id_detalle, id_pedido, id_variante, cantidad, precio_unitario) VALUES (701, 292, 118, 3, 76.04);
INSERT INTO [dbo].[Detalle_Pedido] (id_detalle, id_pedido, id_variante, cantidad, precio_unitario) VALUES (702, 292, 185, 2, 249.02);
INSERT INTO [dbo].[Detalle_Pedido] (id_detalle, id_pedido, id_variante, cantidad, precio_unitario) VALUES (703, 293, 178, 1, 124.26);
INSERT INTO [dbo].[Detalle_Pedido] (id_detalle, id_pedido, id_variante, cantidad, precio_unitario) VALUES (704, 294, 118, 1, 80.04);
INSERT INTO [dbo].[Detalle_Pedido] (id_detalle, id_pedido, id_variante, cantidad, precio_unitario) VALUES (705, 294, 108, 3, 274.39);
INSERT INTO [dbo].[Detalle_Pedido] (id_detalle, id_pedido, id_variante, cantidad, precio_unitario) VALUES (706, 294, 44, 3, 56.99);
INSERT INTO [dbo].[Detalle_Pedido] (id_detalle, id_pedido, id_variante, cantidad, precio_unitario) VALUES (707, 294, 195, 1, 47.39);
INSERT INTO [dbo].[Detalle_Pedido] (id_detalle, id_pedido, id_variante, cantidad, precio_unitario) VALUES (708, 295, 106, 2, 185.75);
INSERT INTO [dbo].[Detalle_Pedido] (id_detalle, id_pedido, id_variante, cantidad, precio_unitario) VALUES (709, 296, 72, 1, 95.65);
INSERT INTO [dbo].[Detalle_Pedido] (id_detalle, id_pedido, id_variante, cantidad, precio_unitario) VALUES (710, 296, 4, 2, 24.13);
INSERT INTO [dbo].[Detalle_Pedido] (id_detalle, id_pedido, id_variante, cantidad, precio_unitario) VALUES (711, 296, 187, 1, 261.47);
INSERT INTO [dbo].[Detalle_Pedido] (id_detalle, id_pedido, id_variante, cantidad, precio_unitario) VALUES (712, 296, 110, 1, 342.11);
INSERT INTO [dbo].[Detalle_Pedido] (id_detalle, id_pedido, id_variante, cantidad, precio_unitario) VALUES (713, 297, 12, 1, 27.02);
INSERT INTO [dbo].[Detalle_Pedido] (id_detalle, id_pedido, id_variante, cantidad, precio_unitario) VALUES (714, 297, 11, 3, 88.3);
INSERT INTO [dbo].[Detalle_Pedido] (id_detalle, id_pedido, id_variante, cantidad, precio_unitario) VALUES (715, 297, 121, 2, 48.22);
INSERT INTO [dbo].[Detalle_Pedido] (id_detalle, id_pedido, id_variante, cantidad, precio_unitario) VALUES (716, 297, 188, 2, 225.06);
INSERT INTO [dbo].[Detalle_Pedido] (id_detalle, id_pedido, id_variante, cantidad, precio_unitario) VALUES (717, 298, 178, 1, 118.34);
INSERT INTO [dbo].[Detalle_Pedido] (id_detalle, id_pedido, id_variante, cantidad, precio_unitario) VALUES (718, 299, 166, 2, 38.71);
INSERT INTO [dbo].[Detalle_Pedido] (id_detalle, id_pedido, id_variante, cantidad, precio_unitario) VALUES (719, 299, 24, 1, 19.81);
INSERT INTO [dbo].[Detalle_Pedido] (id_detalle, id_pedido, id_variante, cantidad, precio_unitario) VALUES (720, 300, 117, 1, 80.04);
SET IDENTITY_INSERT [dbo].[Detalle_Pedido] OFF;
GO

PRINT 'Insertando Órdenes de Compra y sus Detalles...';
SET IDENTITY_INSERT [dbo].[Orden_Compra] ON;
INSERT INTO [dbo].[Orden_Compra] (id_orden_compra, id_proveedor, fecha_emision, estado, costo_total) VALUES (1, 7, '2026-05-11 22:23:59', 'Enviado', 4651.53);
INSERT INTO [dbo].[Orden_Compra] (id_orden_compra, id_proveedor, fecha_emision, estado, costo_total) VALUES (2, 2, '2026-01-20 22:23:59', 'Enviado', 631.77);
INSERT INTO [dbo].[Orden_Compra] (id_orden_compra, id_proveedor, fecha_emision, estado, costo_total) VALUES (3, 8, '2026-01-20 22:23:59', 'Pendiente', 4171.18);
INSERT INTO [dbo].[Orden_Compra] (id_orden_compra, id_proveedor, fecha_emision, estado, costo_total) VALUES (4, 8, '2026-01-30 22:23:59', 'Entregado', 2973.78);
INSERT INTO [dbo].[Orden_Compra] (id_orden_compra, id_proveedor, fecha_emision, estado, costo_total) VALUES (5, 1, '2026-06-11 22:23:59', 'Enviado', 13062.44);
INSERT INTO [dbo].[Orden_Compra] (id_orden_compra, id_proveedor, fecha_emision, estado, costo_total) VALUES (6, 4, '2026-03-02 22:23:59', 'Pendiente', 496.01);
INSERT INTO [dbo].[Orden_Compra] (id_orden_compra, id_proveedor, fecha_emision, estado, costo_total) VALUES (7, 2, '2026-05-21 22:23:59', 'Enviado', 3172.41);
INSERT INTO [dbo].[Orden_Compra] (id_orden_compra, id_proveedor, fecha_emision, estado, costo_total) VALUES (8, 6, '2026-03-12 22:23:59', 'Enviado', 9656.72);
INSERT INTO [dbo].[Orden_Compra] (id_orden_compra, id_proveedor, fecha_emision, estado, costo_total) VALUES (9, 6, '2026-03-14 22:23:59', 'Entregado', 5389.59);
INSERT INTO [dbo].[Orden_Compra] (id_orden_compra, id_proveedor, fecha_emision, estado, costo_total) VALUES (10, 3, '2026-04-22 22:23:59', 'Pendiente', 4819.36);
INSERT INTO [dbo].[Orden_Compra] (id_orden_compra, id_proveedor, fecha_emision, estado, costo_total) VALUES (11, 3, '2026-05-17 22:23:59', 'Pendiente', 2953.38);
INSERT INTO [dbo].[Orden_Compra] (id_orden_compra, id_proveedor, fecha_emision, estado, costo_total) VALUES (12, 4, '2026-02-04 22:23:59', 'Entregado', 3480.79);
INSERT INTO [dbo].[Orden_Compra] (id_orden_compra, id_proveedor, fecha_emision, estado, costo_total) VALUES (13, 3, '2026-02-11 22:23:59', 'Enviado', 1437.98);
INSERT INTO [dbo].[Orden_Compra] (id_orden_compra, id_proveedor, fecha_emision, estado, costo_total) VALUES (14, 3, '2026-06-26 22:23:59', 'Entregado', 6427.96);
INSERT INTO [dbo].[Orden_Compra] (id_orden_compra, id_proveedor, fecha_emision, estado, costo_total) VALUES (15, 8, '2026-06-17 22:23:59', 'Pendiente', 1314.09);
INSERT INTO [dbo].[Orden_Compra] (id_orden_compra, id_proveedor, fecha_emision, estado, costo_total) VALUES (16, 6, '2026-06-13 22:23:59', 'Entregado', 2339.08);
INSERT INTO [dbo].[Orden_Compra] (id_orden_compra, id_proveedor, fecha_emision, estado, costo_total) VALUES (17, 2, '2026-02-16 22:23:59', 'Enviado', 2651.46);
INSERT INTO [dbo].[Orden_Compra] (id_orden_compra, id_proveedor, fecha_emision, estado, costo_total) VALUES (18, 6, '2026-03-21 22:23:59', 'Enviado', 2902.93);
INSERT INTO [dbo].[Orden_Compra] (id_orden_compra, id_proveedor, fecha_emision, estado, costo_total) VALUES (19, 4, '2026-03-06 22:23:59', 'Entregado', 10013.48);
INSERT INTO [dbo].[Orden_Compra] (id_orden_compra, id_proveedor, fecha_emision, estado, costo_total) VALUES (20, 9, '2026-04-03 22:23:59', 'Pendiente', 6836.7);
INSERT INTO [dbo].[Orden_Compra] (id_orden_compra, id_proveedor, fecha_emision, estado, costo_total) VALUES (21, 1, '2026-04-11 22:23:59', 'Entregado', 12917.28);
INSERT INTO [dbo].[Orden_Compra] (id_orden_compra, id_proveedor, fecha_emision, estado, costo_total) VALUES (22, 7, '2026-05-13 22:23:59', 'Enviado', 4170.23);
INSERT INTO [dbo].[Orden_Compra] (id_orden_compra, id_proveedor, fecha_emision, estado, costo_total) VALUES (23, 7, '2026-04-22 22:23:59', 'Entregado', 4140.46);
INSERT INTO [dbo].[Orden_Compra] (id_orden_compra, id_proveedor, fecha_emision, estado, costo_total) VALUES (24, 5, '2026-03-27 22:23:59', 'Enviado', 4591.06);
INSERT INTO [dbo].[Orden_Compra] (id_orden_compra, id_proveedor, fecha_emision, estado, costo_total) VALUES (25, 9, '2026-04-06 22:23:59', 'Enviado', 9245.0);
INSERT INTO [dbo].[Orden_Compra] (id_orden_compra, id_proveedor, fecha_emision, estado, costo_total) VALUES (26, 7, '2026-04-01 22:23:59', 'Pendiente', 3588.88);
INSERT INTO [dbo].[Orden_Compra] (id_orden_compra, id_proveedor, fecha_emision, estado, costo_total) VALUES (27, 10, '2026-02-13 22:23:59', 'Entregado', 1120.44);
INSERT INTO [dbo].[Orden_Compra] (id_orden_compra, id_proveedor, fecha_emision, estado, costo_total) VALUES (28, 8, '2026-03-30 22:23:59', 'Enviado', 9026.31);
INSERT INTO [dbo].[Orden_Compra] (id_orden_compra, id_proveedor, fecha_emision, estado, costo_total) VALUES (29, 4, '2026-05-26 22:23:59', 'Entregado', 4750.92);
INSERT INTO [dbo].[Orden_Compra] (id_orden_compra, id_proveedor, fecha_emision, estado, costo_total) VALUES (30, 2, '2026-06-23 22:23:59', 'Enviado', 4675.93);
INSERT INTO [dbo].[Orden_Compra] (id_orden_compra, id_proveedor, fecha_emision, estado, costo_total) VALUES (31, 10, '2026-05-06 22:23:59', 'Entregado', 5905.17);
INSERT INTO [dbo].[Orden_Compra] (id_orden_compra, id_proveedor, fecha_emision, estado, costo_total) VALUES (32, 6, '2026-05-17 22:23:59', 'Entregado', 9144.81);
INSERT INTO [dbo].[Orden_Compra] (id_orden_compra, id_proveedor, fecha_emision, estado, costo_total) VALUES (33, 5, '2026-05-15 22:23:59', 'Entregado', 8634.68);
INSERT INTO [dbo].[Orden_Compra] (id_orden_compra, id_proveedor, fecha_emision, estado, costo_total) VALUES (34, 6, '2026-01-28 22:23:59', 'Pendiente', 10581.36);
INSERT INTO [dbo].[Orden_Compra] (id_orden_compra, id_proveedor, fecha_emision, estado, costo_total) VALUES (35, 6, '2026-04-15 22:23:59', 'Entregado', 4249.62);
INSERT INTO [dbo].[Orden_Compra] (id_orden_compra, id_proveedor, fecha_emision, estado, costo_total) VALUES (36, 5, '2026-03-06 22:23:59', 'Pendiente', 18765.24);
INSERT INTO [dbo].[Orden_Compra] (id_orden_compra, id_proveedor, fecha_emision, estado, costo_total) VALUES (37, 2, '2026-05-22 22:23:59', 'Enviado', 9054.97);
INSERT INTO [dbo].[Orden_Compra] (id_orden_compra, id_proveedor, fecha_emision, estado, costo_total) VALUES (38, 8, '2026-04-17 22:23:59', 'Entregado', 6322.24);
INSERT INTO [dbo].[Orden_Compra] (id_orden_compra, id_proveedor, fecha_emision, estado, costo_total) VALUES (39, 8, '2026-05-31 22:23:59', 'Pendiente', 6109.62);
INSERT INTO [dbo].[Orden_Compra] (id_orden_compra, id_proveedor, fecha_emision, estado, costo_total) VALUES (40, 7, '2026-01-24 22:23:59', 'Entregado', 7140.05);
INSERT INTO [dbo].[Orden_Compra] (id_orden_compra, id_proveedor, fecha_emision, estado, costo_total) VALUES (41, 9, '2026-04-01 22:23:59', 'Entregado', 1557.47);
INSERT INTO [dbo].[Orden_Compra] (id_orden_compra, id_proveedor, fecha_emision, estado, costo_total) VALUES (42, 7, '2026-03-06 22:23:59', 'Enviado', 1974.3);
INSERT INTO [dbo].[Orden_Compra] (id_orden_compra, id_proveedor, fecha_emision, estado, costo_total) VALUES (43, 8, '2026-03-09 22:23:59', 'Pendiente', 3943.7);
INSERT INTO [dbo].[Orden_Compra] (id_orden_compra, id_proveedor, fecha_emision, estado, costo_total) VALUES (44, 9, '2026-06-13 22:23:59', 'Enviado', 8358.12);
INSERT INTO [dbo].[Orden_Compra] (id_orden_compra, id_proveedor, fecha_emision, estado, costo_total) VALUES (45, 10, '2026-06-21 22:23:59', 'Entregado', 7471.3);
INSERT INTO [dbo].[Orden_Compra] (id_orden_compra, id_proveedor, fecha_emision, estado, costo_total) VALUES (46, 5, '2026-05-29 22:23:59', 'Enviado', 3038.61);
INSERT INTO [dbo].[Orden_Compra] (id_orden_compra, id_proveedor, fecha_emision, estado, costo_total) VALUES (47, 10, '2026-06-22 22:23:59', 'Enviado', 5798.83);
INSERT INTO [dbo].[Orden_Compra] (id_orden_compra, id_proveedor, fecha_emision, estado, costo_total) VALUES (48, 4, '2026-02-20 22:23:59', 'Entregado', 3324.97);
INSERT INTO [dbo].[Orden_Compra] (id_orden_compra, id_proveedor, fecha_emision, estado, costo_total) VALUES (49, 10, '2026-03-17 22:23:59', 'Pendiente', 2452.2);
INSERT INTO [dbo].[Orden_Compra] (id_orden_compra, id_proveedor, fecha_emision, estado, costo_total) VALUES (50, 10, '2026-02-12 22:23:59', 'Enviado', 12615.5);
SET IDENTITY_INSERT [dbo].[Orden_Compra] OFF;
GO

SET IDENTITY_INSERT [dbo].[Detalle_Compra] ON;
INSERT INTO [dbo].[Detalle_Compra] (id_detalle_compra, id_orden_compra, id_variante, cantidad, costo_unitario) VALUES (1, 1, 181, 31, 32.56);
INSERT INTO [dbo].[Detalle_Compra] (id_detalle_compra, id_orden_compra, id_variante, cantidad, costo_unitario) VALUES (2, 1, 163, 28, 20.51);
INSERT INTO [dbo].[Detalle_Compra] (id_detalle_compra, id_orden_compra, id_variante, cantidad, costo_unitario) VALUES (3, 1, 1, 27, 23.82);
INSERT INTO [dbo].[Detalle_Compra] (id_detalle_compra, id_orden_compra, id_variante, cantidad, costo_unitario) VALUES (4, 1, 221, 49, 39.82);
INSERT INTO [dbo].[Detalle_Compra] (id_detalle_compra, id_orden_compra, id_variante, cantidad, costo_unitario) VALUES (5, 1, 161, 23, 20.59);
INSERT INTO [dbo].[Detalle_Compra] (id_detalle_compra, id_orden_compra, id_variante, cantidad, costo_unitario) VALUES (6, 2, 132, 13, 20.04);
INSERT INTO [dbo].[Detalle_Compra] (id_detalle_compra, id_orden_compra, id_variante, cantidad, costo_unitario) VALUES (7, 2, 233, 33, 11.25);
INSERT INTO [dbo].[Detalle_Compra] (id_detalle_compra, id_orden_compra, id_variante, cantidad, costo_unitario) VALUES (8, 3, 94, 45, 33.46);
INSERT INTO [dbo].[Detalle_Compra] (id_detalle_compra, id_orden_compra, id_variante, cantidad, costo_unitario) VALUES (9, 3, 45, 23, 43.97);
INSERT INTO [dbo].[Detalle_Compra] (id_detalle_compra, id_orden_compra, id_variante, cantidad, costo_unitario) VALUES (10, 3, 166, 31, 22.7);
INSERT INTO [dbo].[Detalle_Compra] (id_detalle_compra, id_orden_compra, id_variante, cantidad, costo_unitario) VALUES (11, 3, 144, 17, 55.91);
INSERT INTO [dbo].[Detalle_Compra] (id_detalle_compra, id_orden_compra, id_variante, cantidad, costo_unitario) VALUES (12, 4, 193, 32, 43.41);
INSERT INTO [dbo].[Detalle_Compra] (id_detalle_compra, id_orden_compra, id_variante, cantidad, costo_unitario) VALUES (13, 4, 191, 42, 19.28);
INSERT INTO [dbo].[Detalle_Compra] (id_detalle_compra, id_orden_compra, id_variante, cantidad, costo_unitario) VALUES (14, 4, 195, 27, 28.7);
INSERT INTO [dbo].[Detalle_Compra] (id_detalle_compra, id_orden_compra, id_variante, cantidad, costo_unitario) VALUES (15, 5, 116, 40, 53.3);
INSERT INTO [dbo].[Detalle_Compra] (id_detalle_compra, id_orden_compra, id_variante, cantidad, costo_unitario) VALUES (16, 5, 125, 44, 40.45);
INSERT INTO [dbo].[Detalle_Compra] (id_detalle_compra, id_orden_compra, id_variante, cantidad, costo_unitario) VALUES (17, 5, 129, 38, 237.17);
INSERT INTO [dbo].[Detalle_Compra] (id_detalle_compra, id_orden_compra, id_variante, cantidad, costo_unitario) VALUES (18, 5, 135, 14, 9.87);
INSERT INTO [dbo].[Detalle_Compra] (id_detalle_compra, id_orden_compra, id_variante, cantidad, costo_unitario) VALUES (19, 6, 101, 14, 13.54);
INSERT INTO [dbo].[Detalle_Compra] (id_detalle_compra, id_orden_compra, id_variante, cantidad, costo_unitario) VALUES (20, 6, 230, 27, 11.35);
INSERT INTO [dbo].[Detalle_Compra] (id_detalle_compra, id_orden_compra, id_variante, cantidad, costo_unitario) VALUES (21, 7, 224, 11, 55.79);
INSERT INTO [dbo].[Detalle_Compra] (id_detalle_compra, id_orden_compra, id_variante, cantidad, costo_unitario) VALUES (22, 7, 53, 44, 48.28);
INSERT INTO [dbo].[Detalle_Compra] (id_detalle_compra, id_orden_compra, id_variante, cantidad, costo_unitario) VALUES (23, 7, 134, 40, 10.86);
INSERT INTO [dbo].[Detalle_Compra] (id_detalle_compra, id_orden_compra, id_variante, cantidad, costo_unitario) VALUES (24, 8, 75, 24, 58.65);
INSERT INTO [dbo].[Detalle_Compra] (id_detalle_compra, id_orden_compra, id_variante, cantidad, costo_unitario) VALUES (25, 8, 49, 43, 191.84);
INSERT INTO [dbo].[Detalle_Compra] (id_detalle_compra, id_orden_compra, id_variante, cantidad, costo_unitario) VALUES (26, 9, 168, 43, 10.44);
INSERT INTO [dbo].[Detalle_Compra] (id_detalle_compra, id_orden_compra, id_variante, cantidad, costo_unitario) VALUES (27, 9, 166, 38, 28.75);
INSERT INTO [dbo].[Detalle_Compra] (id_detalle_compra, id_orden_compra, id_variante, cantidad, costo_unitario) VALUES (28, 9, 202, 46, 58.18);
INSERT INTO [dbo].[Detalle_Compra] (id_detalle_compra, id_orden_compra, id_variante, cantidad, costo_unitario) VALUES (29, 9, 84, 29, 40.41);
INSERT INTO [dbo].[Detalle_Compra] (id_detalle_compra, id_orden_compra, id_variante, cantidad, costo_unitario) VALUES (30, 10, 96, 28, 11.31);
INSERT INTO [dbo].[Detalle_Compra] (id_detalle_compra, id_orden_compra, id_variante, cantidad, costo_unitario) VALUES (31, 10, 74, 20, 67.64);
INSERT INTO [dbo].[Detalle_Compra] (id_detalle_compra, id_orden_compra, id_variante, cantidad, costo_unitario) VALUES (32, 10, 198, 20, 39.81);
INSERT INTO [dbo].[Detalle_Compra] (id_detalle_compra, id_orden_compra, id_variante, cantidad, costo_unitario) VALUES (33, 10, 217, 28, 73.71);
INSERT INTO [dbo].[Detalle_Compra] (id_detalle_compra, id_orden_compra, id_variante, cantidad, costo_unitario) VALUES (34, 10, 13, 21, 13.8);
INSERT INTO [dbo].[Detalle_Compra] (id_detalle_compra, id_orden_compra, id_variante, cantidad, costo_unitario) VALUES (35, 11, 11, 38, 54.3);
INSERT INTO [dbo].[Detalle_Compra] (id_detalle_compra, id_orden_compra, id_variante, cantidad, costo_unitario) VALUES (36, 11, 82, 21, 42.38);
INSERT INTO [dbo].[Detalle_Compra] (id_detalle_compra, id_orden_compra, id_variante, cantidad, costo_unitario) VALUES (37, 12, 171, 19, 81.05);
INSERT INTO [dbo].[Detalle_Compra] (id_detalle_compra, id_orden_compra, id_variante, cantidad, costo_unitario) VALUES (38, 12, 82, 44, 44.11);
INSERT INTO [dbo].[Detalle_Compra] (id_detalle_compra, id_orden_compra, id_variante, cantidad, costo_unitario) VALUES (39, 13, 7, 19, 40.52);
INSERT INTO [dbo].[Detalle_Compra] (id_detalle_compra, id_orden_compra, id_variante, cantidad, costo_unitario) VALUES (40, 13, 104, 30, 22.27);
INSERT INTO [dbo].[Detalle_Compra] (id_detalle_compra, id_orden_compra, id_variante, cantidad, costo_unitario) VALUES (41, 14, 166, 46, 29.21);
INSERT INTO [dbo].[Detalle_Compra] (id_detalle_compra, id_orden_compra, id_variante, cantidad, costo_unitario) VALUES (42, 14, 181, 46, 40.11);
INSERT INTO [dbo].[Detalle_Compra] (id_detalle_compra, id_orden_compra, id_variante, cantidad, costo_unitario) VALUES (43, 14, 76, 38, 75.07);
INSERT INTO [dbo].[Detalle_Compra] (id_detalle_compra, id_orden_compra, id_variante, cantidad, costo_unitario) VALUES (44, 14, 122, 17, 22.74);
INSERT INTO [dbo].[Detalle_Compra] (id_detalle_compra, id_orden_compra, id_variante, cantidad, costo_unitario) VALUES (45, 15, 79, 24, 33.01);
INSERT INTO [dbo].[Detalle_Compra] (id_detalle_compra, id_orden_compra, id_variante, cantidad, costo_unitario) VALUES (46, 15, 7, 15, 34.79);
INSERT INTO [dbo].[Detalle_Compra] (id_detalle_compra, id_orden_compra, id_variante, cantidad, costo_unitario) VALUES (47, 16, 150, 27, 10.51);
INSERT INTO [dbo].[Detalle_Compra] (id_detalle_compra, id_orden_compra, id_variante, cantidad, costo_unitario) VALUES (48, 16, 135, 15, 8.53);
INSERT INTO [dbo].[Detalle_Compra] (id_detalle_compra, id_orden_compra, id_variante, cantidad, costo_unitario) VALUES (49, 16, 57, 38, 50.72);
INSERT INTO [dbo].[Detalle_Compra] (id_detalle_compra, id_orden_compra, id_variante, cantidad, costo_unitario) VALUES (50, 17, 126, 13, 39.13);
INSERT INTO [dbo].[Detalle_Compra] (id_detalle_compra, id_orden_compra, id_variante, cantidad, costo_unitario) VALUES (51, 17, 82, 33, 52.33);
INSERT INTO [dbo].[Detalle_Compra] (id_detalle_compra, id_orden_compra, id_variante, cantidad, costo_unitario) VALUES (52, 17, 155, 37, 11.24);
INSERT INTO [dbo].[Detalle_Compra] (id_detalle_compra, id_orden_compra, id_variante, cantidad, costo_unitario) VALUES (53, 18, 73, 38, 57.41);
INSERT INTO [dbo].[Detalle_Compra] (id_detalle_compra, id_orden_compra, id_variante, cantidad, costo_unitario) VALUES (54, 18, 89, 15, 48.09);
INSERT INTO [dbo].[Detalle_Compra] (id_detalle_compra, id_orden_compra, id_variante, cantidad, costo_unitario) VALUES (55, 19, 206, 37, 37.78);
INSERT INTO [dbo].[Detalle_Compra] (id_detalle_compra, id_orden_compra, id_variante, cantidad, costo_unitario) VALUES (56, 19, 114, 36, 110.5);
INSERT INTO [dbo].[Detalle_Compra] (id_detalle_compra, id_orden_compra, id_variante, cantidad, costo_unitario) VALUES (57, 19, 74, 47, 60.4);
INSERT INTO [dbo].[Detalle_Compra] (id_detalle_compra, id_orden_compra, id_variante, cantidad, costo_unitario) VALUES (58, 19, 42, 19, 18.38);
INSERT INTO [dbo].[Detalle_Compra] (id_detalle_compra, id_orden_compra, id_variante, cantidad, costo_unitario) VALUES (59, 19, 207, 40, 36.24);
INSERT INTO [dbo].[Detalle_Compra] (id_detalle_compra, id_orden_compra, id_variante, cantidad, costo_unitario) VALUES (60, 20, 23, 45, 11.55);
INSERT INTO [dbo].[Detalle_Compra] (id_detalle_compra, id_orden_compra, id_variante, cantidad, costo_unitario) VALUES (61, 20, 2, 46, 14.3);
INSERT INTO [dbo].[Detalle_Compra] (id_detalle_compra, id_orden_compra, id_variante, cantidad, costo_unitario) VALUES (62, 20, 105, 18, 115.17);
INSERT INTO [dbo].[Detalle_Compra] (id_detalle_compra, id_orden_compra, id_variante, cantidad, costo_unitario) VALUES (63, 20, 164, 34, 23.22);
INSERT INTO [dbo].[Detalle_Compra] (id_detalle_compra, id_orden_compra, id_variante, cantidad, costo_unitario) VALUES (64, 20, 70, 41, 68.21);
INSERT INTO [dbo].[Detalle_Compra] (id_detalle_compra, id_orden_compra, id_variante, cantidad, costo_unitario) VALUES (65, 21, 127, 10, 190.08);
INSERT INTO [dbo].[Detalle_Compra] (id_detalle_compra, id_orden_compra, id_variante, cantidad, costo_unitario) VALUES (66, 21, 144, 29, 54.18);
INSERT INTO [dbo].[Detalle_Compra] (id_detalle_compra, id_orden_compra, id_variante, cantidad, costo_unitario) VALUES (67, 21, 190, 50, 172.85);
INSERT INTO [dbo].[Detalle_Compra] (id_detalle_compra, id_orden_compra, id_variante, cantidad, costo_unitario) VALUES (68, 21, 119, 28, 28.67);
INSERT INTO [dbo].[Detalle_Compra] (id_detalle_compra, id_orden_compra, id_variante, cantidad, costo_unitario) VALUES (69, 22, 8, 14, 32.8);
INSERT INTO [dbo].[Detalle_Compra] (id_detalle_compra, id_orden_compra, id_variante, cantidad, costo_unitario) VALUES (70, 22, 31, 33, 73.69);
INSERT INTO [dbo].[Detalle_Compra] (id_detalle_compra, id_orden_compra, id_variante, cantidad, costo_unitario) VALUES (71, 22, 196, 46, 27.81);
INSERT INTO [dbo].[Detalle_Compra] (id_detalle_compra, id_orden_compra, id_variante, cantidad, costo_unitario) VALUES (72, 23, 178, 11, 76.52);
INSERT INTO [dbo].[Detalle_Compra] (id_detalle_compra, id_orden_compra, id_variante, cantidad, costo_unitario) VALUES (73, 23, 210, 20, 72.75);
INSERT INTO [dbo].[Detalle_Compra] (id_detalle_compra, id_orden_compra, id_variante, cantidad, costo_unitario) VALUES (74, 23, 31, 19, 73.28);
INSERT INTO [dbo].[Detalle_Compra] (id_detalle_compra, id_orden_compra, id_variante, cantidad, costo_unitario) VALUES (75, 23, 96, 18, 12.05);
INSERT INTO [dbo].[Detalle_Compra] (id_detalle_compra, id_orden_compra, id_variante, cantidad, costo_unitario) VALUES (76, 23, 132, 13, 18.04);
INSERT INTO [dbo].[Detalle_Compra] (id_detalle_compra, id_orden_compra, id_variante, cantidad, costo_unitario) VALUES (77, 24, 13, 42, 17.68);
INSERT INTO [dbo].[Detalle_Compra] (id_detalle_compra, id_orden_compra, id_variante, cantidad, costo_unitario) VALUES (78, 24, 75, 50, 61.65);
INSERT INTO [dbo].[Detalle_Compra] (id_detalle_compra, id_orden_compra, id_variante, cantidad, costo_unitario) VALUES (79, 24, 136, 16, 14.55);
INSERT INTO [dbo].[Detalle_Compra] (id_detalle_compra, id_orden_compra, id_variante, cantidad, costo_unitario) VALUES (80, 24, 164, 20, 26.66);
INSERT INTO [dbo].[Detalle_Compra] (id_detalle_compra, id_orden_compra, id_variante, cantidad, costo_unitario) VALUES (81, 25, 70, 44, 69.99);
INSERT INTO [dbo].[Detalle_Compra] (id_detalle_compra, id_orden_compra, id_variante, cantidad, costo_unitario) VALUES (82, 25, 176, 19, 47.83);
INSERT INTO [dbo].[Detalle_Compra] (id_detalle_compra, id_orden_compra, id_variante, cantidad, costo_unitario) VALUES (83, 25, 179, 43, 59.48);
INSERT INTO [dbo].[Detalle_Compra] (id_detalle_compra, id_orden_compra, id_variante, cantidad, costo_unitario) VALUES (84, 25, 177, 41, 65.83);
INSERT INTO [dbo].[Detalle_Compra] (id_detalle_compra, id_orden_compra, id_variante, cantidad, costo_unitario) VALUES (85, 26, 56, 22, 50.14);
INSERT INTO [dbo].[Detalle_Compra] (id_detalle_compra, id_orden_compra, id_variante, cantidad, costo_unitario) VALUES (86, 26, 40, 45, 55.24);
INSERT INTO [dbo].[Detalle_Compra] (id_detalle_compra, id_orden_compra, id_variante, cantidad, costo_unitario) VALUES (87, 27, 107, 17, 31.53);
INSERT INTO [dbo].[Detalle_Compra] (id_detalle_compra, id_orden_compra, id_variante, cantidad, costo_unitario) VALUES (88, 27, 118, 11, 53.13);
INSERT INTO [dbo].[Detalle_Compra] (id_detalle_compra, id_orden_compra, id_variante, cantidad, costo_unitario) VALUES (89, 28, 36, 43, 90.9);
INSERT INTO [dbo].[Detalle_Compra] (id_detalle_compra, id_orden_compra, id_variante, cantidad, costo_unitario) VALUES (90, 28, 210, 31, 70.97);
INSERT INTO [dbo].[Detalle_Compra] (id_detalle_compra, id_orden_compra, id_variante, cantidad, costo_unitario) VALUES (91, 28, 114, 29, 91.46);
INSERT INTO [dbo].[Detalle_Compra] (id_detalle_compra, id_orden_compra, id_variante, cantidad, costo_unitario) VALUES (92, 28, 228, 17, 15.6);
INSERT INTO [dbo].[Detalle_Compra] (id_detalle_compra, id_orden_compra, id_variante, cantidad, costo_unitario) VALUES (93, 29, 177, 18, 62.14);
INSERT INTO [dbo].[Detalle_Compra] (id_detalle_compra, id_orden_compra, id_variante, cantidad, costo_unitario) VALUES (94, 29, 59, 37, 81.49);
INSERT INTO [dbo].[Detalle_Compra] (id_detalle_compra, id_orden_compra, id_variante, cantidad, costo_unitario) VALUES (95, 29, 79, 17, 36.31);
INSERT INTO [dbo].[Detalle_Compra] (id_detalle_compra, id_orden_compra, id_variante, cantidad, costo_unitario) VALUES (96, 30, 11, 47, 55.8);
INSERT INTO [dbo].[Detalle_Compra] (id_detalle_compra, id_orden_compra, id_variante, cantidad, costo_unitario) VALUES (97, 30, 51, 17, 39.7);
INSERT INTO [dbo].[Detalle_Compra] (id_detalle_compra, id_orden_compra, id_variante, cantidad, costo_unitario) VALUES (98, 30, 28, 12, 35.65);
INSERT INTO [dbo].[Detalle_Compra] (id_detalle_compra, id_orden_compra, id_variante, cantidad, costo_unitario) VALUES (99, 30, 9, 10, 30.31);
INSERT INTO [dbo].[Detalle_Compra] (id_detalle_compra, id_orden_compra, id_variante, cantidad, costo_unitario) VALUES (100, 30, 204, 17, 38.09);
INSERT INTO [dbo].[Detalle_Compra] (id_detalle_compra, id_orden_compra, id_variante, cantidad, costo_unitario) VALUES (101, 31, 48, 19, 145.49);
INSERT INTO [dbo].[Detalle_Compra] (id_detalle_compra, id_orden_compra, id_variante, cantidad, costo_unitario) VALUES (102, 31, 172, 27, 57.78);
INSERT INTO [dbo].[Detalle_Compra] (id_detalle_compra, id_orden_compra, id_variante, cantidad, costo_unitario) VALUES (103, 31, 90, 32, 49.4);
INSERT INTO [dbo].[Detalle_Compra] (id_detalle_compra, id_orden_compra, id_variante, cantidad, costo_unitario) VALUES (104, 32, 130, 47, 46.65);
INSERT INTO [dbo].[Detalle_Compra] (id_detalle_compra, id_orden_compra, id_variante, cantidad, costo_unitario) VALUES (105, 32, 146, 43, 66.62);
INSERT INTO [dbo].[Detalle_Compra] (id_detalle_compra, id_orden_compra, id_variante, cantidad, costo_unitario) VALUES (106, 32, 18, 22, 185.8);
INSERT INTO [dbo].[Detalle_Compra] (id_detalle_compra, id_orden_compra, id_variante, cantidad, costo_unitario) VALUES (107, 33, 186, 42, 170.54);
INSERT INTO [dbo].[Detalle_Compra] (id_detalle_compra, id_orden_compra, id_variante, cantidad, costo_unitario) VALUES (108, 33, 26, 40, 36.8);
INSERT INTO [dbo].[Detalle_Compra] (id_detalle_compra, id_orden_compra, id_variante, cantidad, costo_unitario) VALUES (109, 34, 173, 37, 60.12);
INSERT INTO [dbo].[Detalle_Compra] (id_detalle_compra, id_orden_compra, id_variante, cantidad, costo_unitario) VALUES (110, 34, 28, 24, 28.39);
INSERT INTO [dbo].[Detalle_Compra] (id_detalle_compra, id_orden_compra, id_variante, cantidad, costo_unitario) VALUES (111, 34, 47, 30, 167.26);
INSERT INTO [dbo].[Detalle_Compra] (id_detalle_compra, id_orden_compra, id_variante, cantidad, costo_unitario) VALUES (112, 34, 214, 17, 52.03);
INSERT INTO [dbo].[Detalle_Compra] (id_detalle_compra, id_orden_compra, id_variante, cantidad, costo_unitario) VALUES (113, 34, 91, 41, 43.25);
INSERT INTO [dbo].[Detalle_Compra] (id_detalle_compra, id_orden_compra, id_variante, cantidad, costo_unitario) VALUES (114, 35, 22, 34, 64.65);
INSERT INTO [dbo].[Detalle_Compra] (id_detalle_compra, id_orden_compra, id_variante, cantidad, costo_unitario) VALUES (115, 35, 84, 48, 42.74);
INSERT INTO [dbo].[Detalle_Compra] (id_detalle_compra, id_orden_compra, id_variante, cantidad, costo_unitario) VALUES (116, 36, 75, 40, 58.8);
INSERT INTO [dbo].[Detalle_Compra] (id_detalle_compra, id_orden_compra, id_variante, cantidad, costo_unitario) VALUES (117, 36, 219, 33, 70.3);
INSERT INTO [dbo].[Detalle_Compra] (id_detalle_compra, id_orden_compra, id_variante, cantidad, costo_unitario) VALUES (118, 36, 110, 41, 174.59);
INSERT INTO [dbo].[Detalle_Compra] (id_detalle_compra, id_orden_compra, id_variante, cantidad, costo_unitario) VALUES (119, 36, 49, 35, 182.47);
INSERT INTO [dbo].[Detalle_Compra] (id_detalle_compra, id_orden_compra, id_variante, cantidad, costo_unitario) VALUES (120, 36, 220, 15, 36.58);
INSERT INTO [dbo].[Detalle_Compra] (id_detalle_compra, id_orden_compra, id_variante, cantidad, costo_unitario) VALUES (121, 37, 178, 14, 82.31);
INSERT INTO [dbo].[Detalle_Compra] (id_detalle_compra, id_orden_compra, id_variante, cantidad, costo_unitario) VALUES (122, 37, 152, 22, 9.18);
INSERT INTO [dbo].[Detalle_Compra] (id_detalle_compra, id_orden_compra, id_variante, cantidad, costo_unitario) VALUES (123, 37, 27, 48, 29.69);
INSERT INTO [dbo].[Detalle_Compra] (id_detalle_compra, id_orden_compra, id_variante, cantidad, costo_unitario) VALUES (124, 37, 190, 35, 167.25);
INSERT INTO [dbo].[Detalle_Compra] (id_detalle_compra, id_orden_compra, id_variante, cantidad, costo_unitario) VALUES (125, 37, 229, 37, 11.4);
INSERT INTO [dbo].[Detalle_Compra] (id_detalle_compra, id_orden_compra, id_variante, cantidad, costo_unitario) VALUES (126, 38, 194, 32, 54.84);
INSERT INTO [dbo].[Detalle_Compra] (id_detalle_compra, id_orden_compra, id_variante, cantidad, costo_unitario) VALUES (127, 38, 203, 48, 50.41);
INSERT INTO [dbo].[Detalle_Compra] (id_detalle_compra, id_orden_compra, id_variante, cantidad, costo_unitario) VALUES (128, 38, 206, 41, 40.38);
INSERT INTO [dbo].[Detalle_Compra] (id_detalle_compra, id_orden_compra, id_variante, cantidad, costo_unitario) VALUES (129, 38, 165, 19, 25.9);
INSERT INTO [dbo].[Detalle_Compra] (id_detalle_compra, id_orden_compra, id_variante, cantidad, costo_unitario) VALUES (130, 39, 126, 11, 43.38);
INSERT INTO [dbo].[Detalle_Compra] (id_detalle_compra, id_orden_compra, id_variante, cantidad, costo_unitario) VALUES (131, 39, 128, 13, 181.36);
INSERT INTO [dbo].[Detalle_Compra] (id_detalle_compra, id_orden_compra, id_variante, cantidad, costo_unitario) VALUES (132, 39, 60, 41, 68.86);
INSERT INTO [dbo].[Detalle_Compra] (id_detalle_compra, id_orden_compra, id_variante, cantidad, costo_unitario) VALUES (133, 39, 161, 21, 21.5);
INSERT INTO [dbo].[Detalle_Compra] (id_detalle_compra, id_orden_compra, id_variante, cantidad, costo_unitario) VALUES (134, 40, 40, 43, 54.65);
INSERT INTO [dbo].[Detalle_Compra] (id_detalle_compra, id_orden_compra, id_variante, cantidad, costo_unitario) VALUES (135, 40, 78, 39, 37.18);
INSERT INTO [dbo].[Detalle_Compra] (id_detalle_compra, id_orden_compra, id_variante, cantidad, costo_unitario) VALUES (136, 40, 160, 41, 60.64);
INSERT INTO [dbo].[Detalle_Compra] (id_detalle_compra, id_orden_compra, id_variante, cantidad, costo_unitario) VALUES (137, 40, 25, 26, 32.84);
INSERT INTO [dbo].[Detalle_Compra] (id_detalle_compra, id_orden_compra, id_variante, cantidad, costo_unitario) VALUES (138, 41, 196, 17, 31.51);
INSERT INTO [dbo].[Detalle_Compra] (id_detalle_compra, id_orden_compra, id_variante, cantidad, costo_unitario) VALUES (139, 41, 9, 30, 34.06);
INSERT INTO [dbo].[Detalle_Compra] (id_detalle_compra, id_orden_compra, id_variante, cantidad, costo_unitario) VALUES (140, 42, 9, 29, 36.1);
INSERT INTO [dbo].[Detalle_Compra] (id_detalle_compra, id_orden_compra, id_variante, cantidad, costo_unitario) VALUES (141, 42, 46, 20, 46.37);
INSERT INTO [dbo].[Detalle_Compra] (id_detalle_compra, id_orden_compra, id_variante, cantidad, costo_unitario) VALUES (142, 43, 184, 41, 27.78);
INSERT INTO [dbo].[Detalle_Compra] (id_detalle_compra, id_orden_compra, id_variante, cantidad, costo_unitario) VALUES (143, 43, 100, 44, 15.98);
INSERT INTO [dbo].[Detalle_Compra] (id_detalle_compra, id_orden_compra, id_variante, cantidad, costo_unitario) VALUES (144, 43, 125, 40, 38.72);
INSERT INTO [dbo].[Detalle_Compra] (id_detalle_compra, id_orden_compra, id_variante, cantidad, costo_unitario) VALUES (145, 43, 196, 20, 27.64);
INSERT INTO [dbo].[Detalle_Compra] (id_detalle_compra, id_orden_compra, id_variante, cantidad, costo_unitario) VALUES (146, 44, 127, 28, 221.61);
INSERT INTO [dbo].[Detalle_Compra] (id_detalle_compra, id_orden_compra, id_variante, cantidad, costo_unitario) VALUES (147, 44, 152, 11, 9.04);
INSERT INTO [dbo].[Detalle_Compra] (id_detalle_compra, id_orden_compra, id_variante, cantidad, costo_unitario) VALUES (148, 44, 97, 18, 13.2);
INSERT INTO [dbo].[Detalle_Compra] (id_detalle_compra, id_orden_compra, id_variante, cantidad, costo_unitario) VALUES (149, 44, 158, 32, 56.75);
INSERT INTO [dbo].[Detalle_Compra] (id_detalle_compra, id_orden_compra, id_variante, cantidad, costo_unitario) VALUES (150, 45, 98, 36, 24.42);
INSERT INTO [dbo].[Detalle_Compra] (id_detalle_compra, id_orden_compra, id_variante, cantidad, costo_unitario) VALUES (151, 45, 25, 25, 31.31);
INSERT INTO [dbo].[Detalle_Compra] (id_detalle_compra, id_orden_compra, id_variante, cantidad, costo_unitario) VALUES (152, 45, 110, 29, 179.05);
INSERT INTO [dbo].[Detalle_Compra] (id_detalle_compra, id_orden_compra, id_variante, cantidad, costo_unitario) VALUES (153, 45, 89, 14, 44.07);
INSERT INTO [dbo].[Detalle_Compra] (id_detalle_compra, id_orden_compra, id_variante, cantidad, costo_unitario) VALUES (154, 46, 6, 37, 20.01);
INSERT INTO [dbo].[Detalle_Compra] (id_detalle_compra, id_orden_compra, id_variante, cantidad, costo_unitario) VALUES (155, 46, 138, 36, 16.64);
INSERT INTO [dbo].[Detalle_Compra] (id_detalle_compra, id_orden_compra, id_variante, cantidad, costo_unitario) VALUES (156, 46, 84, 40, 42.48);
INSERT INTO [dbo].[Detalle_Compra] (id_detalle_compra, id_orden_compra, id_variante, cantidad, costo_unitario) VALUES (157, 47, 147, 23, 58.85);
INSERT INTO [dbo].[Detalle_Compra] (id_detalle_compra, id_orden_compra, id_variante, cantidad, costo_unitario) VALUES (158, 47, 100, 42, 14.34);
INSERT INTO [dbo].[Detalle_Compra] (id_detalle_compra, id_orden_compra, id_variante, cantidad, costo_unitario) VALUES (159, 47, 83, 31, 50.84);
INSERT INTO [dbo].[Detalle_Compra] (id_detalle_compra, id_orden_compra, id_variante, cantidad, costo_unitario) VALUES (160, 47, 26, 29, 29.28);
INSERT INTO [dbo].[Detalle_Compra] (id_detalle_compra, id_orden_compra, id_variante, cantidad, costo_unitario) VALUES (161, 47, 207, 37, 38.32);
INSERT INTO [dbo].[Detalle_Compra] (id_detalle_compra, id_orden_compra, id_variante, cantidad, costo_unitario) VALUES (162, 48, 216, 28, 60.2);
INSERT INTO [dbo].[Detalle_Compra] (id_detalle_compra, id_orden_compra, id_variante, cantidad, costo_unitario) VALUES (163, 48, 218, 29, 56.53);
INSERT INTO [dbo].[Detalle_Compra] (id_detalle_compra, id_orden_compra, id_variante, cantidad, costo_unitario) VALUES (164, 49, 184, 47, 32.78);
INSERT INTO [dbo].[Detalle_Compra] (id_detalle_compra, id_orden_compra, id_variante, cantidad, costo_unitario) VALUES (165, 49, 217, 14, 65.11);
INSERT INTO [dbo].[Detalle_Compra] (id_detalle_compra, id_orden_compra, id_variante, cantidad, costo_unitario) VALUES (166, 50, 54, 42, 57.45);
INSERT INTO [dbo].[Detalle_Compra] (id_detalle_compra, id_orden_compra, id_variante, cantidad, costo_unitario) VALUES (167, 50, 89, 37, 47.09);
INSERT INTO [dbo].[Detalle_Compra] (id_detalle_compra, id_orden_compra, id_variante, cantidad, costo_unitario) VALUES (168, 50, 204, 30, 37.03);
INSERT INTO [dbo].[Detalle_Compra] (id_detalle_compra, id_orden_compra, id_variante, cantidad, costo_unitario) VALUES (169, 50, 20, 35, 184.65);
INSERT INTO [dbo].[Detalle_Compra] (id_detalle_compra, id_orden_compra, id_variante, cantidad, costo_unitario) VALUES (170, 50, 167, 42, 21.11);
SET IDENTITY_INSERT [dbo].[Detalle_Compra] OFF;
GO

PRINT '¡Todos los datos de prueba han sido insertados exitosamente!';
GO